line,air_key,class_token,internal_class,flags,class_source,class_source_kind,class_sha256,java_major,super_class,spawn_declared_here,flight_models,flight_model_property_class,flight_model_verification,cockpit_classes,cockpit_property_class,missing_cockpit_classes,player_classification,mesh_names,status,findings
3,P-39D1,air.P_39D1,com/maddox/il2/objects/air/P_39D1,,C:\Users\Alexis\DATA\Projets\GITHUB\IL2-1946-Open-Sturmovik\WIP\labs\IL 2 Sturmovik 1946 Selector Dump\dump\com\maddox\il2\objects\air\P_39D1.class,selector-dump,AD18967F3C136D239DCADF91181A2CA95C2766A9C9E9EED9041B2409F74FB010,47,com/maddox/il2/objects/air/P_39,True,FlightModels/P-400.fmd,com/maddox/il2/objects/air/P_39D1,reference-only-buttons-not-extracted,com/maddox/il2/objects/air/CockpitP_39N1,com/maddox/il2/objects/air/P_39D1,,player-capable-static,3DO/Plane/P-39D-1(Multi1)/hier.him | 3DO/Plane/P-39D-1(USA)/hier.him,REVIEW,flight-model reference found; internal Buttons entry not yet verified
4,P-39D2,air.P_39D2,com/maddox/il2/objects/air/P_39D2,,C:\Users\Alexis\DATA\Projets\GITHUB\IL2-1946-Open-Sturmovik\WIP\labs\IL 2 Sturmovik 1946 Selector Dump\dump\com\maddox\il2\objects\air\P_39D2.class,selector-dump,56FC4EB6BCBC39E8B574A891DC64EA3BE8D3C9B1B87EDD33D5F3D73F9422068B,47,com/maddox/il2/objects/air/P_39,True,FlightModels/P-39D.fmd,com/maddox/il2/objects/air/P_39D2,reference-only-buttons-not-extracted,com/maddox/il2/objects/air/CockpitP_39N1,com/maddox/il2/objects/air/P_39D2,,player-capable-static,3DO/Plane/P-39D-2(Multi1)/hier.him | 3DO/Plane/P-39D-2(USA)/hier.him,REVIEW,flight-model reference found; internal Buttons entry not yet verified
5,P-39N1,air.P_39N,com/maddox/il2/objects/air/P_39N,,C:\Users\Alexis\DATA\Projets\GITHUB\IL2-1946-Open-Sturmovik\WIP\labs\IL 2 Sturmovik 1946 Selector Dump\dump\com\maddox\il2\objects\air\P_39N.class,selector-dump,E178DBD32177161A032B7306DF906783B46ABBA3C56152C927AFCC6073B10329,47,com/maddox/il2/objects/air/P_39,True,FlightModels/P-39N.fmd,com/maddox/il2/objects/air/P_39N,reference-only-buttons-not-extracted,com/maddox/il2/objects/air/CockpitP_39N1,com/maddox/il2/objects/air/P_39N,,player-capable-static,3do/plane/P-39N/hier.him,REVIEW,flight-model reference found; internal Buttons entry not yet verified
6,P-39Q-1,air.P_39Q1,com/maddox/il2/objects/air/P_39Q1,,C:\Users\Alexis\DATA\Projets\GITHUB\IL2-1946-Open-Sturmovik\WIP\labs\IL 2 Sturmovik 1946 Selector Dump\dump\com\maddox\il2\objects\air\P_39Q1.class,selector-dump,5B6A91DF6E53615D91ACF25E30CCE7BE363765142F90D624DF4780C6FD2D2FB4,47,com/maddox/il2/objects/air/P_39,True,FlightModels/P-39Q-1.fmd,com/maddox/il2/objects/air/P_39Q1,reference-only-buttons-not-extracted,com/maddox/il2/objects/air/CockpitP_39Q1,com/maddox/il2/objects/air/P_39Q1,,player-capable-static,3do/plane/P-39Q-1/hier.him,REVIEW,flight-model reference found; internal Buttons entry not yet verified
7,P-39Q-10,air.P_39Q10,com/maddox/il2/objects/air/P_39Q10,,C:\Users\Alexis\DATA\Projets\GITHUB\IL2-1946-Open-Sturmovik\WIP\labs\IL 2 Sturmovik 1946 Selector Dump\dump\com\maddox\il2\objects\air\P_39Q10.class,selector-dump,D16233591DE99E83F391799B921E162F4924815198AF05A34A82516EAEB1C0A5,47,com/maddox/il2/objects/air/P_39,True,FlightModels/P-39Q-10.fmd,com/maddox/il2/objects/air/P_39Q10,reference-only-buttons-not-extracted,com/maddox/il2/objects/air/CockpitP_39Q10,com/maddox/il2/objects/air/P_39Q10,,player-capable-static,3do/plane/P-39Q-10/hier.him,REVIEW,flight-model reference found; internal Buttons entry not yet verified
8,P-63C,air.P_63C,com/maddox/il2/objects/air/P_63C,,C:\Users\Alexis\DATA\Projets\GITHUB\IL2-1946-Open-Sturmovik\WIP\labs\IL 2 Sturmovik 1946 Selector Dump\dump\com\maddox\il2\objects\air\P_63C.class,selector-dump,55F37875F470CD6508085CEA6AE4E8DE208A765D1862D08285BE976FA2303266,47,com/maddox/il2/objects/air/P_39,True,FlightModels/P-63C.fmd,com/maddox/il2/objects/air/P_63C,reference-only-buttons-not-extracted,com/maddox/il2/objects/air/CockpitP_63C,com/maddox/il2/objects/air/P_63C,,player-capable-static,3DO/Plane/P-63C(Multi1)/hier.him | 3DO/Plane/P-63C(USA)/hier.him,REVIEW,flight-model reference found; internal Buttons entry not yet verified
9,MBR-2-AM-34,air.MBR_2AM34,com/maddox/il2/objects/air/MBR_2AM34,,C:\Users\Alexis\DATA\Projets\GITHUB\IL2-1946-Open-Sturmovik\Files\AF6EBEE8FE800AB0,loose,33A7C6E6AD1DFE9D1590A08BB042EE7953283E872939D0A779070B509C1666C8,47,com/maddox/il2/objects/air/Scheme1,True,FlightModels/MBR-2-AM-34.fmd,com/maddox/il2/objects/air/MBR_2AM34,reference-only-buttons-not-extracted,com/maddox/il2/objects/air/CockpitMBR_2AM34 | com/maddox/il2/objects/air/CockpitMBR_2AM34_Bombardier | com/maddox/il2/objects/air/CockpitMBR_2AM34_NGunner | com/maddox/il2/objects/air/CockpitMBR_2AM34_TGunner,com/maddox/il2/objects/air/MBR_2AM34,,player-capable-static,3DO/Plane/MBR-2-AM-34(Multi1)/hier.him | 3DO/Plane/MBR-2-AM-34/hier.him,REVIEW,flight-model reference found; internal Buttons entry not yet verified
10,BI-1,air.BI_1,com/maddox/il2/objects/air/BI_1,,C:\Users\Alexis\DATA\Projets\GITHUB\IL2-1946-Open-Sturmovik\WIP\labs\IL 2 Sturmovik 1946 Selector Dump\dump\com\maddox\il2\objects\air\BI_1.class,selector-dump,CE011EBE6D386D6BC2791F93CAA04CD1A972AD7F655A32502CF32E9A2FCCF398,47,com/maddox/il2/objects/air/Scheme1,True,FlightModels/BI-1.fmd,com/maddox/il2/objects/air/BI_1,reference-only-buttons-not-extracted,com/maddox/il2/objects/air/CockpitBI_1,com/maddox/il2/objects/air/BI_1,,player-capable-static,3DO/Plane/BI-1/hier.him,REVIEW,flight-model reference found; internal Buttons entry not yet verified
11,BI-6,air.BI_6,com/maddox/il2/objects/air/BI_6,,C:\Users\Alexis\DATA\Projets\GITHUB\IL2-1946-Open-Sturmovik\WIP\labs\IL 2 Sturmovik 1946 Selector Dump\dump\com\maddox\il2\objects\air\BI_6.class,selector-dump,A90024FDEBFDFF7C362C73A430499B2EB6FA334EA5CF490FDE119CBB9E0825A8,47,com/maddox/il2/objects/air/Scheme6,True,FlightModels/BI-6.fmd,com/maddox/il2/objects/air/BI_6,reference-only-buttons-not-extracted,com/maddox/il2/objects/air/CockpitBI_6,com/maddox/il2/objects/air/BI_6,,player-capable-static,3DO/Plane/BI-6/hier.him,REVIEW,flight-model reference found; internal Buttons entry not yet verified
12,BlenheimMkI,air.BLENHEIM1,com/maddox/il2/objects/air/BLENHEIM1,,C:\Users\Alexis\DATA\Projets\GITHUB\IL2-1946-Open-Sturmovik\Files\311C13F27D4DD844,loose,2B0A656BBFAB6553B0C8522397D642C59799FB1BBA41C04A5C7E45E17EEEE84C,47,com/maddox/il2/objects/air/BLENHEIM,True,FlightModels/Blenheim_MkI.fmd,com/maddox/il2/objects/air/BLENHEIM1,reference-only-buttons-not-extracted,com/maddox/il2/objects/air/CockpitBLENHEIM1 | com/maddox/il2/objects/air/CockpitBLENHEIM1_Bombardier | com/maddox/il2/objects/air/CockpitBLENHEIM1_TGunner,com/maddox/il2/objects/air/BLENHEIM1,,player-capable-static,3DO/Plane/BlenheimMkI(Multi1)/hier.him,REVIEW,flight-model reference found; internal Buttons entry not yet verified
13,BlenheimMkIF,air.BLENHEIM1F,com/maddox/il2/objects/air/BLENHEIM1F,NOINFO,C:\Users\Alexis\DATA\Projets\GITHUB\IL2-1946-Open-Sturmovik\Files\70502CC06A3AF4C4,loose,143459B20B1C49531B1DB4A7E02950B554E5509E9F25D07332A965A661D3D841,47,com/maddox/il2/objects/air/BLENHEIM,True,FlightModels/Blenheim_MkI.fmd,com/maddox/il2/objects/air/BLENHEIM1F,reference-only-buttons-not-extracted,com/maddox/il2/objects/air/CockpitBLENHEIM4_TGunner | com/maddox/il2/objects/air/CockpitPE2_1,com/maddox/il2/objects/air/BLENHEIM1F,,player-capable-static,3DO/Plane/BlenheimMkIF/hier.him,REVIEW,flight-model reference found; internal Buttons entry not yet verified
14,BlenheimMkIV,air.BLENHEIM4,com/maddox/il2/objects/air/BLENHEIM4,,C:\Users\Alexis\DATA\Projets\GITHUB\IL2-1946-Open-Sturmovik\Files\D8D61828CDC96140,loose,563CB1C2540AD98AAD649416F5FFFDA40D68B7241528D9E2D0F484325E9AD72D,47,com/maddox/il2/objects/air/BLENHEIM,True,FlightModels/Blenheim_MkIV.fmd,com/maddox/il2/objects/air/BLENHEIM4,reference-only-buttons-not-extracted,com/maddox/il2/objects/air/CockpitBLENHEIM4 | com/maddox/il2/objects/air/CockpitBLENHEIM4_Bombardier | com/maddox/il2/objects/air/CockpitBLENHEIM4_TGunner,com/maddox/il2/objects/air/BLENHEIM4,,player-capable-static,3DO/Plane/BlenheimMkIV(Multi1)/hier.him,REVIEW,flight-model reference found; internal Buttons entry not yet verified
15,B-17D,air.B_17D,com/maddox/il2/objects/air/B_17D,NOINFO,C:\Users\Alexis\DATA\Projets\GITHUB\IL2-1946-Open-Sturmovik\Files\65EF104EDA4567A2,loose,9BF864CD2668E5D8C27F83EBD87794177D71EB3259AD953D942D493EA88F65D9,47,com/maddox/il2/objects/air/B_17,True,FlightModels/B-17D.fmd,com/maddox/il2/objects/air/B_17D,reference-only-buttons-not-extracted,com/maddox/il2/objects/air/CockpitB17D | com/maddox/il2/objects/air/CockpitB17D_BGunner | com/maddox/il2/objects/air/CockpitB17D_Bombardier,com/maddox/il2/objects/air/B_17D,,player-capable-static,3DO/Plane/B-17D(Multi1)/hier.him | 3DO/Plane/B-17D(USA)/hier.him,REVIEW,flight-model reference found; internal Buttons entry not yet verified
16,B-17E,air.B_17E,com/maddox/il2/objects/air/B_17E,NOINFO,C:\Users\Alexis\DATA\Projets\GITHUB\IL2-1946-Open-Sturmovik\Files\9AC20BD00EA177F6,loose,E96EAA2E8ED474E3EBC058E3FBFDCBACD47CD4E58D2BD391E61FE9B20C75A899,47,com/maddox/il2/objects/air/B_17,True,FlightModels/B-17E.fmd,com/maddox/il2/objects/air/B_17E,reference-only-buttons-not-extracted,com/maddox/il2/objects/air/CockpitB17E | com/maddox/il2/objects/air/CockpitB17E_AGunner | com/maddox/il2/objects/air/CockpitB17E_BGunner | com/maddox/il2/objects/air/CockpitB17E_Bombardier | com/maddox/il2/objects/air/CockpitB17E_TGunner,com/maddox/il2/objects/air/B_17E,,player-capable-static,3DO/Plane/B-17E(Multi1)/hier.him | 3DO/Plane/B-17E(USA)/hier.him,REVIEW,flight-model reference found; internal Buttons entry not yet verified
17,B-17F,air.B_17F,com/maddox/il2/objects/air/B_17F,NOINFO,C:\Users\Alexis\DATA\Projets\GITHUB\IL2-1946-Open-Sturmovik\Files\B428F156CF51BBE4,loose,4F6CC158CD58A80458539A27FFA218F9A00D0A4CC1D85462CF22E75FAC744B21,47,com/maddox/il2/objects/air/B_17,True,FlightModels/B-17F.fmd,com/maddox/il2/objects/air/B_17F,reference-only-buttons-not-extracted,com/maddox/il2/objects/air/CockpitB17F | com/maddox/il2/objects/air/CockpitB17F_AGunner | com/maddox/il2/objects/air/CockpitB17F_BGunner | com/maddox/il2/objects/air/CockpitB17F_Bombardier | com/maddox/il2/objects/air/CockpitB17F_FGunner | com/maddox/il2/objects/air/CockpitB17F_TGunner,com/maddox/il2/objects/air/B_17F,,player-capable-static,3DO/Plane/B-17F(Multi1)/hier.him | 3DO/Plane/B-17F(USA)/hier.him,REVIEW,flight-model reference found; internal Buttons entry not yet verified
18,B-17G,air.B_17G,com/maddox/il2/objects/air/B_17G,,C:\Users\Alexis\DATA\Projets\GITHUB\IL2-1946-Open-Sturmovik\Files\CC8329188EF08F50,loose,D26FAA63C5DFDCA90FE230271CF94D052D2F520259840590AA4710FC531F5ABE,47,com/maddox/il2/objects/air/B_17,True,FlightModels/B-17G.fmd,com/maddox/il2/objects/air/B_17G,reference-only-buttons-not-extracted,com/maddox/il2/objects/air/CockpitB17G | com/maddox/il2/objects/air/CockpitB17G_AGunner | com/maddox/il2/objects/air/CockpitB17G_BGunner | com/maddox/il2/objects/air/CockpitB17G_Bombardier | com/maddox/il2/objects/air/CockpitB17G_FGunner | com/maddox/il2/objects/air/CockpitB17G_LGunner | com/maddox/il2/objects/air/CockpitB17G_RGunner | com/maddox/il2/objects/air/CockpitB17G_TGunner,com/maddox/il2/objects/air/B_17G,,player-capable-static,3DO/Plane/B-17G(Multi1)/hier.him | 3DO/Plane/B-17G(USA)/hier.him,REVIEW,flight-model reference found; internal Buttons entry not yet verified
19,P-26,air.P_26,com/maddox/il2/objects/air/P_26,NOINFO,C:\Users\Alexis\DATA\Projets\GITHUB\IL2-1946-Open-Sturmovik\Files\E7BE4F021CDB54C0,loose,71B17D7CFA3B26F7BDA6E05FBF2E7B2C8E645FCCAF5E0EE42233D40E45B46A78,47,com/maddox/il2/objects/air/P_26x,True,FlightModels/Ki-27.fmd,com/maddox/il2/objects/air/P_26,reference-only-buttons-not-extracted,com/maddox/il2/objects/air/CockpitP_26,com/maddox/il2/objects/air/P_26,,player-capable-static,3DO/Plane/P-26(Multi1)/hier.him,REVIEW,flight-model reference found; internal Buttons entry not yet verified
20,B-29,air.B_29,com/maddox/il2/objects/air/B_29,NOINFO,C:\Users\Alexis\DATA\Projets\GITHUB\IL2-1946-Open-Sturmovik\Files\CF5FECAC1A938874,loose,5287244DBAE57CFF7487EBD6BE8D902B7303AED1217B9B8C27E72E45B899E25F,47,com/maddox/il2/objects/air/B_29X,True,FlightModels/B-29.fmd,com/maddox/il2/objects/air/B_29,reference-only-buttons-not-extracted,com/maddox/il2/objects/air/CockpitB29 | com/maddox/il2/objects/air/CockpitB29_AGunner | com/maddox/il2/objects/air/CockpitB29_Bombardier | com/maddox/il2/objects/air/CockpitB29_FGunner | com/maddox/il2/objects/air/CockpitB29_RGunner | com/maddox/il2/objects/air/CockpitB29_T2Gunner | com/maddox/il2/objects/air/CockpitB29_TGunner,com/maddox/il2/objects/air/B_29,,player-capable-static,3DO/Plane/B-29(Multi1)/hier.him | 3DO/Plane/B-29(USA)/hier.him,REVIEW,flight-model reference found; internal Buttons entry not yet verified
21,B-29-SP,air.B_29SP,com/maddox/il2/objects/air/B_29SP,NOINFO,C:\Users\Alexis\DATA\Projets\GITHUB\IL2-1946-Open-Sturmovik\Files\7BCE3C02C280ED18,loose,0A83344F9617AECF9F2B0B50B06B265E7C41F2A733B226DA32656465AF994992,47,com/maddox/il2/objects/air/B_29X,True,FlightModels/B-29SP.fmd,com/maddox/il2/objects/air/B_29SP,reference-only-buttons-not-extracted,com/maddox/il2/objects/air/CockpitB29SP | com/maddox/il2/objects/air/CockpitB29SP_AGunner | com/maddox/il2/objects/air/CockpitB29SP_Bombardier,com/maddox/il2/objects/air/B_29SP,,player-capable-static,3DO/Plane/B-29-SP(Multi1)/hier.him | 3DO/Plane/B-29-SP(USA)/hier.him,REVIEW,flight-model reference found; internal Buttons entry not yet verified
22,KB_29P,air.KB_29P,com/maddox/il2/objects/air/KB_29P,NOINFO,C:\Users\Alexis\DATA\Projets\GITHUB\IL2-1946-Open-Sturmovik\Files\2083079EF880398E,loose,0E761121A10FD1B3224ED9B29E91895D2C0013C2F411BD08DBF50D2E0E24AB1F,47,com/maddox/il2/objects/air/KB_29,True,FlightModels/B-29.fmd,com/maddox/il2/objects/air/KB_29P,reference-only-buttons-not-extracted,,,,probable-ai-only,3DO/Plane/KB-29/hier.him,REVIEW,flight-model reference found; internal Buttons entry not yet verified | no usable cockpitClass declaration found; treat as AI-only until runtime proof
23,B-239,air.F2A_B239,com/maddox/il2/objects/air/F2A_B239,,C:\Users\Alexis\DATA\Projets\GITHUB\IL2-1946-Open-Sturmovik\WIP\labs\IL 2 Sturmovik 1946 Selector Dump\dump\com\maddox\il2\objects\air\F2A_B239.class,selector-dump,B0C2D37F8CD5475B71B8714BD21C6B9E978614A1A12E59E0773D9E5DF6F89A6A,47,com/maddox/il2/objects/air/F2A,True,FlightModels/F2A-1.fmd,com/maddox/il2/objects/air/F2A_B239,reference-only-buttons-not-extracted,com/maddox/il2/objects/air/CockpitF2A1,com/maddox/il2/objects/air/F2A_B239,,player-capable-static,3DO/Plane/B-239/hier.him,REVIEW,flight-model reference found; internal Buttons entry not yet verified
24,BuffaloMkI,air.F2A_B339,com/maddox/il2/objects/air/F2A_B339,NOINFO,C:\Users\Alexis\DATA\Projets\GITHUB\IL2-1946-Open-Sturmovik\WIP\labs\IL 2 Sturmovik 1946 Selector Dump\dump\com\maddox\il2\objects\air\F2A_B339.class,selector-dump,AD39E7BFA0ADE2EB5EE12AC94EF3FBB579B601AB9EF81F9B4C46E00DC335464A,47,com/maddox/il2/objects/air/F2A,True,FlightModels/F2A-1.fmd,com/maddox/il2/objects/air/F2A_B339,reference-only-buttons-not-extracted,com/maddox/il2/objects/air/CockpitB339,com/maddox/il2/objects/air/F2A_B339,,player-capable-static,3DO/Plane/BuffaloMkI(Multi1)/hier.him,REVIEW,flight-model reference found; internal Buttons entry not yet verified
25,F2A-2,air.F2A2,com/maddox/il2/objects/air/F2A2,,C:\Users\Alexis\DATA\Projets\GITHUB\IL2-1946-Open-Sturmovik\WIP\labs\IL 2 Sturmovik 1946 Selector Dump\dump\com\maddox\il2\objects\air\F2A2.class,selector-dump,B4459119662CEC90BD3285543675A56741AFA44CB7D58E037CF89150D2E2B62A,47,com/maddox/il2/objects/air/F2A,True,FlightModels/F2A-2.fmd,com/maddox/il2/objects/air/F2A2,reference-only-buttons-not-extracted,com/maddox/il2/objects/air/CockpitF2A2,com/maddox/il2/objects/air/F2A2,,player-capable-static,3DO/Plane/F2A-2(Multi1)/hier.him | 3DO/Plane/F2A-2(USA)/hier.him,REVIEW,flight-model reference found; internal Buttons entry not yet verified
26,BeaufighterMk21,air.BEAU21,com/maddox/il2/objects/air/BEAU21,,C:\Users\Alexis\DATA\Projets\GITHUB\IL2-1946-Open-Sturmovik\WIP\labs\IL 2 Sturmovik 1946 Selector Dump\dump\com\maddox\il2\objects\air\BEAU21.class,selector-dump,2642F6F7420FBEA144FFB8A430753DB97560E9D88509A9B749BCE38E62A9AE65,47,com/maddox/il2/objects/air/BEAU,True,FlightModels/BeaufighterMk21.fmd,com/maddox/il2/objects/air/BEAU21,reference-only-buttons-not-extracted,com/maddox/il2/objects/air/CockpitBEAU21,com/maddox/il2/objects/air/BEAU21,,player-capable-static,3DO/Plane/BeaufighterMk21(AU)/hier.him | 3DO/Plane/BeaufighterMk21(Multi1)/hier.him,REVIEW,flight-model reference found; internal Buttons entry not yet verified
27,BeaufighterMkI,air.BEAUMKI,com/maddox/il2/objects/air/BEAUMKI,NOINFO,C:\Users\Alexis\DATA\Projets\GITHUB\IL2-1946-Open-Sturmovik\Files\5fe6fa6cc5a338b6,loose,93FF129997BDB26609D7A2992CEA1C14C69AD9F0076281D73F8D03957AD0E73A,47,com/maddox/il2/objects/air/BEAU,True,FlightModels/BeaufighterMk1.fmd,com/maddox/il2/objects/air/BEAUMKI,reference-only-buttons-not-extracted,com/maddox/il2/objects/air/CockpitBEAU1Gun | com/maddox/il2/objects/air/CockpitBEAU21,com/maddox/il2/objects/air/BEAUMKI,,player-capable-static,3DO/Plane/BeaufighterMk1(GB)/hier.him | 3DO/Plane/BeaufighterMk1(Multi1)/hier.him,REVIEW,flight-model reference found; internal Buttons entry not yet verified
28,BeaufighterMkX,air.BEAU10,com/maddox/il2/objects/air/BEAU10,NOINFO,C:\Users\Alexis\DATA\Projets\GITHUB\IL2-1946-Open-Sturmovik\Files\F884576C6E9906F2,loose,98FA763AA17D48510FE384C9CCBB0148ECC929DAF9B89ED701643272155B5B81,47,com/maddox/il2/objects/air/BEAU,True,FlightModels/BeaufighterMkX.fmd,com/maddox/il2/objects/air/BEAU10,reference-only-buttons-not-extracted,com/maddox/il2/objects/air/CockpitBEAU10Gun | com/maddox/il2/objects/air/CockpitBEAU21,com/maddox/il2/objects/air/BEAU10,,player-capable-static,3DO/Plane/BeaufighterMk10(GB)/hier.him | 3DO/Plane/BeaufighterMk10(Multi1)/hier.him,REVIEW,flight-model reference found; internal Buttons entry not yet verified
29,B-24J,air.B_24J,com/maddox/il2/objects/air/B_24J,,C:\Users\Alexis\DATA\Projets\GITHUB\IL2-1946-Open-Sturmovik\Files\FE4BF9649F786B78,loose,EBE60050E6FE80F2748704C3256F8DE7DAF1C09C2E4D56384959255A89988FF6,45,com/maddox/il2/objects/air/B_24,True,FlightModels/B-24J.fmd,com/maddox/il2/objects/air/B_24J,reference-only-buttons-not-extracted,com/maddox/il2/objects/air/CockpitB_24J | com/maddox/il2/objects/air/CockpitB_24J_AGunner | com/maddox/il2/objects/air/CockpitB_24J_BGunner | com/maddox/il2/objects/air/CockpitB_24J_Bombardier | com/maddox/il2/objects/air/CockpitB_24J_FGunner | com/maddox/il2/objects/air/CockpitB_24J_LGunner | com/maddox/il2/objects/air/CockpitB_24J_RGunner | com/maddox/il2/objects/air/CockpitB_24J_TGunner,com/maddox/il2/objects/air/B_24J,,player-capable-static,3DO/Plane/B-24J(Multi1)/hier.him | 3DO/Plane/B-24J(USA)/hier.him,REVIEW,flight-model reference found; internal Buttons entry not yet verified
30,B-24J-100-CF,air.B_24J100,com/maddox/il2/objects/air/B_24J100,,C:\Users\Alexis\DATA\Projets\GITHUB\IL2-1946-Open-Sturmovik\Files\421B1C7CC1650FB6,loose,14D532C68DB7B51C7308EFFA5123EAD1B3E90D665A192F2FC42D95F6A4128D58,47,com/maddox/il2/objects/air/B_24,True,FlightModels/B-24J.fmd,com/maddox/il2/objects/air/B_24J100,reference-only-buttons-not-extracted,com/maddox/il2/objects/air/CockpitB_24J100 | com/maddox/il2/objects/air/CockpitB_24J100_AGunner | com/maddox/il2/objects/air/CockpitB_24J100_BGunner | com/maddox/il2/objects/air/CockpitB_24J100_Bombardier | com/maddox/il2/objects/air/CockpitB_24J100_FGunner | com/maddox/il2/objects/air/CockpitB_24J100_TGunner,com/maddox/il2/objects/air/B_24J100,,player-capable-static,3DO/Plane/B-24J-100-CF(Multi1)/hier.him | 3DO/Plane/B-24J-100-CF(USA)/hier.him,REVIEW,flight-model reference found; internal Buttons entry not yet verified
31,PBN-1,air.PBN1,com/maddox/il2/objects/air/PBN1,,C:\Users\Alexis\DATA\Projets\GITHUB\IL2-1946-Open-Sturmovik\Files\BE812CBA7DD10372,loose,E788B2210F55F020FE87D4D9F4524F05D23C8977BBF28B9EBF85CC43022CBE88,47,com/maddox/il2/objects/air/PBYX,True,FlightModels/PBN-1.fmd,com/maddox/il2/objects/air/PBN1,reference-only-buttons-not-extracted,com/maddox/il2/objects/air/CockpitPBN1 | com/maddox/il2/objects/air/CockpitPBN1_Bombardier | com/maddox/il2/objects/air/CockpitPBN1_LGunner | com/maddox/il2/objects/air/CockpitPBN1_NGunner | com/maddox/il2/objects/air/CockpitPBN1_RGunner,com/maddox/il2/objects/air/PBN1,,player-capable-static,3DO/Plane/PBN-1/hier.him,REVIEW,flight-model reference found; internal Buttons entry not yet verified
32,PBY-5,air.PBY,com/maddox/il2/objects/air/PBY,,C:\Users\Alexis\DATA\Projets\GITHUB\IL2-1946-Open-Sturmovik\Files\38023FCA879ACE00,loose,F865079194D41C3B472785DEDEECF366B15C0DAD499AB5CE03742E5010687E74,46,com/maddox/il2/objects/air/PBYX,True,FlightModels/PBY.fmd,com/maddox/il2/objects/air/PBY,reference-only-buttons-not-extracted,com/maddox/il2/objects/air/CockpitPBY | com/maddox/il2/objects/air/CockpitPBY_Bombardier | com/maddox/il2/objects/air/CockpitPBY_LGunner | com/maddox/il2/objects/air/CockpitPBY_RGunner | com/maddox/il2/objects/air/CockpitPBY_TGunner,com/maddox/il2/objects/air/PBY,,player-capable-static,3DO/Plane/PBY/hier.him,REVIEW,flight-model reference found; internal Buttons entry not yet verified
33,CW-21,air.CW_21,com/maddox/il2/objects/air/CW_21,NOINFO,C:\Users\Alexis\DATA\Projets\GITHUB\IL2-1946-Open-Sturmovik\WIP\labs\IL 2 Sturmovik 1946 Selector Dump\dump\com\maddox\il2\objects\air\CW_21.class,selector-dump,AB31568D9645B8F665B24262162920B3B01FD8057A024DF9A0230513D9210C65,47,com/maddox/il2/objects/air/CW21xyz,True,FlightModels/CW-21.fmd,com/maddox/il2/objects/air/CW_21,reference-only-buttons-not-extracted,,,,probable-ai-only,3DO/Plane/CW-21(Multi1)/hier.him,REVIEW,flight-model reference found; internal Buttons entry not yet verified | no usable cockpitClass declaration found; treat as AI-only until runtime proof
34,H_75A2,air.H75_A2,com/maddox/il2/objects/air/H75_A2,NOINFO,C:\Users\Alexis\DATA\Projets\GITHUB\IL2-1946-Open-Sturmovik\Files\CE753228EA961F02,loose,2620EB6507920CADC8B83819F5E57FF96B4B43F7482101D5848CA53627B3E19A,46,com/maddox/il2/objects/air/P_36,True,FlightModels/H75A2.fmd,com/maddox/il2/objects/air/H75_A2,reference-only-buttons-not-extracted,com/maddox/il2/objects/air/CockpitP_40B,com/maddox/il2/objects/air/H75_A2,,player-capable-static,3DO/Plane/H75A2/hier.him,REVIEW,flight-model reference found; internal Buttons entry not yet verified
35,H75MO4,air.H75MOIV,com/maddox/il2/objects/air/H75MOIV,NOINFO,C:\Users\Alexis\DATA\Projets\GITHUB\IL2-1946-Open-Sturmovik\Files\EFED696673C0DE72,loose,A7FACB23386F5135E5FCAB7404ED6871A5C632FCB3568E3C730281E513A8CBEB,46,com/maddox/il2/objects/air/P_36,True,FlightModels/H75MO4.fmd,com/maddox/il2/objects/air/H75MOIV,reference-only-buttons-not-extracted,com/maddox/il2/objects/air/CockpitP_40B,com/maddox/il2/objects/air/H75MOIV,,player-capable-static,3DO/Plane/H75MO/hier.him,REVIEW,flight-model reference found; internal Buttons entry not yet verified
36,P-36A-3,air.P_36A3,com/maddox/il2/objects/air/P_36A3,,C:\Users\Alexis\DATA\Projets\GITHUB\IL2-1946-Open-Sturmovik\Files\EA5DCB665CBB9E20,loose,EEE740B9059370B088DC15B513837F0605E0C11930715AB8BA875DCB041BF8FB,47,com/maddox/il2/objects/air/P_36,True,FlightModels/P-36A-3.fmd,com/maddox/il2/objects/air/P_36A3,reference-only-buttons-not-extracted,com/maddox/il2/objects/air/CockpitP_40B,com/maddox/il2/objects/air/P_36A3,,player-capable-static,3DO/Plane/Hawk75A-3(Multi1)/hier.him | 3DO/Plane/Hawk75A-3(USA)/hier.him | 3DO/Plane/Hawk75A-3(fr)/hier.him | 3DO/Plane/Hawk75A-3(vi)/hier.him,REVIEW,flight-model reference found; internal Buttons entry not yet verified
37,P-36A-4,air.P_36A4,com/maddox/il2/objects/air/P_36A4,,C:\Users\Alexis\DATA\Projets\GITHUB\IL2-1946-Open-Sturmovik\Files\AD235DDE47B89DC2,loose,1B9229A0B8C8FA7448187E7615058AA75560BB688043A161E7AFA37193E24730,47,com/maddox/il2/objects/air/P_36,True,FlightModels/P-36A-4.fmd,com/maddox/il2/objects/air/P_36A4,reference-only-buttons-not-extracted,com/maddox/il2/objects/air/CockpitP_40B,com/maddox/il2/objects/air/P_36A4,,player-capable-static,3DO/Plane/Hawk75A-4(Multi1)/hier.him | 3DO/Plane/Hawk75A-4(USA)/hier.him,REVIEW,flight-model reference found; internal Buttons entry not yet verified
38,P-400,air.P_400,com/maddox/il2/objects/air/P_400,,C:\Users\Alexis\DATA\Projets\GITHUB\IL2-1946-Open-Sturmovik\WIP\labs\IL 2 Sturmovik 1946 Selector Dump\dump\com\maddox\il2\objects\air\P_400.class,selector-dump,654597C74805480A553D7D8A652F7354BE093DEB73B4FBF4A077E1D84D5689F2,47,com/maddox/il2/objects/air/P_39,True,FlightModels/P-400.fmd,com/maddox/il2/objects/air/P_400,reference-only-buttons-not-extracted,com/maddox/il2/objects/air/CockpitP_39N1,com/maddox/il2/objects/air/P_400,,player-capable-static,3DO/Plane/P-400(Multi1)/hier.him | 3DO/Plane/P-400(USA)/hier.him,REVIEW,flight-model reference found; internal Buttons entry not yet verified
39,P-40B,air.P_40SUKAISVOLOCHB,com/maddox/il2/objects/air/P_40SUKAISVOLOCHB,,C:\Users\Alexis\DATA\Projets\GITHUB\IL2-1946-Open-Sturmovik\WIP\labs\IL 2 Sturmovik 1946 Selector Dump\dump\com\maddox\il2\objects\air\P_40SUKAISVOLOCHB.class,selector-dump,F30C0B841856E4FEF3CF410E41D5C065E7544DE02040A547D7EA98F4490A66C3,47,com/maddox/il2/objects/air/P_40SUKAISVOLOCH,True,FlightModels/P-40B.fmd,com/maddox/il2/objects/air/P_40SUKAISVOLOCHB,reference-only-buttons-not-extracted,com/maddox/il2/objects/air/CockpitP_40B,com/maddox/il2/objects/air/P_40SUKAISVOLOCHB,,player-capable-static,3DO/Plane/P-40B(Multi1)/hier.him | 3DO/Plane/P-40B(USA)/hier.him,REVIEW,flight-model reference found; internal Buttons entry not yet verified
40,P-40Breco,air.P_40SUKAISVOLOCHBRECO,com/maddox/il2/objects/air/P_40SUKAISVOLOCHBRECO,,C:\Users\Alexis\DATA\Projets\GITHUB\IL2-1946-Open-Sturmovik\Files\5FE16760ABF51004,loose,BA67AA4C01D2645970FE17072BEE5E08684281693C982C174087CD1D77C8190A,47,com/maddox/il2/objects/air/P_40SUKAISVOLOCH,True,FlightModels/P-40Breco.fmd,com/maddox/il2/objects/air/P_40SUKAISVOLOCHBRECO,reference-only-buttons-not-extracted,com/maddox/il2/objects/air/CockpitP_40B,com/maddox/il2/objects/air/P_40SUKAISVOLOCHBRECO,,player-capable-static,3DO/Plane/P-40Breco(Multi1)/hier.him | 3DO/Plane/P-40Breco(USA)/hier.him,REVIEW,flight-model reference found; internal Buttons entry not yet verified
41,P-40C,air.P_40SUKAISVOLOCHC,com/maddox/il2/objects/air/P_40SUKAISVOLOCHC,,C:\Users\Alexis\DATA\Projets\GITHUB\IL2-1946-Open-Sturmovik\WIP\labs\IL 2 Sturmovik 1946 Selector Dump\dump\com\maddox\il2\objects\air\P_40SUKAISVOLOCHC.class,selector-dump,C2D58EA8484D08860E0C78F18B8E8237633CCDC92C12C13E466B8B1AFE5BEB59,47,com/maddox/il2/objects/air/P_40SUKAISVOLOCH,True,FlightModels/P-40C.fmd,com/maddox/il2/objects/air/P_40SUKAISVOLOCHC,reference-only-buttons-not-extracted,com/maddox/il2/objects/air/CockpitP_40C,com/maddox/il2/objects/air/P_40SUKAISVOLOCHC,,player-capable-static,3DO/Plane/P-40C(Multi1)/hier.him | 3DO/Plane/P-40C(USA)/hier.him,REVIEW,flight-model reference found; internal Buttons entry not yet verified
42,P-40E,air.P_40E,com/maddox/il2/objects/air/P_40E,,C:\Users\Alexis\DATA\Projets\GITHUB\IL2-1946-Open-Sturmovik\WIP\labs\IL 2 Sturmovik 1946 Selector Dump\dump\com\maddox\il2\objects\air\P_40E.class,selector-dump,0818B8EA67ED8105BCE63963855F3BD5B3DC748F63F55D829D9B803443AD1D6B,47,com/maddox/il2/objects/air/P_40,True,FlightModels/P-40E.fmd,com/maddox/il2/objects/air/P_40E,reference-only-buttons-not-extracted,com/maddox/il2/objects/air/CockpitP_40E,com/maddox/il2/objects/air/P_40E,,player-capable-static,3DO/Plane/P-40E(Multi1)/hier.him | 3DO/Plane/P-40E(USA)/hier.him,REVIEW,flight-model reference found; internal Buttons entry not yet verified
43,P-40E-M-105,air.P_40EM105,com/maddox/il2/objects/air/P_40EM105,,C:\Users\Alexis\DATA\Projets\GITHUB\IL2-1946-Open-Sturmovik\WIP\labs\IL 2 Sturmovik 1946 Selector Dump\dump\com\maddox\il2\objects\air\P_40EM105.class,selector-dump,FEA7DBAFA4F1DB4B7FDED00B061C623CBDA6EC566655FF9FD5C192CEB500EB5D,47,com/maddox/il2/objects/air/P_40,True,FlightModels/P-40E-M-105.fmd,com/maddox/il2/objects/air/P_40EM105,reference-only-buttons-not-extracted,com/maddox/il2/objects/air/CockpitP_40E,com/maddox/il2/objects/air/P_40EM105,,player-capable-static,3DO/Plane/P-40E-M-105(Multi1)/hier.him,REVIEW,flight-model reference found; internal Buttons entry not yet verified
44,P-40M,air.P_40M,com/maddox/il2/objects/air/P_40M,,C:\Users\Alexis\DATA\Projets\GITHUB\IL2-1946-Open-Sturmovik\WIP\labs\IL 2 Sturmovik 1946 Selector Dump\dump\com\maddox\il2\objects\air\P_40M.class,selector-dump,ED166A1F7CE24104482C8212808F2B9009D25D3245AF0B132618B877D98D3F1F,47,com/maddox/il2/objects/air/P_40,True,FlightModels/P-40M.fmd,com/maddox/il2/objects/air/P_40M,reference-only-buttons-not-extracted,com/maddox/il2/objects/air/CockpitP_40M,com/maddox/il2/objects/air/P_40M,,player-capable-static,3DO/Plane/P-40M(Multi1)/hier.him | 3DO/Plane/P-40M(RZ)/hier.him | 3DO/Plane/P-40M(USA)/hier.him,REVIEW,flight-model reference found; internal Buttons entry not yet verified
45,Hawk81A-2,air.P_40SUKAISVOLOCHHAWKA2,com/maddox/il2/objects/air/P_40SUKAISVOLOCHHAWKA2,NOINFO,C:\Users\Alexis\DATA\Projets\GITHUB\IL2-1946-Open-Sturmovik\WIP\labs\IL 2 Sturmovik 1946 Selector Dump\dump\com\maddox\il2\objects\air\P_40SUKAISVOLOCHHAWKA2.class,selector-dump,67328DDFFB2A533629B695EA7CC6390A950BB87352AD1863781154CF3A5C456F,47,com/maddox/il2/objects/air/P_40SUKAISVOLOCH,True,FlightModels/P-40C.fmd,com/maddox/il2/objects/air/P_40SUKAISVOLOCHHAWKA2,reference-only-buttons-not-extracted,com/maddox/il2/objects/air/CockpitHAWK,com/maddox/il2/objects/air/P_40SUKAISVOLOCHHAWKA2,,player-capable-static,3DO/Plane/Hawk81A-2(Multi1)/hier.him | 3DO/Plane/Hawk81A-2(USA)/hier.him,REVIEW,flight-model reference found; internal Buttons entry not yet verified
46,TomahawkMkIIa,air.P_40SUKAISVOLOCH2A,com/maddox/il2/objects/air/P_40SUKAISVOLOCH2A,NOINFO,C:\Users\Alexis\DATA\Projets\GITHUB\IL2-1946-Open-Sturmovik\WIP\labs\IL 2 Sturmovik 1946 Selector Dump\dump\com\maddox\il2\objects\air\P_40SUKAISVOLOCH2A.class,selector-dump,F3F63DA7AD80CE3307EDB3DB262BEF565BA02A532B2AB6FE79B1C8104F1450F3,47,com/maddox/il2/objects/air/P_40SUKAISVOLOCH,True,FlightModels/P-40B.fmd,com/maddox/il2/objects/air/P_40SUKAISVOLOCH2A,reference-only-buttons-not-extracted,com/maddox/il2/objects/air/CockpitP_40B,com/maddox/il2/objects/air/P_40SUKAISVOLOCH2A,,player-capable-static,3DO/Plane/TomahawkMkIIa(GB)/hier.him | 3DO/Plane/TomahawkMkIIa(Multi1)/hier.him,REVIEW,flight-model reference found; internal Buttons entry not yet verified
47,TomahawkMkIIb,air.P_40SUKAISVOLOCH2B,com/maddox/il2/objects/air/P_40SUKAISVOLOCH2B,NOINFO,C:\Users\Alexis\DATA\Projets\GITHUB\IL2-1946-Open-Sturmovik\WIP\labs\IL 2 Sturmovik 1946 Selector Dump\dump\com\maddox\il2\objects\air\P_40SUKAISVOLOCH2B.class,selector-dump,A9ECAA8D52B257DDE37FDF33D7186FCBBBCAB942186C3BAD6F0894A3B5B54757,47,com/maddox/il2/objects/air/P_40SUKAISVOLOCH,True,FlightModels/P-40C.fmd,com/maddox/il2/objects/air/P_40SUKAISVOLOCH2B,reference-only-buttons-not-extracted,com/maddox/il2/objects/air/CockpitP_40C,com/maddox/il2/objects/air/P_40SUKAISVOLOCH2B,,player-capable-static,3DO/Plane/TomahawkMkIIb(GB)/hier.him | 3DO/Plane/TomahawkMkIIb(Multi1)/hier.him,REVIEW,flight-model reference found; internal Buttons entry not yet verified
48,U-2TM,air.U_2TM,com/maddox/il2/objects/air/U_2TM,NOINFO,C:\Users\Alexis\DATA\Projets\GITHUB\IL2-1946-Open-Sturmovik\Files\DF0EA4006B59E4C4,loose,61A28776D7B2BF565220D3ADAA79AB6EF3C05B07715D7D663CA165B76AB501C8,47,com/maddox/il2/objects/air/Scheme1,True,FlightModels/U-2TM.fmd,com/maddox/il2/objects/air/U_2TM,reference-only-buttons-not-extracted,com/maddox/il2/objects/air/CockpitU2TM,com/maddox/il2/objects/air/U_2TM,,player-capable-static,,REVIEW,flight-model reference found; internal Buttons entry not yet verified
49,MosquitoBMkIV,air.MOSQUITO4,com/maddox/il2/objects/air/MOSQUITO4,NOINFO,C:\Users\Alexis\DATA\Projets\GITHUB\IL2-1946-Open-Sturmovik\Files\758A23C2BC01923C,loose,27432FA012471679E2003A09CE0B225013FE64BD0C617E716D4DD71CF152C8FF,47,com/maddox/il2/objects/air/MOSQUITO,True,FlightModels/Mosquito-BMkIV.fmd,com/maddox/il2/objects/air/MOSQUITO4,reference-only-buttons-not-extracted,com/maddox/il2/objects/air/CockpitMOSQUITO4_Bombardier | com/maddox/il2/objects/air/CockpitMosquito4,com/maddox/il2/objects/air/MOSQUITO4,,player-capable-static,3DO/Plane/Mosquito_B_MkIV(GB)/hier.him | 3DO/Plane/Mosquito_B_MkIV(Multi1)/hier.him,REVIEW,flight-model reference found; internal Buttons entry not yet verified
50,MosquitoBMkXVI,air.MOSQUITO16,com/maddox/il2/objects/air/MOSQUITO16,NOINFO,C:\Users\Alexis\DATA\Projets\GITHUB\IL2-1946-Open-Sturmovik\Files\AA017F1CBD62A800,loose,319B77EB0C1143937E84A9E98532A10750F820CC4F0818D79CFA35E46E439F20,46,com/maddox/il2/objects/air/MOSQUITOS,True,FlightModels/Mosquito-BMkXVI.fmd,com/maddox/il2/objects/air/MOSQUITO16,reference-only-buttons-not-extracted,com/maddox/il2/objects/air/CockpitMOSQUITO16_Bombardier | com/maddox/il2/objects/air/CockpitMosquito16,com/maddox/il2/objects/air/MOSQUITO16,,player-capable-static,3DO/Plane/Mosquito_B_MkXVI(GB)/hier.him | 3DO/Plane/Mosquito_B_MkXVI(Multi1)/hier.him,REVIEW,flight-model reference found; internal Buttons entry not yet verified
51,MosquitoFBMkVI,air.MOSQUITO6,com/maddox/il2/objects/air/MOSQUITO6,NOINFO,C:\Users\Alexis\DATA\Projets\GITHUB\IL2-1946-Open-Sturmovik\WIP\labs\IL 2 Sturmovik 1946 Selector Dump\dump\com\maddox\il2\objects\air\MOSQUITO6.class,selector-dump,AB7038221D9A4C00F0B138BE88C1D817BDB0B3BCFEEAB797835C48821F9288A9,47,com/maddox/il2/objects/air/MOSQUITO,True,FlightModels/Mosquito-FBMkVI.fmd,com/maddox/il2/objects/air/MOSQUITO6,reference-only-buttons-not-extracted,com/maddox/il2/objects/air/CockpitMosquito6,com/maddox/il2/objects/air/MOSQUITO6,,player-capable-static,3DO/Plane/Mosquito_FB_MkVI(GB)/hier.him | 3DO/Plane/Mosquito_FB_MkVI(Multi1)/hier.him,REVIEW,flight-model reference found; internal Buttons entry not yet verified
52,A-20C,air.A_20C,com/maddox/il2/objects/air/A_20C,,C:\Users\Alexis\DATA\Projets\GITHUB\IL2-1946-Open-Sturmovik\WIP\labs\IL 2 Sturmovik 1946 Selector Dump\dump\com\maddox\il2\objects\air\A_20C.class,selector-dump,55CF46C2F300E648EE79118BDF97813BFF7E223067605EDB8138E0CB75592D05,47,com/maddox/il2/objects/air/A_20,True,FlightModels/A-20C.fmd,com/maddox/il2/objects/air/A_20C,reference-only-buttons-not-extracted,com/maddox/il2/objects/air/CockpitA_20C | com/maddox/il2/objects/air/CockpitA_20C_BGunner | com/maddox/il2/objects/air/CockpitA_20C_Bombardier | com/maddox/il2/objects/air/CockpitA_20C_TGunner,com/maddox/il2/objects/air/A_20C,,player-capable-static,3DO/Plane/A-20C(Multi1)/hier.him,REVIEW,flight-model reference found; internal Buttons entry not yet verified
53,A-20G,air.A_20G,com/maddox/il2/objects/air/A_20G,,C:\Users\Alexis\DATA\Projets\GITHUB\IL2-1946-Open-Sturmovik\WIP\labs\IL 2 Sturmovik 1946 Selector Dump\dump\com\maddox\il2\objects\air\A_20G.class,selector-dump,5631B1BEE1A890168D47194C929B702B39657372B0231B76978D41DBDA1C2ED2,47,com/maddox/il2/objects/air/A_20,True,FlightModels/A-20G.fmd,com/maddox/il2/objects/air/A_20G,reference-only-buttons-not-extracted,com/maddox/il2/objects/air/CockpitA_20G | com/maddox/il2/objects/air/CockpitA_20G_BGunner | com/maddox/il2/objects/air/CockpitA_20G_TGunner,com/maddox/il2/objects/air/A_20G,,player-capable-static,3DO/Plane/A-20G(AU)/hier.him | 3DO/Plane/A-20G(Multi1)/hier.him | 3DO/Plane/A-20G(USA)/hier.him,REVIEW,flight-model reference found; internal Buttons entry not yet verified
54,C-47,air.C_47,com/maddox/il2/objects/air/C_47,,C:\Users\Alexis\DATA\Projets\GITHUB\IL2-1946-Open-Sturmovik\Files\81793A002536EB40,loose,3333C6DE6E3338AE664FE7D0CB997CBD0921B7D3281F344A34E09C6F69A24388,47,com/maddox/il2/objects/air/Scheme2,True,FlightModels/DC-3.fmd,com/maddox/il2/objects/air/C_47,reference-only-buttons-not-extracted,com/maddox/il2/objects/air/CockpitC47,com/maddox/il2/objects/air/C_47,,player-capable-static,3DO/Plane/C-47(Multi1)/hier.him | 3DO/Plane/C-47(USA)/hier.him,REVIEW,flight-model reference found; internal Buttons entry not yet verified
55,C-47A,air.C_47A,com/maddox/il2/objects/air/C_47A,,C:\Users\Alexis\DATA\Projets\GITHUB\IL2-1946-Open-Sturmovik\Files\1890996E1AF4969A,loose,3A90E6E16C5F0FCDB9C352B6EACD7FB212AC3F5FC995196B28B4AD7CFD659DA3,47,com/maddox/il2/objects/air/Scheme2,True,FlightModels/C-47A.fmd,com/maddox/il2/objects/air/C_47A,reference-only-buttons-not-extracted,com/maddox/il2/objects/air/CockpitC47,com/maddox/il2/objects/air/C_47A,,player-capable-static,3DO/Plane/C-47A(Multi1)/hier.him | 3DO/Plane/C-47A(USA)/hier.him,REVIEW,flight-model reference found; internal Buttons entry not yet verified
56,C-47B,air.C_47B,com/maddox/il2/objects/air/C_47B,,C:\Users\Alexis\DATA\Projets\GITHUB\IL2-1946-Open-Sturmovik\Files\0D68CF54301C7F1C,loose,A6E84A1E699CF59C1F991724FBDCC659D953CE2AC2239754EA78CAA1B0B89E08,47,com/maddox/il2/objects/air/Scheme2,True,FlightModels/C-47B.fmd,com/maddox/il2/objects/air/C_47B,reference-only-buttons-not-extracted,com/maddox/il2/objects/air/CockpitC47,com/maddox/il2/objects/air/C_47B,,player-capable-static,3DO/Plane/C-47B(Multi1)/hier.him | 3DO/Plane/C-47B(USA)/hier.him,REVIEW,flight-model reference found; internal Buttons entry not yet verified
57,FaireyBattle,air.BattleMkII,com/maddox/il2/objects/air/BattleMkII,NoINFO,C:\Users\Alexis\DATA\Projets\GITHUB\IL2-1946-Open-Sturmovik\Files\E433D536E9994B10,loose,B01208737A9BF6400F54850ED029075615F72A1CB6CEB31B8C97F62640B305E6,47,com/maddox/il2/objects/air/FaireyBattle,True,FlightModels/BattleMkII.fmd,com/maddox/il2/objects/air/BattleMkII,reference-only-buttons-not-extracted,com/maddox/il2/objects/air/CockpitBattleMkII | com/maddox/il2/objects/air/CockpitBattleMkII_TGunner | com/maddox/il2/objects/air/Cockpit_BombsightNordenSimple,com/maddox/il2/objects/air/BattleMkII,,player-capable-static,3DO/Plane/FaireyBattle(Multi1)/hier.him,REVIEW,flight-model reference found; internal Buttons entry not yet verified
58,DXXI_DK,air.DXXI_DK,com/maddox/il2/objects/air/DXXI_DK,NOINFO,C:\Users\Alexis\DATA\Projets\GITHUB\IL2-1946-Open-Sturmovik\WIP\labs\IL 2 Sturmovik 1946 Selector Dump\dump\com\maddox\il2\objects\air\DXXI_DK.class,selector-dump,865252374F04C9AE9A18CA9C478A1ACE2DAF79946B1BAE3D057991DDD8E6AD48,47,com/maddox/il2/objects/air/DXXI,True,FlightModels/FokkerDK.fmd,com/maddox/il2/objects/air/DXXI_DK,reference-only-buttons-not-extracted,,,,probable-ai-only,3DO/Plane/DXXI_DK/hier.him,REVIEW,flight-model reference found; internal Buttons entry not yet verified | no usable cockpitClass declaration found; treat as AI-only until runtime proof
59,DXXI_DU,air.DXXI_DU,com/maddox/il2/objects/air/DXXI_DU,NOINFO,C:\Users\Alexis\DATA\Projets\GITHUB\IL2-1946-Open-Sturmovik\WIP\labs\IL 2 Sturmovik 1946 Selector Dump\dump\com\maddox\il2\objects\air\DXXI_DU.class,selector-dump,E732C9DC64BF7D9CB50A378438D523ED3459F6006249F5EF42D0EC627A728B37,47,com/maddox/il2/objects/air/DXXI,True,FlightModels/FokkerDU.fmd,com/maddox/il2/objects/air/DXXI_DU,reference-only-buttons-not-extracted,,,,probable-ai-only,3DO/Plane/DXXI_DU/hier.him,REVIEW,flight-model reference found; internal Buttons entry not yet verified | no usable cockpitClass declaration found; treat as AI-only until runtime proof
60,SwordfishMkI,air.Swordfish1,com/maddox/il2/objects/air/Swordfish1,NOINFO,C:\Users\Alexis\DATA\Projets\GITHUB\IL2-1946-Open-Sturmovik\Files\231CEE5EC8321118,loose,F65D1017AC5BDD9DCACA12B7094F22804A2FEC1728B1C03F2F6C5A786FAF02D6,47,com/maddox/il2/objects/air/Swordfish,True,FlightModels/Swordfish.fmd,com/maddox/il2/objects/air/Swordfish1,reference-only-buttons-not-extracted,com/maddox/il2/objects/air/CockpitSwordfish | com/maddox/il2/objects/air/CockpitSwordfish_TAG,com/maddox/il2/objects/air/Swordfish1,,player-capable-static,3DO/Plane/Swordfish1(gb)/hier.him | 3DO/Plane/Swordfish1(multi)/hier.him,REVIEW,flight-model reference found; internal Buttons entry not yet verified
61,AvengerMkIII,air.TBM3AVENGER3,com/maddox/il2/objects/air/TBM3AVENGER3,NOINFO,C:\Users\Alexis\DATA\Projets\GITHUB\IL2-1946-Open-Sturmovik\WIP\labs\IL 2 Sturmovik 1946 Selector Dump\dump\com\maddox\il2\objects\air\TBM3AVENGER3.class,selector-dump,7BBEC5E15BD05F9B3DBAD0E78C1853C204BFC97BD02A1100E677F9B801A5FA54,47,com/maddox/il2/objects/air/TBF,True,FlightModels/TBM-3.fmd,com/maddox/il2/objects/air/TBM3AVENGER3,reference-only-buttons-not-extracted,,,,probable-ai-only,3DO/Plane/TBM-3(A_MkIII)(GB)/hier.him | 3DO/Plane/TBM-3(A_MkIII)(Multi1)/hier.him,REVIEW,flight-model reference found; internal Buttons entry not yet verified | no usable cockpitClass declaration found; treat as AI-only until runtime proof
62,F4F-3,air.F4F3,com/maddox/il2/objects/air/F4F3,,C:\Users\Alexis\DATA\Projets\GITHUB\IL2-1946-Open-Sturmovik\WIP\labs\IL 2 Sturmovik 1946 Selector Dump\dump\com\maddox\il2\objects\air\F4F3.class,selector-dump,5C51B5EF575BAADC328A426CBD36834079DCFD51F35196D94B9E337AD78E370E,47,com/maddox/il2/objects/air/F4F,True,FlightModels/F4F-3.fmd,com/maddox/il2/objects/air/F4F3,reference-only-buttons-not-extracted,com/maddox/il2/objects/air/CockpitF4F3,com/maddox/il2/objects/air/F4F3,,player-capable-static,3DO/Plane/F4F-3(Multi1)/hier.him | 3DO/Plane/F4F-3(USA)/hier.him,REVIEW,flight-model reference found; internal Buttons entry not yet verified
63,F4F-4,air.F4F4,com/maddox/il2/objects/air/F4F4,NOINFO,C:\Users\Alexis\DATA\Projets\GITHUB\IL2-1946-Open-Sturmovik\WIP\labs\IL 2 Sturmovik 1946 Selector Dump\dump\com\maddox\il2\objects\air\F4F4.class,selector-dump,1EEAE6BB1D27B046458858DBD5B2913BC0DC39E5BBFC7FE636D0EFF74C215B25,47,com/maddox/il2/objects/air/F4F,True,FlightModels/F4F-4.fmd,com/maddox/il2/objects/air/F4F4,reference-only-buttons-not-extracted,com/maddox/il2/objects/air/CockpitF4F4,com/maddox/il2/objects/air/F4F4,,player-capable-static,3DO/Plane/F4F-4(Multi1)/hier.him | 3DO/Plane/F4F-4(USA)/hier.him,REVIEW,flight-model reference found; internal Buttons entry not yet verified
64,F6F-3,air.F6F3,com/maddox/il2/objects/air/F6F3,,C:\Users\Alexis\DATA\Projets\GITHUB\IL2-1946-Open-Sturmovik\WIP\labs\IL 2 Sturmovik 1946 Selector Dump\dump\com\maddox\il2\objects\air\F6F3.class,selector-dump,6FADADF744A32FEA8C835AF0B5A00813A817115706C735E05F2AE74B338392FD,47,com/maddox/il2/objects/air/F6F,True,FlightModels/F6F-3.fmd,com/maddox/il2/objects/air/F6F3,reference-only-buttons-not-extracted,com/maddox/il2/objects/air/CockpitF6F3,com/maddox/il2/objects/air/F6F3,,player-capable-static,3DO/Plane/F6F-3(Multi1)/hier.him | 3DO/Plane/F6F-3(USA)/hier.him,REVIEW,flight-model reference found; internal Buttons entry not yet verified
65,F6F-5,air.F6F5,com/maddox/il2/objects/air/F6F5,,C:\Users\Alexis\DATA\Projets\GITHUB\IL2-1946-Open-Sturmovik\WIP\labs\IL 2 Sturmovik 1946 Selector Dump\dump\com\maddox\il2\objects\air\F6F5.class,selector-dump,DA48F9F4755BD734A92B2B8C119FA50891D77D4CA31AF34380571DC8F573FE51,47,com/maddox/il2/objects/air/F6F,True,FlightModels/F6F-5.fmd,com/maddox/il2/objects/air/F6F5,reference-only-buttons-not-extracted,com/maddox/il2/objects/air/CockpitF6F5,com/maddox/il2/objects/air/F6F5,,player-capable-static,3DO/Plane/F6F-5(Multi1)/hier.him | 3DO/Plane/F6F-5(USA)/hier.him,REVIEW,flight-model reference found; internal Buttons entry not yet verified
66,F9F2_Panther,air.F9F2,com/maddox/il2/objects/air/F9F2,NOINFO,C:\Users\Alexis\DATA\Projets\GITHUB\IL2-1946-Open-Sturmovik\Files\FEEB7DBEE538754E,loose,5E41E9373FDD59B22DCD39EEEEB69FDAE7B1D4AAA15D92655C08003CC55A36C0,47,com/maddox/il2/objects/air/F9F,True,FlightModels/F9F2.fmd,com/maddox/il2/objects/air/F9F2,reference-only-buttons-not-extracted,com/maddox/il2/objects/air/CockpitF9F2,com/maddox/il2/objects/air/F9F2,,player-capable-static,3DO/Plane/F9F2/hier.him,REVIEW,flight-model reference found; internal Buttons entry not yet verified
67,XF9F6_Cougar,air.XF9F6,com/maddox/il2/objects/air/XF9F6,NOINFO,C:\Users\Alexis\DATA\Projets\GITHUB\IL2-1946-Open-Sturmovik\Files\005AC2886D69B262,loose,DB49EB8C85EEF7B2FDFAE229F9BA280E258B9980BA733C3DB06C8C43FBB786A0,47,com/maddox/il2/objects/air/F9F,True,FlightModels/F9F2.fmd,com/maddox/il2/objects/air/XF9F6,reference-only-buttons-not-extracted,com/maddox/il2/objects/air/CockpitXF9F6,com/maddox/il2/objects/air/XF9F6,,player-capable-static,3DO/Plane/XF9F6/hier.him,REVIEW,flight-model reference found; internal Buttons entry not yet verified
68,FM-2,air.F4F_FM2,com/maddox/il2/objects/air/F4F_FM2,,C:\Users\Alexis\DATA\Projets\GITHUB\IL2-1946-Open-Sturmovik\WIP\labs\IL 2 Sturmovik 1946 Selector Dump\dump\com\maddox\il2\objects\air\F4F_FM2.class,selector-dump,89C047CE76B67E3421AA18B5B768CADA0E032D81122D2F50D34E85D5D4654D9F,47,com/maddox/il2/objects/air/F4F,True,FlightModels/FM-2.fmd,com/maddox/il2/objects/air/F4F_FM2,reference-only-buttons-not-extracted,com/maddox/il2/objects/air/CockpitF4F4,com/maddox/il2/objects/air/F4F_FM2,,player-capable-static,3DO/Plane/FM-2(Multi1)/hier.him | 3DO/Plane/FM-2(USA)/hier.him,REVIEW,flight-model reference found; internal Buttons entry not yet verified
69,TBF-1,air.TBF1,com/maddox/il2/objects/air/TBF1,,C:\Users\Alexis\DATA\Projets\GITHUB\IL2-1946-Open-Sturmovik\WIP\labs\IL 2 Sturmovik 1946 Selector Dump\dump\com\maddox\il2\objects\air\TBF1.class,selector-dump,EB27ECC460722B55BE99A99C0A6EFEE48B22BE4C024B8F9541D8A0399FB31BF4,47,com/maddox/il2/objects/air/TBF,True,FlightModels/TBF-1C.fmd,com/maddox/il2/objects/air/TBF1,reference-only-buttons-not-extracted,,,,probable-ai-only,3DO/Plane/TBF-1(Multi1)/hier.him | 3DO/Plane/TBF-1(USA)/hier.him,REVIEW,flight-model reference found; internal Buttons entry not yet verified | no usable cockpitClass declaration found; treat as AI-only until runtime proof
70,TBF-1C,air.TBF1C,com/maddox/il2/objects/air/TBF1C,,C:\Users\Alexis\DATA\Projets\GITHUB\IL2-1946-Open-Sturmovik\Files\8ADC3E9821D282C2,loose,3B1E0EA4FA12F140BC55B80003CC4CEFBB8A181285B603407D1D7C90E63E9C75,47,com/maddox/il2/objects/air/TBF,True,FlightModels/TBF-1C.fmd,com/maddox/il2/objects/air/TBF1C,reference-only-buttons-not-extracted,com/maddox/il2/objects/air/CockpitTBF1C | com/maddox/il2/objects/air/CockpitTBF1C_BGunner | com/maddox/il2/objects/air/CockpitTBF1C_TGunner,com/maddox/il2/objects/air/TBF1C,,player-capable-static,3DO/Plane/TBF-1C(GB)/hier.him | 3DO/Plane/TBF-1C(Multi1)/hier.him | 3DO/Plane/TBF-1C(USA)/hier.him,REVIEW,flight-model reference found; internal Buttons entry not yet verified
71,TBM1,air.TBM1,com/maddox/il2/objects/air/TBM1,,C:\Users\Alexis\DATA\Projets\GITHUB\IL2-1946-Open-Sturmovik\Files\7FF44CEAD0A8A81C,loose,BFAC0C3D60CB49DB6D857362196B79305E9D4AE5665E06146E8C30D374374C6B,47,com/maddox/il2/objects/air/TBF,True,FlightModels/TBM1.fmd,com/maddox/il2/objects/air/TBM1,reference-only-buttons-not-extracted,com/maddox/il2/objects/air/CockpitTBM | com/maddox/il2/objects/air/CockpitTBM1_BGunner | com/maddox/il2/objects/air/CockpitTBM1_Bombardier | com/maddox/il2/objects/air/CockpitTBM1_TGunner,com/maddox/il2/objects/air/TBM1,,player-capable-static,3DO/Plane/TBF-1(Multi1)/hier.him | 3DO/Plane/TBF-1(USA)/hier.him,REVIEW,flight-model reference found; internal Buttons entry not yet verified
72,TBM-3,air.TBM3,com/maddox/il2/objects/air/TBM3,,C:\Users\Alexis\DATA\Projets\GITHUB\IL2-1946-Open-Sturmovik\Files\C2D0C31C80D90176,loose,6425003B4D06468290703C772832A4FFF1E1737D9F01071CC58E8AC3A04BDC53,47,com/maddox/il2/objects/air/TBF,True,FlightModels/TBM-3.fmd,com/maddox/il2/objects/air/TBM3,reference-only-buttons-not-extracted,com/maddox/il2/objects/air/CockpitTBM3 | com/maddox/il2/objects/air/CockpitTBM3_BGunner | com/maddox/il2/objects/air/CockpitTBM3_TGunner,com/maddox/il2/objects/air/TBM3,,player-capable-static,3DO/Plane/TBM-3(Multi1)/hier.him | 3DO/Plane/TBM-3(USA)/hier.him,REVIEW,flight-model reference found; internal Buttons entry not yet verified
73,MartletMkII,air.MARTLETMKII,com/maddox/il2/objects/air/MARTLETMKII,NOINFO,C:\Users\Alexis\DATA\Projets\GITHUB\IL2-1946-Open-Sturmovik\Files\14EA3040D2AA5E1C,loose,4735E9A16B009893DC3FEA8C22B369FEED61A520D086F22A47F9E1C952D2DC06,47,com/maddox/il2/objects/air/F4F,True,FlightModels/MartletMkII.fmd,com/maddox/il2/objects/air/MARTLETMKII,reference-only-buttons-not-extracted,com/maddox/il2/objects/air/CockpitMARTLETMKII,com/maddox/il2/objects/air/MARTLETMKII,,player-capable-static,3DO/Plane/F4F-4(Multi1)/hier.him,REVIEW,flight-model reference found; internal Buttons entry not yet verified
74,GladiatorMkI,air.GLADIATOR1,com/maddox/il2/objects/air/GLADIATOR1,,C:\Users\Alexis\DATA\Projets\GITHUB\IL2-1946-Open-Sturmovik\Files\CBED1E32E34B7564,loose,6418D37662125213061E65C4F65B7BE9D0FCEFBEBA7FA6B126FB678203433345,47,com/maddox/il2/objects/air/GLADIATOR,True,FlightModels/GladiatorMkI.fmd,com/maddox/il2/objects/air/GLADIATOR1,reference-only-buttons-not-extracted,com/maddox/il2/objects/air/CockpitGLADIATOR1,com/maddox/il2/objects/air/GLADIATOR1,,player-capable-static,3DO/Plane/GladiatorMkI(Multi1)/hier.him | 3DO/Plane/GladiatorMkI(no)/hier.him,REVIEW,flight-model reference found; internal Buttons entry not yet verified
75,GladiatorMkII,air.GLADIATOR2,com/maddox/il2/objects/air/GLADIATOR2,NOINFO,C:\Users\Alexis\DATA\Projets\GITHUB\IL2-1946-Open-Sturmovik\Files\59AE3E28B45C97F6,loose,EE51843E0E1E2C547A1CD6E54C9AC7E915FD5D9C2707B67CF5C37A9210399A06,47,com/maddox/il2/objects/air/GLADIATOR,True,FlightModels/GladiatorMkII.fmd,com/maddox/il2/objects/air/GLADIATOR2,reference-only-buttons-not-extracted,com/maddox/il2/objects/air/CockpitGLADIATOR2,com/maddox/il2/objects/air/GLADIATOR2,,player-capable-static,3DO/Plane/GladiatorMkII(Multi1)/hier.him,REVIEW,flight-model reference found; internal Buttons entry not yet verified
76,SeaGladiatorMkII,air.SEAGLADIATOR2,com/maddox/il2/objects/air/SEAGLADIATOR2,NOINFO,C:\Users\Alexis\DATA\Projets\GITHUB\IL2-1946-Open-Sturmovik\Files\0F9CAC50153032F8,loose,61C0F4F5BE7AC87C1ED757A06351619AAA00D3FB336638B91AD826CECEF9B3C4,47,com/maddox/il2/objects/air/SEAGLADIATOR,True,FlightModels/SeaGladiatorMkII.fmd,com/maddox/il2/objects/air/SEAGLADIATOR2,reference-only-buttons-not-extracted,com/maddox/il2/objects/air/CockpitSEAGLADIATOR,com/maddox/il2/objects/air/SEAGLADIATOR2,,player-capable-static,3DO/Plane/SeaGladiatorMkII(GB)/hier.him | 3DO/Plane/SeaGladiatorMkII(Multi1)/hier.him,REVIEW,flight-model reference found; internal Buttons entry not yet verified
77,G-11,air.G_11,com/maddox/il2/objects/air/G_11,NOQUICK,C:\Users\Alexis\DATA\Projets\GITHUB\IL2-1946-Open-Sturmovik\Files\A834394C8D55C87E,loose,A140EFF9F837A2AAD467FB01F3C3870E0D44208149753E3FB9165B95CE1DB936,47,com/maddox/il2/objects/air/Scheme0,True,FlightModels/G-11.fmd,com/maddox/il2/objects/air/G_11,reference-only-buttons-not-extracted,com/maddox/il2/objects/air/CockpitG_11,com/maddox/il2/objects/air/G_11,,player-capable-static,3DO/Plane/G-11/hier.him,REVIEW,flight-model reference found; internal Buttons entry not yet verified
78,HalifaxBMkIII,air.HalifaxBMkIII,com/maddox/il2/objects/air/HalifaxBMkIII,NOINFO,C:\Users\Alexis\DATA\Projets\GITHUB\IL2-1946-Open-Sturmovik\Files\1DB2DC80205B842C,loose,66F8C38CAABB7E848BF0E6D4E6FECEA8F6E2F5EDE657C2E3AAF22B0EAB0970B0,47,com/maddox/il2/objects/air/Halifax,True,FlightModels/HalifaxBMkIII.fmd,com/maddox/il2/objects/air/HalifaxBMkIII,reference-only-buttons-not-extracted,com/maddox/il2/objects/air/CockpitHalifaxBMkIII | com/maddox/il2/objects/air/CockpitHalifaxBMkIII_AGunner | com/maddox/il2/objects/air/CockpitHalifaxBMkIII_Bombardier | com/maddox/il2/objects/air/CockpitHalifaxBMkIII_FGunner | com/maddox/il2/objects/air/CockpitHalifaxBMkIII_TGunner,com/maddox/il2/objects/air/HalifaxBMkIII,,player-capable-static,3DO/Plane/HALIFAX-B-Mk3(Multi1)/hier.him,REVIEW,flight-model reference found; internal Buttons entry not yet verified
79,HurricaneMkI,air.HurricaneMkIa,com/maddox/il2/objects/air/HurricaneMkIa,,C:\Users\Alexis\DATA\Projets\GITHUB\IL2-1946-Open-Sturmovik\WIP\labs\IL 2 Sturmovik 1946 Selector Dump\dump\com\maddox\il2\objects\air\HurricaneMkIa.class,selector-dump,EC3050E97BE3E06712742FAB716D4C019ECCBFC117050892F593DD23D3503E97,47,com/maddox/il2/objects/air/Hurricane,True,FlightModels/HurricaneMkI.fmd,com/maddox/il2/objects/air/HurricaneMkIa,reference-only-buttons-not-extracted,com/maddox/il2/objects/air/CockpitHURRI,com/maddox/il2/objects/air/HurricaneMkIa,,player-capable-static,3DO/Plane/HurricaneMkI(Finnish)/hier.him | 3DO/Plane/HurricaneMkI(Multi1)/hier.him,REVIEW,flight-model reference found; internal Buttons entry not yet verified
80,HurricaneMkIearly,air.HurricaneMkIvroeg,com/maddox/il2/objects/air/HurricaneMkIvroeg,NOINFO,C:\Users\Alexis\DATA\Projets\GITHUB\IL2-1946-Open-Sturmovik\Files\50381E2A0764CF56,loose,14418036A7AFFED5C7DFA937F578326A3B59E439AD1B6873F02387EBC8A9979E,47,com/maddox/il2/objects/air/Hurricane,True,FlightModels/HurricaneMkIvroeg.fmd,com/maddox/il2/objects/air/HurricaneMkIvroeg,reference-only-buttons-not-extracted,com/maddox/il2/objects/air/CockpitHURRIMkIvroeg,com/maddox/il2/objects/air/HurricaneMkIvroeg,,player-capable-static,3DO/Plane/HurricaneMkIvroeg/hier.him | 3DO/Plane/HurricaneMkIvroegBOF/hier.him,REVIEW,flight-model reference found; internal Buttons entry not yet verified
81,HurricaneMkILate,air.HurricaneMkIaLate,com/maddox/il2/objects/air/HurricaneMkIaLate,,C:\Users\Alexis\DATA\Projets\GITHUB\IL2-1946-Open-Sturmovik\Files\3D3EFA9AFD1E0228,loose,53168F55F41786966DA28884B109CD50C63B1E0E5E5DC017177952F1B2430341,47,com/maddox/il2/objects/air/Hurricane,True,FlightModels/HurricaneMkIaT.fmd,com/maddox/il2/objects/air/HurricaneMkIaLate,reference-only-buttons-not-extracted,com/maddox/il2/objects/air/CockpitHURRI,com/maddox/il2/objects/air/HurricaneMkIaLate,,player-capable-static,3DO/Plane/HurricaneMkILate(Multi1)/hier.him,REVIEW,flight-model reference found; internal Buttons entry not yet verified
82,HurricaneMkIaT,air.HurricaneMkIaT,com/maddox/il2/objects/air/HurricaneMkIaT,NOINFO,C:\Users\Alexis\DATA\Projets\GITHUB\IL2-1946-Open-Sturmovik\Files\71C6E804621260E2,loose,81A5BF62E72931FCC992B11FA8ECF42A119EE0D407CB44F94AFC0FEAEA61A7FF,47,com/maddox/il2/objects/air/Hurricane,True,FlightModels/HurricaneMkI.fmd,com/maddox/il2/objects/air/HurricaneMkIaT,reference-only-buttons-not-extracted,com/maddox/il2/objects/air/CockpitHURRI,com/maddox/il2/objects/air/HurricaneMkIaT,,player-capable-static,3DO/Plane/HurricaneMkIT(Multi1)/hier.him,REVIEW,flight-model reference found; internal Buttons entry not yet verified
83,HurricaneMkIb,air.HurricaneMkIb,com/maddox/il2/objects/air/HurricaneMkIb,NOINFO,C:\Users\Alexis\DATA\Projets\GITHUB\IL2-1946-Open-Sturmovik\Files\0de4ad16ac7cd618,loose,B236BB94402C2B6BA5B889FDB3F9BBF5BCAC21D2CFFCBAAFDE94E1997B5E1DA9,47,com/maddox/il2/objects/air/Hurricane,True,FlightModels/HurricaneMkIb.fmd,com/maddox/il2/objects/air/HurricaneMkIb,reference-only-buttons-not-extracted,com/maddox/il2/objects/air/CockpitHURRI,com/maddox/il2/objects/air/HurricaneMkIb,,player-capable-static,3DO/Plane/HurricaneMkI(Multi1)/hier.him,REVIEW,flight-model reference found; internal Buttons entry not yet verified
84,HurricaneMkIbT,air.HurricaneMkIbT,com/maddox/il2/objects/air/HurricaneMkIbT,NOINFO,C:\Users\Alexis\DATA\Projets\GITHUB\IL2-1946-Open-Sturmovik\Files\583b78282afa53f6,loose,AE568B45EE350C2575E49E507462E72C262503D64A19126C19AF194375036693,47,com/maddox/il2/objects/air/Hurricane,True,FlightModels/HurricaneMkIb.fmd,com/maddox/il2/objects/air/HurricaneMkIbT,reference-only-buttons-not-extracted,com/maddox/il2/objects/air/CockpitHURRI,com/maddox/il2/objects/air/HurricaneMkIbT,,player-capable-static,3DO/Plane/HurricaneMkIT(Multi1)/hier.him,REVIEW,flight-model reference found; internal Buttons entry not yet verified
85,HurricaneMkIIa,air.HurricaneMkIIa,com/maddox/il2/objects/air/HurricaneMkIIa,,C:\Users\Alexis\DATA\Projets\GITHUB\IL2-1946-Open-Sturmovik\Files\BC6FFAD832C8A6CC,loose,41B870678191E72608B6252A69509EA844D0C4A6ADC0F7BA45810CD44466B049,47,com/maddox/il2/objects/air/Hurricane,True,FlightModels/HurricaneMkIIa.fmd,com/maddox/il2/objects/air/HurricaneMkIIa,reference-only-buttons-not-extracted,com/maddox/il2/objects/air/CockpitHURRII,com/maddox/il2/objects/air/HurricaneMkIIa,,player-capable-static,3DO/Plane/HurricaneMkIIa(GB)/hier.him | 3DO/Plane/HurricaneMkIIa(Multi1)/hier.him,REVIEW,flight-model reference found; internal Buttons entry not yet verified
86,HurricaneMkIIb,air.HurricaneMkIIb,com/maddox/il2/objects/air/HurricaneMkIIb,,C:\Users\Alexis\DATA\Projets\GITHUB\IL2-1946-Open-Sturmovik\WIP\labs\IL 2 Sturmovik 1946 Selector Dump\dump\com\maddox\il2\objects\air\HurricaneMkIIb.class,selector-dump,3B5AB14D983AF9641C6D3EC0D342061B37F41C04EA0245E3FB2011FC0FB3E62B,47,com/maddox/il2/objects/air/Hurricane,True,FlightModels/HurricaneMkII.fmd,com/maddox/il2/objects/air/HurricaneMkIIb,reference-only-buttons-not-extracted,com/maddox/il2/objects/air/CockpitHURRII,com/maddox/il2/objects/air/HurricaneMkIIb,,player-capable-static,3DO/Plane/HurricaneMkIIb(Multi1)/hier.him,REVIEW,flight-model reference found; internal Buttons entry not yet verified
87,HurricaneMkIIbMod,air.HurricaneMkIIbMod,com/maddox/il2/objects/air/HurricaneMkIIbMod,,C:\Users\Alexis\DATA\Projets\GITHUB\IL2-1946-Open-Sturmovik\WIP\labs\IL 2 Sturmovik 1946 Selector Dump\dump\com\maddox\il2\objects\air\HurricaneMkIIbMod.class,selector-dump,719EEEF759BC4792D19BD932300B6D00025779794AAF2CF7EDCC08B98B054B0D,47,com/maddox/il2/objects/air/Hurricane,True,FlightModels/HurricaneMkIIMod.fmd,com/maddox/il2/objects/air/HurricaneMkIIbMod,reference-only-buttons-not-extracted,com/maddox/il2/objects/air/CockpitHURRII,com/maddox/il2/objects/air/HurricaneMkIIbMod,,player-capable-static,3DO/Plane/HurricaneMkIIbMod(Multi1)/hier.him,REVIEW,flight-model reference found; internal Buttons entry not yet verified
88,HurricaneMkIIbT,air.HurricaneMkIIbT,com/maddox/il2/objects/air/HurricaneMkIIbT,NOINFO,C:\Users\Alexis\DATA\Projets\GITHUB\IL2-1946-Open-Sturmovik\Files\B6EE3DB09CAE3F02,loose,2469E3D893D3CD3689FD8052200932BBE74A9FC0B9133A908C1B74F34DCB6A27,47,com/maddox/il2/objects/air/Hurricane,True,FlightModels/HurricaneMkII.fmd,com/maddox/il2/objects/air/HurricaneMkIIbT,reference-only-buttons-not-extracted,com/maddox/il2/objects/air/CockpitHURRI,com/maddox/il2/objects/air/HurricaneMkIIbT,,player-capable-static,3DO/Plane/HurricaneMkIIbT(Multi1)/hier.him,REVIEW,flight-model reference found; internal Buttons entry not yet verified
89,HurricaneMkIIc,air.HurricaneMkIIc,com/maddox/il2/objects/air/HurricaneMkIIc,,C:\Users\Alexis\DATA\Projets\GITHUB\IL2-1946-Open-Sturmovik\WIP\labs\IL 2 Sturmovik 1946 Selector Dump\dump\com\maddox\il2\objects\air\HurricaneMkIIc.class,selector-dump,D2303AABF72862F676BCF6E7B3BB465E791628B06A3A24259BAFE8A0CCA48AAA,47,com/maddox/il2/objects/air/Hurricane,True,FlightModels/HurricaneMkII.fmd,com/maddox/il2/objects/air/HurricaneMkIIc,reference-only-buttons-not-extracted,com/maddox/il2/objects/air/CockpitHURRII,com/maddox/il2/objects/air/HurricaneMkIIc,,player-capable-static,3DO/Plane/HurricaneMkIIc(Multi1)/hier.him,REVIEW,flight-model reference found; internal Buttons entry not yet verified
90,HurricaneMkIId,air.HurricaneMkIId,com/maddox/il2/objects/air/HurricaneMkIId,NOINFO,C:\Users\Alexis\DATA\Projets\GITHUB\IL2-1946-Open-Sturmovik\Files\15D11C6E5004F03A,loose,24F65E7AF16C0E0423A2088D03BC81B0052435D4B2F3DAE7D9548DEDF5C13095,47,com/maddox/il2/objects/air/Hurricane,True,FlightModels/HurricaneMkIId.fmd,com/maddox/il2/objects/air/HurricaneMkIId,reference-only-buttons-not-extracted,com/maddox/il2/objects/air/CockpitHURRII,com/maddox/il2/objects/air/HurricaneMkIId,,player-capable-static,3DO/Plane/HurricaneMkIId(Multi1)/hier.him,REVIEW,flight-model reference found; internal Buttons entry not yet verified
91,HurricaneEx,air.HurricaneEx,com/maddox/il2/objects/air/HurricaneEx,,C:\Users\Alexis\DATA\Projets\GITHUB\IL2-1946-Open-Sturmovik\Files\362EA96E38BB3A9C,loose,E8006C6F3EFE3FBB03E1F2EFE8A354C6CEB1C3C434BC4E29B3C61A08998C55A8,47,com/maddox/il2/objects/air/Hurricane,True,FlightModels/HurricaneMkI.fmd,com/maddox/il2/objects/air/HurricaneEx,reference-only-buttons-not-extracted,com/maddox/il2/objects/air/CockpitSpit5B,com/maddox/il2/objects/air/HurricaneEx,,player-capable-static,3DO/Plane/HurricaneEx(Finnish)/hier.him | 3DO/Plane/HurricaneEx(Multi1)/hier.him,REVIEW,flight-model reference found; internal Buttons entry not yet verified
92,SeaHurricaneMkIbLegacy,air.SEAHURRICANE1,com/maddox/il2/objects/air/SEAHURRICANE1,NOINFO,C:\Users\Alexis\DATA\Projets\GITHUB\IL2-1946-Open-Sturmovik\Files\241F114602888C86,loose,909E93E5F056F9FB25742CE29B5B2E645DE647DE100129382A0CE0EBE73AECBD,47,com/maddox/il2/objects/air/Hurricane,True,FlightModels/SeaHurricaneMkI.fmd,com/maddox/il2/objects/air/SEAHURRICANE1,reference-only-buttons-not-extracted,com/maddox/il2/objects/air/CockpitSEAHURRICANE1,com/maddox/il2/objects/air/SEAHURRICANE1,,player-capable-static,3DO/Plane/SeaHurricaneMkIb(GB)/hier.him | 3DO/Plane/SeaHurricaneMkIb(Multi1)/hier.him,REVIEW,flight-model reference found; internal Buttons entry not yet verified
93,SeaHurricaneMkIb,air.SeaHurricaneMkIb,com/maddox/il2/objects/air/SeaHurricaneMkIb,,C:\Users\Alexis\DATA\Projets\GITHUB\IL2-1946-Open-Sturmovik\Files\5DE6FA6CC7A338B6,loose,80A3DFA50B49945D41D391713494F239BEF5D83CC5D8391435D4F37C5D8BFD68,47,com/maddox/il2/objects/air/Hurricane,True,FlightModels/SeaHurricaneMkIb.fmd,com/maddox/il2/objects/air/SeaHurricaneMkIb,reference-only-buttons-not-extracted,com/maddox/il2/objects/air/CockpitHURRI,com/maddox/il2/objects/air/SeaHurricaneMkIb,,player-capable-static,3DO/Plane/SeaHurricaneMkIb(Multi1)/hier.him,REVIEW,flight-model reference found; internal Buttons entry not yet verified
94,SeaHurricaneMkIc,air.SeaHurricaneMkIc,com/maddox/il2/objects/air/SeaHurricaneMkIc,,C:\Users\Alexis\DATA\Projets\GITHUB\IL2-1946-Open-Sturmovik\Files\69B32AC85F0C264A,loose,BE06E625310C1ED1B131C05520C07E4133C977870CFBBC835F2859115DB237CB,47,com/maddox/il2/objects/air/Hurricane,True,FlightModels/SeaHurricaneMkIb.fmd,com/maddox/il2/objects/air/SeaHurricaneMkIc,reference-only-buttons-not-extracted,com/maddox/il2/objects/air/CockpitHURRI,com/maddox/il2/objects/air/SeaHurricaneMkIc,,player-capable-static,3DO/Plane/SeaHurricaneMkIc(Multi1)/hier.him,REVIEW,flight-model reference found; internal Buttons entry not yet verified
95,SeaHurricaneMkIIb,air.SeaHurricaneMkIIb,com/maddox/il2/objects/air/SeaHurricaneMkIIb,,C:\Users\Alexis\DATA\Projets\GITHUB\IL2-1946-Open-Sturmovik\Files\2AD77E984660BB42,loose,8A61748B4D274883642D11A97202ABE9D3ADE1DF36F9B3874C1D193053C8FB60,47,com/maddox/il2/objects/air/Hurricane,True,FlightModels/SeaHurricaneMkIIb.fmd,com/maddox/il2/objects/air/SeaHurricaneMkIIb,reference-only-buttons-not-extracted,com/maddox/il2/objects/air/CockpitHURRII,com/maddox/il2/objects/air/SeaHurricaneMkIIb,,player-capable-static,3DO/Plane/SeaHurricaneMkIIb(Multi1)/hier.him,REVIEW,flight-model reference found; internal Buttons entry not yet verified
96,SeaHurricaneMkIIcLegacy,air.SEAHURRICANE2,com/maddox/il2/objects/air/SEAHURRICANE2,NOINFO,C:\Users\Alexis\DATA\Projets\GITHUB\IL2-1946-Open-Sturmovik\Files\C89D2ED441DAB3A6,loose,806C22D372E5BB44DBD9F497143BA55FD7EDEB688DAD6F49B2B61C5C18E9A6D1,47,com/maddox/il2/objects/air/Hurricane,True,FlightModels/SeaHurricaneMkII.fmd,com/maddox/il2/objects/air/SEAHURRICANE2,reference-only-buttons-not-extracted,com/maddox/il2/objects/air/CockpitSEAHURRICANE2,com/maddox/il2/objects/air/SEAHURRICANE2,,player-capable-static,3DO/Plane/SeaHurricaneMkIIc(GB)/hier.him | 3DO/Plane/SeaHurricaneMkIIc(Multi1)/hier.him,REVIEW,flight-model reference found; internal Buttons entry not yet verified
97,SeaHurricaneMkIIc,air.SeaHurricaneMkIIc,com/maddox/il2/objects/air/SeaHurricaneMkIIc,,C:\Users\Alexis\DATA\Projets\GITHUB\IL2-1946-Open-Sturmovik\Files\89A1D49E4DF2B6B6,loose,5B5A7D0B114A16A594392D2F6D3014F0AAC7922BDB218EAEA78F51D9F05ABBD7,47,com/maddox/il2/objects/air/Hurricane,True,FlightModels/SeaHurricaneMkIIb.fmd,com/maddox/il2/objects/air/SeaHurricaneMkIIc,reference-only-buttons-not-extracted,com/maddox/il2/objects/air/CockpitHURRII,com/maddox/il2/objects/air/SeaHurricaneMkIIc,,player-capable-static,3DO/Plane/SeaHurricaneMkIIc(Multi1)/hier.him,REVIEW,flight-model reference found; internal Buttons entry not yet verified
98,SeaFuryMkX,air.SeaFury_MkX,com/maddox/il2/objects/air/SeaFury_MkX,NOINFO,C:\Users\Alexis\DATA\Projets\GITHUB\IL2-1946-Open-Sturmovik\Files\E746FDC21FFA28AC,loose,E827405516D84AF3CB55F402CCBE084AB28F3B8240E1307B5497F9D83B6C450B,47,com/maddox/il2/objects/air/SeaFury,True,FlightModels/F4U-1C.fmd,com/maddox/il2/objects/air/SeaFury_MkX,reference-only-buttons-not-extracted,com/maddox/il2/objects/air/CockpitTemp5,com/maddox/il2/objects/air/SeaFury_MkX,,player-capable-static,3DO/Plane/SeaFury_MkX/hier.him,REVIEW,flight-model reference found; internal Buttons entry not yet verified
99,TempestMkV,air.TEMPEST5,com/maddox/il2/objects/air/TEMPEST5,NOINFO,C:\Users\Alexis\DATA\Projets\GITHUB\IL2-1946-Open-Sturmovik\Files\EE84A46216DA985A,loose,AACC16EA36B0CBFA39E9A5812107B0418DE1133E74FE0DCB10CCFB089B62BE06,47,com/maddox/il2/objects/air/TEMPEST,True,FlightModels/TempestMkV.fmd,com/maddox/il2/objects/air/TEMPEST5,reference-only-buttons-not-extracted,com/maddox/il2/objects/air/CockpitTemp5,com/maddox/il2/objects/air/TEMPEST5,,player-capable-static,3DO/Plane/TempestMkV(GB)/hier.him | 3DO/Plane/TempestMkV(Multi1)/hier.him,REVIEW,flight-model reference found; internal Buttons entry not yet verified
100,TempestMkV11Lbs,air.TEMPEST511LBS,com/maddox/il2/objects/air/TEMPEST511LBS,NOINFO,C:\Users\Alexis\DATA\Projets\GITHUB\IL2-1946-Open-Sturmovik\Files\AE8CA91AEC317D0E,loose,1875997226FD87E08F641FC515A58A8363B86A216704AF3BC5F26E79D2ABFF28,46,com/maddox/il2/objects/air/TEMPEST,True,FlightModels/TempestMkV11.fmd,com/maddox/il2/objects/air/TEMPEST511LBS,reference-only-buttons-not-extracted,com/maddox/il2/objects/air/CockpitTemp5,com/maddox/il2/objects/air/TEMPEST511LBS,,player-capable-static,3DO/Plane/TempestMkV(GB)/hier.him | 3DO/Plane/TempestMkV(Multi1)/hier.him,REVIEW,flight-model reference found; internal Buttons entry not yet verified
101,TempestMkV13Lbs,air.TEMPEST513LBS,com/maddox/il2/objects/air/TEMPEST513LBS,NOINFO,C:\Users\Alexis\DATA\Projets\GITHUB\IL2-1946-Open-Sturmovik\Files\87B8A9BE3623E128,loose,3202072ECB48AE80FF211E6C3FD65F472D9EB50D1C24C7E1CE1CD626B772E9AB,46,com/maddox/il2/objects/air/TEMPEST,True,FlightModels/TempestMkV13.fmd,com/maddox/il2/objects/air/TEMPEST513LBS,reference-only-buttons-not-extracted,com/maddox/il2/objects/air/CockpitTemp5,com/maddox/il2/objects/air/TEMPEST513LBS,,player-capable-static,3DO/Plane/TempestMkV(GB)/hier.him | 3DO/Plane/TempestMkV(Multi1)/hier.him,REVIEW,flight-model reference found; internal Buttons entry not yet verified
102,TyphoonMkIB,air.TYPHOON1B,com/maddox/il2/objects/air/TYPHOON1B,NOINFO,C:\Users\Alexis\DATA\Projets\GITHUB\IL2-1946-Open-Sturmovik\Files\3F5A819A50F6D382,loose,8B2FF7BDDFFFFCB3E85DE16921F7F205F7073FB776206827E606A1FCCE0FD770,47,com/maddox/il2/objects/air/TEMPEST,True,FlightModels/Typhoon1B.fmd,com/maddox/il2/objects/air/TYPHOON1B,reference-only-buttons-not-extracted,com/maddox/il2/objects/air/CockpitTYPHOON1B,com/maddox/il2/objects/air/TYPHOON1B,,player-capable-static,3DO/Plane/TyphoonMkIB(GB)/hier.him | 3DO/Plane/TyphoonMkIB(Multi1)/hier.him,REVIEW,flight-model reference found; internal Buttons entry not yet verified
103,TyphoonMkIBLate,air.TYPHOON1BLate,com/maddox/il2/objects/air/TYPHOON1BLate,NOINFO,C:\Users\Alexis\DATA\Projets\GITHUB\IL2-1946-Open-Sturmovik\Files\384C22847A1D4ED0,loose,709CB2FFAA29E07A3C3792A339E2BD58A7338134B94726B0C180DCAEA01516B7,47,com/maddox/il2/objects/air/TEMPEST,True,FlightModels/Typhoon1B.fmd,com/maddox/il2/objects/air/TYPHOON1BLate,reference-only-buttons-not-extracted,com/maddox/il2/objects/air/CockpitTemp5,com/maddox/il2/objects/air/TYPHOON1BLate,,player-capable-static,3DO/Plane/TyphoonMkIBLate(GB)/hier.him | 3DO/Plane/TyphoonMkIBLate(Multi1)/hier.him,REVIEW,flight-model reference found; internal Buttons entry not yet verified
104,DB-3b,air.IL_4_DB3B,com/maddox/il2/objects/air/IL_4_DB3B,NOINFO,C:\Users\Alexis\DATA\Projets\GITHUB\IL2-1946-Open-Sturmovik\Files\40706B423CAF2CF8,loose,27290A8F91362D719075B9524F516EAF8DC0E8881F521976EF65350CB6D56831,47,com/maddox/il2/objects/air/IL_4,True,FlightModels/DB-3B.fmd,com/maddox/il2/objects/air/IL_4_DB3B,reference-only-buttons-not-extracted,com/maddox/il2/objects/air/CockpitDB3B | com/maddox/il2/objects/air/CockpitDB3B_BGunner | com/maddox/il2/objects/air/CockpitDB3B_Bombardier | com/maddox/il2/objects/air/CockpitDB3B_FGunner | com/maddox/il2/objects/air/CockpitDB3B_TGunner,com/maddox/il2/objects/air/IL_4_DB3B,,player-capable-static,3DO/Plane/DB-3B/hier.him,REVIEW,flight-model reference found; internal Buttons entry not yet verified
105,DB-3M,air.IL_4_DB3M,com/maddox/il2/objects/air/IL_4_DB3M,,C:\Users\Alexis\DATA\Projets\GITHUB\IL2-1946-Open-Sturmovik\Files\B5B5AC4C356E81AE,loose,54AA21EDC9098538D849272FF1B02F0BB7EFA58C9E152CE4356DE2A8FAF8495E,47,com/maddox/il2/objects/air/IL_4,True,FlightModels/DB-3M.fmd,com/maddox/il2/objects/air/IL_4_DB3M,reference-only-buttons-not-extracted,com/maddox/il2/objects/air/CockpitDB3M | com/maddox/il2/objects/air/CockpitDB3M_BGunner | com/maddox/il2/objects/air/CockpitDB3M_Bombardier | com/maddox/il2/objects/air/CockpitDB3M_FGunner | com/maddox/il2/objects/air/CockpitDB3M_TGunner,com/maddox/il2/objects/air/IL_4_DB3M,,player-capable-static,3DO/Plane/DB-3M/hier.him,REVIEW,flight-model reference found; internal Buttons entry not yet verified
106,DB-3T,air.IL_4_DB3T,com/maddox/il2/objects/air/IL_4_DB3T,NOINFO,C:\Users\Alexis\DATA\Projets\GITHUB\IL2-1946-Open-Sturmovik\Files\F9384EB2AB4E9554,loose,FC3C9732B92D410D7FE7BBB08A4BA540DA38518831167CE5D9C3F46B3B7C008A,47,com/maddox/il2/objects/air/IL_4,True,FlightModels/DB-3T.fmd,com/maddox/il2/objects/air/IL_4_DB3T,reference-only-buttons-not-extracted,com/maddox/il2/objects/air/CockpitDB3T | com/maddox/il2/objects/air/CockpitDB3T_BGunner | com/maddox/il2/objects/air/CockpitDB3T_Bombardier | com/maddox/il2/objects/air/CockpitDB3T_FGunner | com/maddox/il2/objects/air/CockpitDB3T_TGunner,com/maddox/il2/objects/air/IL_4_DB3T,,player-capable-static,3DO/Plane/DB-3T/hier.him,REVIEW,flight-model reference found; internal Buttons entry not yet verified
107,Il-2_1940_Early,air.IL_2_1940Early,com/maddox/il2/objects/air/IL_2_1940Early,,C:\Users\Alexis\DATA\Projets\GITHUB\IL2-1946-Open-Sturmovik\WIP\labs\IL 2 Sturmovik 1946 Selector Dump\dump\com\maddox\il2\objects\air\IL_2_1940Early.class,selector-dump,AE2542232C0357919E5FD87B77782C041C525C68D00E4AAEF8AE7D1C81ECBDDF,47,com/maddox/il2/objects/air/IL_2,True,FlightModels/Il-2-1940.fmd,com/maddox/il2/objects/air/IL_2_1940Early,reference-only-buttons-not-extracted,com/maddox/il2/objects/air/CockpitIL_2_1940,com/maddox/il2/objects/air/IL_2_1940Early,,player-capable-static,3do/plane/Il-2-1940Early(Multi1)/hier.him | 3do/plane/Il-2-1940Early/hier.him,REVIEW,flight-model reference found; internal Buttons entry not yet verified
108,Il-2_1940_Late,air.IL_2_1940Late,com/maddox/il2/objects/air/IL_2_1940Late,,C:\Users\Alexis\DATA\Projets\GITHUB\IL2-1946-Open-Sturmovik\WIP\labs\IL 2 Sturmovik 1946 Selector Dump\dump\com\maddox\il2\objects\air\IL_2_1940Late.class,selector-dump,F34BCFD155BB43CBBD281C5735EF645F6A59091667E2752A2074FEAE6F43DA79,47,com/maddox/il2/objects/air/IL_2,True,FlightModels/Il-2-1940.fmd,com/maddox/il2/objects/air/IL_2_1940Late,reference-only-buttons-not-extracted,com/maddox/il2/objects/air/CockpitIL_2_1940,com/maddox/il2/objects/air/IL_2_1940Late,,player-capable-static,3do/plane/Il-2-1940Late(Multi1)/hier.him | 3do/plane/Il-2-1940Late/hier.him,REVIEW,flight-model reference found; internal Buttons entry not yet verified
109,Il-2_1941_Early,air.IL_2_1941Early,com/maddox/il2/objects/air/IL_2_1941Early,,C:\Users\Alexis\DATA\Projets\GITHUB\IL2-1946-Open-Sturmovik\WIP\labs\IL 2 Sturmovik 1946 Selector Dump\dump\com\maddox\il2\objects\air\IL_2_1941Early.class,selector-dump,381A74CC0690F85246B25278C0D5A6933DE89C5EAA23E7B008C13F3B6F26C56B,47,com/maddox/il2/objects/air/IL_2,True,FlightModels/Il-2-1941.fmd,com/maddox/il2/objects/air/IL_2_1941Early,reference-only-buttons-not-extracted,com/maddox/il2/objects/air/CockpitIL_2_1940,com/maddox/il2/objects/air/IL_2_1941Early,,player-capable-static,3do/plane/Il-2-1941Early(Multi1)/hier.him | 3do/plane/Il-2-1941Early/hier.him,REVIEW,flight-model reference found; internal Buttons entry not yet verified
110,Il-2_1941_Late,air.IL_2_1941Late,com/maddox/il2/objects/air/IL_2_1941Late,,C:\Users\Alexis\DATA\Projets\GITHUB\IL2-1946-Open-Sturmovik\WIP\labs\IL 2 Sturmovik 1946 Selector Dump\dump\com\maddox\il2\objects\air\IL_2_1941Late.class,selector-dump,580A9BA2A7CC68F5FE8FB21445FD7CD1EFEBAC271DB61D27E47A06C38A069F96,47,com/maddox/il2/objects/air/IL_2,True,FlightModels/Il-2-1941.fmd,com/maddox/il2/objects/air/IL_2_1941Late,reference-only-buttons-not-extracted,com/maddox/il2/objects/air/CockpitIL_2_1940,com/maddox/il2/objects/air/IL_2_1941Late,,player-capable-static,3do/plane/Il-2-1941Late(Multi1)/hier.him | 3do/plane/Il-2-1941Late/hier.him,REVIEW,flight-model reference found; internal Buttons entry not yet verified
111,Il-2_3,air.IL_2Type3,com/maddox/il2/objects/air/IL_2Type3,,C:\Users\Alexis\DATA\Projets\GITHUB\IL2-1946-Open-Sturmovik\WIP\labs\IL 2 Sturmovik 1946 Selector Dump\dump\com\maddox\il2\objects\air\IL_2Type3.class,selector-dump,4068182B91B96F8C59C3F68F71499DD2C7B809D54DF579C7AE2016EADFC92FB8,47,com/maddox/il2/objects/air/IL_2,True,FlightModels/Il-2M3.fmd,com/maddox/il2/objects/air/IL_2Type3,reference-only-buttons-not-extracted,com/maddox/il2/objects/air/CockpitIL2_Gunner | com/maddox/il2/objects/air/CockpitIL_2_1942,com/maddox/il2/objects/air/IL_2Type3,,player-capable-static,3do/plane/Il-2Type3(Multi1)/hier.him | 3do/plane/Il-2Type3/hier.him,REVIEW,flight-model reference found; internal Buttons entry not yet verified
112,Il-2_M3,air.IL_2Type3M,com/maddox/il2/objects/air/IL_2Type3M,,C:\Users\Alexis\DATA\Projets\GITHUB\IL2-1946-Open-Sturmovik\Files\FBEDBD1218B7D586,loose,DBEB295E89FAF1063EBDE998FAEA9C9FC442F169B6231D983F7FE14FC35C9088,47,com/maddox/il2/objects/air/IL_2,True,FlightModels/Il-2M3NS.fmd,com/maddox/il2/objects/air/IL_2Type3M,reference-only-buttons-not-extracted,com/maddox/il2/objects/air/CockpitIL2_Gunner | com/maddox/il2/objects/air/CockpitIL_2_1942,com/maddox/il2/objects/air/IL_2Type3M,,player-capable-static,3do/plane/Il-2Type3M(Multi1)/hier.him | 3do/plane/Il-2Type3M(bl)/hier.him | 3do/plane/Il-2Type3M/hier.him,REVIEW,flight-model reference found; internal Buttons entry not yet verified
113,Il-2I,air.IL_2I,com/maddox/il2/objects/air/IL_2I,,C:\Users\Alexis\DATA\Projets\GITHUB\IL2-1946-Open-Sturmovik\WIP\labs\IL 2 Sturmovik 1946 Selector Dump\dump\com\maddox\il2\objects\air\IL_2I.class,selector-dump,CFC97F1036E82BA4C52175FAF5BBEFC94F6BD8F4F12182250BF6952D8F503390,47,com/maddox/il2/objects/air/IL_2,True,FlightModels/Il-2I.fmd,com/maddox/il2/objects/air/IL_2I,reference-only-buttons-not-extracted,com/maddox/il2/objects/air/CockpitIL_2_1942,com/maddox/il2/objects/air/IL_2I,,player-capable-static,3do/plane/Il-2I(Multi1)/hier.him | 3do/plane/Il-2I/hier.him,REVIEW,flight-model reference found; internal Buttons entry not yet verified
114,Il-2I_DZZMod,air.IL_2I_DZZ,com/maddox/il2/objects/air/IL_2I_DZZ,,C:\Users\Alexis\DATA\Projets\GITHUB\IL2-1946-Open-Sturmovik\Files\79C68FD8A16F8F46,loose,AAA5BE7EBCD68BA39B90D3B63B2DB7EE2E47C1FA2DD9FB13EC4937ADB46FBB44,47,com/maddox/il2/objects/air/IL_2,True,FlightModels/Il-2I.fmd,com/maddox/il2/objects/air/IL_2I_DZZ,reference-only-buttons-not-extracted,com/maddox/il2/objects/air/CockpitIL_2_1942,com/maddox/il2/objects/air/IL_2I_DZZ,,player-capable-static,3do/plane/Il-2I(Multi1)/hier.him | 3do/plane/Il-2I/hier.him,REVIEW,flight-model reference found; internal Buttons entry not yet verified
115,Il-2M_Early,air.IL_2MEarly,com/maddox/il2/objects/air/IL_2MEarly,,C:\Users\Alexis\DATA\Projets\GITHUB\IL2-1946-Open-Sturmovik\WIP\labs\IL 2 Sturmovik 1946 Selector Dump\dump\com\maddox\il2\objects\air\IL_2MEarly.class,selector-dump,419F8B20468D723C398AEC3CC2708A100D6741C752680F7C375BD0884162CD3F,47,com/maddox/il2/objects/air/IL_2,True,FlightModels/Il-2MEarly.fmd,com/maddox/il2/objects/air/IL_2MEarly,reference-only-buttons-not-extracted,com/maddox/il2/objects/air/CockpitIL2_Gunner | com/maddox/il2/objects/air/CockpitIL_2_1942,com/maddox/il2/objects/air/IL_2MEarly,,player-capable-static,3do/plane/Il-2MEarly(Multi1)/hier.him | 3do/plane/Il-2MEarly/hier.him,REVIEW,flight-model reference found; internal Buttons entry not yet verified
116,Il-2M_Late,air.IL_2MLate,com/maddox/il2/objects/air/IL_2MLate,,C:\Users\Alexis\DATA\Projets\GITHUB\IL2-1946-Open-Sturmovik\WIP\labs\IL 2 Sturmovik 1946 Selector Dump\dump\com\maddox\il2\objects\air\IL_2MLate.class,selector-dump,1B4412087D2692C72D2D207C762CA306FA1F328C2C99AEDFD9EFB5D8F9F8E1B1,47,com/maddox/il2/objects/air/IL_2,True,FlightModels/Il-2MLate.fmd,com/maddox/il2/objects/air/IL_2MLate,reference-only-buttons-not-extracted,com/maddox/il2/objects/air/CockpitIL2_GunnerOpen | com/maddox/il2/objects/air/CockpitIL_2_1942,com/maddox/il2/objects/air/IL_2MLate,,player-capable-static,3do/plane/Il-2MLate(Multi1)/hier.him | 3do/plane/Il-2MLate/hier.him,REVIEW,flight-model reference found; internal Buttons entry not yet verified
117,Il-2T,air.IL_2T,com/maddox/il2/objects/air/IL_2T,,C:\Users\Alexis\DATA\Projets\GITHUB\IL2-1946-Open-Sturmovik\WIP\labs\IL 2 Sturmovik 1946 Selector Dump\dump\com\maddox\il2\objects\air\IL_2T.class,selector-dump,DB18B61D8D88E9D14106BE19A2A1C6BB7800549068E85F090CD17AD6D7C937A3,47,com/maddox/il2/objects/air/IL_2,True,FlightModels/Il-2M3.fmd,com/maddox/il2/objects/air/IL_2T,reference-only-buttons-not-extracted,com/maddox/il2/objects/air/CockpitIL2_Gunner | com/maddox/il2/objects/air/CockpitIL_2_1942,com/maddox/il2/objects/air/IL_2T,,player-capable-static,3do/plane/Il-2T(Multi1)/hier.him | 3do/plane/Il-2T/hier.him,REVIEW,flight-model reference found; internal Buttons entry not yet verified
118,Il-2T_DZZMod,air.IL_2T_DZZ,com/maddox/il2/objects/air/IL_2T_DZZ,,C:\Users\Alexis\DATA\Projets\GITHUB\IL2-1946-Open-Sturmovik\Files\B87F0B6CAD191388,loose,26C69B67EA6707C2309085410810FA0A25E7B5CFFD4E61DD436A39B56E6AFA9D,47,com/maddox/il2/objects/air/IL_2,True,FlightModels/Il-2M3.fmd,com/maddox/il2/objects/air/IL_2T_DZZ,reference-only-buttons-not-extracted,com/maddox/il2/objects/air/CockpitIL2_Gunner | com/maddox/il2/objects/air/CockpitIL_2_1942,com/maddox/il2/objects/air/IL_2T_DZZ,,player-capable-static,3do/plane/Il-2T(Multi1)/hier.him | 3do/plane/Il-2T/hier.him,REVIEW,flight-model reference found; internal Buttons entry not yet verified
119,Il-4,air.IL_4_IL4,com/maddox/il2/objects/air/IL_4_IL4,,C:\Users\Alexis\DATA\Projets\GITHUB\IL2-1946-Open-Sturmovik\Files\4CAA4D4ABD1BDF00,loose,C7DA51ACE536EC73235FE4F1C79DC684ABFD98C81A057BC183E80EE7E99FDE74,47,com/maddox/il2/objects/air/IL_4,True,FlightModels/Il-4.fmd,com/maddox/il2/objects/air/IL_4_IL4,reference-only-buttons-not-extracted,com/maddox/il2/objects/air/CockpitIL4 | com/maddox/il2/objects/air/CockpitIL4_BGunner | com/maddox/il2/objects/air/CockpitIL4_Bombardier | com/maddox/il2/objects/air/CockpitIL4_FGunner | com/maddox/il2/objects/air/CockpitIL4_TGunner,com/maddox/il2/objects/air/IL_4_IL4,,player-capable-static,3DO/Plane/Il-4/hier.him,REVIEW,flight-model reference found; internal Buttons entry not yet verified
120,Il-4_Late,air.IL_4_IL4late,com/maddox/il2/objects/air/IL_4_IL4late,,C:\Users\Alexis\DATA\Projets\GITHUB\IL2-1946-Open-Sturmovik\Files\C524328612633418,loose,63CA1FBC8E1F17F5838BCBF4E5319790562E6B849194C0BC7236F7A45E2A9C3C,47,com/maddox/il2/objects/air/IL_4,True,FlightModels/Il-4.fmd,com/maddox/il2/objects/air/IL_4_IL4late,reference-only-buttons-not-extracted,com/maddox/il2/objects/air/CockpitIL4 | com/maddox/il2/objects/air/CockpitIL4_BGunner | com/maddox/il2/objects/air/CockpitIL4_FGunner | com/maddox/il2/objects/air/CockpitIL4_TGunner | com/maddox/il2/objects/air/CockpitIL4late_Bombardier,com/maddox/il2/objects/air/IL_4_IL4late,,player-capable-static,3DO/Plane/Il-4/hier.him,REVIEW,flight-model reference found; internal Buttons entry not yet verified
121,Il-10,air.IL_10,com/maddox/il2/objects/air/IL_10,,C:\Users\Alexis\DATA\Projets\GITHUB\IL2-1946-Open-Sturmovik\Files\3363C4CCB34FCA60,loose,2A8FA99C98C7362B6C35629A55BC64759DAA07ADF40A6EDE45ED5ED6EA08F7DE,47,com/maddox/il2/objects/air/Scheme1,True,FlightModels/Il-10.fmd,com/maddox/il2/objects/air/IL_10,reference-only-buttons-not-extracted,com/maddox/il2/objects/air/CockpitIL_10 | com/maddox/il2/objects/air/CockpitIL_10_TGunner,com/maddox/il2/objects/air/IL_10,,player-capable-static,3DO/Plane/Il-10(Multi1)/hier.him | 3DO/Plane/Il-10(cc)/hier.him | 3DO/Plane/Il-10(kp)/hier.him | 3DO/Plane/Il-10(ru)/hier.him,REVIEW,flight-model reference found; internal Buttons entry not yet verified
122,LaGG-3IT,air.LAGG_3IT,com/maddox/il2/objects/air/LAGG_3IT,,C:\Users\Alexis\DATA\Projets\GITHUB\IL2-1946-Open-Sturmovik\Files\5B44305CF74A315E,loose,F493E8A80119E01762738BC721C7FF85E86D2A4B0DA293AB725FF3F02AFC716E,47,com/maddox/il2/objects/air/LAGG_3,True,FlightModels/LaGG-3IT.fmd,com/maddox/il2/objects/air/LAGG_3IT,reference-only-buttons-not-extracted,com/maddox/il2/objects/air/CockpitLAGG_3SERIES66,com/maddox/il2/objects/air/LAGG_3IT,,player-capable-static,3do/plane/LaGG-3IT/hier.him,REVIEW,flight-model reference found; internal Buttons entry not yet verified
123,LaGG-3RD,air.LAGG_3RD,com/maddox/il2/objects/air/LAGG_3RD,NOINFO,C:\Users\Alexis\DATA\Projets\GITHUB\IL2-1946-Open-Sturmovik\WIP\labs\IL 2 Sturmovik 1946 Selector Dump\dump\com\maddox\il2\objects\air\LAGG_3RD.class,selector-dump,431990473374B5A10F0288439845DA2A9E45C5021019C9CCEB6F761746852FEE,47,com/maddox/il2/objects/air/LAGG_3,True,FlightModels/LaGG-3RD.fmd,com/maddox/il2/objects/air/LAGG_3RD,reference-only-buttons-not-extracted,com/maddox/il2/objects/air/CockpitLAGG_3RD,com/maddox/il2/objects/air/LAGG_3RD,,player-capable-static,3DO/Plane/LaGG-3RD(Multi1)/hier.him,REVIEW,flight-model reference found; internal Buttons entry not yet verified
124,LaGG-3series1,air.LAGG_3SERIES1,com/maddox/il2/objects/air/LAGG_3SERIES1,,C:\Users\Alexis\DATA\Projets\GITHUB\IL2-1946-Open-Sturmovik\Files\B5A4CAF06AB7CAF4,loose,46F3904B40059221B13BDC83725555A9DFC92E8105C7575229243C42150A7222,47,com/maddox/il2/objects/air/LAGG_3,True,FlightModels/LaGG-3series4.fmd,com/maddox/il2/objects/air/LAGG_3SERIES1,reference-only-buttons-not-extracted,com/maddox/il2/objects/air/CockpitLAGG_3SERIES4,com/maddox/il2/objects/air/LAGG_3SERIES1,,player-capable-static,3do/plane/LaGG-3series1/hier.him,REVIEW,flight-model reference found; internal Buttons entry not yet verified
125,LaGG-3series11,air.LAGG_3SERIES11,com/maddox/il2/objects/air/LAGG_3SERIES11,,C:\Users\Alexis\DATA\Projets\GITHUB\IL2-1946-Open-Sturmovik\Files\270A90EA1C18F9C4,loose,C94186324CEDEAF6DD59BFFE91769ED3FAED8F26EAA2F4566918E6F42A7C467E,47,com/maddox/il2/objects/air/LAGG_3,True,FlightModels/LaGG-3series4.fmd,com/maddox/il2/objects/air/LAGG_3SERIES11,reference-only-buttons-not-extracted,com/maddox/il2/objects/air/CockpitLAGG_3SERIES4,com/maddox/il2/objects/air/LAGG_3SERIES11,,player-capable-static,3do/plane/LaGG-3series11/hier.him,REVIEW,flight-model reference found; internal Buttons entry not yet verified
126,LaGG-3series29,air.LAGG_3SERIES29,com/maddox/il2/objects/air/LAGG_3SERIES29,NOINFO,C:\Users\Alexis\DATA\Projets\GITHUB\IL2-1946-Open-Sturmovik\Files\60D4559EAA956F52,loose,0782E6762FCD62F9CAD03B03B98986B97BABDB3315A105D1A5CACFA418037701,47,com/maddox/il2/objects/air/LAGG_3,True,FlightModels/LaGG-3series29.fmd,com/maddox/il2/objects/air/LAGG_3SERIES29,reference-only-buttons-not-extracted,com/maddox/il2/objects/air/CockpitLAGG_3SERIES4,com/maddox/il2/objects/air/LAGG_3SERIES29,,player-capable-static,3DO/Plane/LaGG-3series29/hier.him,REVIEW,flight-model reference found; internal Buttons entry not yet verified
127,LaGG-3series35,air.LAGG_3SERIES35,com/maddox/il2/objects/air/LAGG_3SERIES35,NOINFO,C:\Users\Alexis\DATA\Projets\GITHUB\IL2-1946-Open-Sturmovik\Files\91C657589EE0AAB0,loose,0F14905E831BB65EF571DE7B5C167BC4AF4262899B6AD455BAFE0CC894955D28,47,com/maddox/il2/objects/air/LAGG_3,True,FlightModels/LaGG-3series35.fmd,com/maddox/il2/objects/air/LAGG_3SERIES35,reference-only-buttons-not-extracted,com/maddox/il2/objects/air/CockpitLAGG_3SERIES4,com/maddox/il2/objects/air/LAGG_3SERIES35,,player-capable-static,3DO/Plane/LaGG-3series35/hier.him,REVIEW,flight-model reference found; internal Buttons entry not yet verified
128,LaGG-3series4,air.LAGG_3SERIES4,com/maddox/il2/objects/air/LAGG_3SERIES4,,C:\Users\Alexis\DATA\Projets\GITHUB\IL2-1946-Open-Sturmovik\Files\1F709298CCBFD1F4,loose,FC1FF51F0F4F6F7D16C9E2C2EB01D8B69C09CFC58477CEDD14FA9774AD697CCB,47,com/maddox/il2/objects/air/LAGG_3,True,FlightModels/LaGG-3series4.fmd,com/maddox/il2/objects/air/LAGG_3SERIES4,reference-only-buttons-not-extracted,com/maddox/il2/objects/air/CockpitLAGG_3SERIES4,com/maddox/il2/objects/air/LAGG_3SERIES4,,player-capable-static,3do/plane/LaGG-3series4/hier.him,REVIEW,flight-model reference found; internal Buttons entry not yet verified
129,LaGG-3series66,air.LAGG_3SERIES66,com/maddox/il2/objects/air/LAGG_3SERIES66,,C:\Users\Alexis\DATA\Projets\GITHUB\IL2-1946-Open-Sturmovik\Files\FB85F72AC2970C34,loose,0A7BC13ABA11F1314B8BB0ED924365DE2380C562DA9D8F2F699CEC1172F0D368,47,com/maddox/il2/objects/air/LAGG_3,True,FlightModels/LaGG-3series66.fmd,com/maddox/il2/objects/air/LAGG_3SERIES66,reference-only-buttons-not-extracted,com/maddox/il2/objects/air/CockpitLAGG_3SERIES66,com/maddox/il2/objects/air/LAGG_3SERIES66,,player-capable-static,3do/plane/LaGG-3series66/hier.him,REVIEW,flight-model reference found; internal Buttons entry not yet verified
130,La-5,air.LA_5,com/maddox/il2/objects/air/LA_5,,C:\Users\Alexis\DATA\Projets\GITHUB\IL2-1946-Open-Sturmovik\Files\89B170709F17691A,loose,9FFFB63378CE1AE6B205C5756FAFDCDEDAD794101E6574077BB31F087ED0B743,47,com/maddox/il2/objects/air/LA_X,True,FlightModels/La-5.fmd,com/maddox/il2/objects/air/LA_5,reference-only-buttons-not-extracted,com/maddox/il2/objects/air/CockpitLA_5,com/maddox/il2/objects/air/LA_5,,player-capable-static,3DO/Plane/La-5(Multi1)/hier.him,REVIEW,flight-model reference found; internal Buttons entry not yet verified
131,La-5F,air.LA_5F,com/maddox/il2/objects/air/LA_5F,,C:\Users\Alexis\DATA\Projets\GITHUB\IL2-1946-Open-Sturmovik\Files\B800370CDF35EF9C,loose,ACEBDAB5D8D413664E70D47FDA8A09C86D1111014C03CAEBC1E51028326210C0,47,com/maddox/il2/objects/air/LA_X,True,FlightModels/La-5F.fmd,com/maddox/il2/objects/air/LA_5F,reference-only-buttons-not-extracted,com/maddox/il2/objects/air/CockpitLA_5FN,com/maddox/il2/objects/air/LA_5F,,player-capable-static,3DO/Plane/La-5F(Multi1)/hier.him,REVIEW,flight-model reference found; internal Buttons entry not yet verified
132,La-5F_Early,air.LA_5FEarly,com/maddox/il2/objects/air/LA_5FEarly,,C:\Users\Alexis\DATA\Projets\GITHUB\IL2-1946-Open-Sturmovik\Files\97ACBA4A41310A5E,loose,CFE0BB7AE5577E1836A7C5AFC291E35F9A788A9ADA97555205C802BD1612E341,47,com/maddox/il2/objects/air/LA_X,True,FlightModels/La-5FEarly.fmd,com/maddox/il2/objects/air/LA_5FEarly,reference-only-buttons-not-extracted,com/maddox/il2/objects/air/CockpitLA_5,com/maddox/il2/objects/air/LA_5FEarly,,player-capable-static,3DO/Plane/La-5(Multi1)/hier.him,REVIEW,flight-model reference found; internal Buttons entry not yet verified
133,La-5FN,air.LA_5FN,com/maddox/il2/objects/air/LA_5FN,,C:\Users\Alexis\DATA\Projets\GITHUB\IL2-1946-Open-Sturmovik\Files\BF62B4C4857BA426,loose,874F7A3178ED5A59F19199BEC9176AC0DB42F019418D9EF43C1C89AC4BFB257C,47,com/maddox/il2/objects/air/LA_X,True,FlightModels/La-5FN.fmd,com/maddox/il2/objects/air/LA_5FN,reference-only-buttons-not-extracted,com/maddox/il2/objects/air/CockpitLA_5FN,com/maddox/il2/objects/air/LA_5FN,,player-capable-static,3DO/Plane/La-5FN(Multi1)/hier.him,REVIEW,flight-model reference found; internal Buttons entry not yet verified
134,La-7,air.LA_7,com/maddox/il2/objects/air/LA_7,,C:\Users\Alexis\DATA\Projets\GITHUB\IL2-1946-Open-Sturmovik\Files\1D6C779AE51849BA,loose,2AEC9B0C4E6BF9EE6F3477E0228B92E64373BFFE81FEE67E70D4B1C49F3FB9B5,47,com/maddox/il2/objects/air/LA_X,True,FlightModels/La-7.fmd,com/maddox/il2/objects/air/LA_7,reference-only-buttons-not-extracted,com/maddox/il2/objects/air/CockpitLA_7,com/maddox/il2/objects/air/LA_7,,player-capable-static,3DO/Plane/La-7(Multi1)/hier.him,REVIEW,flight-model reference found; internal Buttons entry not yet verified
135,La-73xB20,air.LA_7B20,com/maddox/il2/objects/air/LA_7B20,,C:\Users\Alexis\DATA\Projets\GITHUB\IL2-1946-Open-Sturmovik\Files\37354C968500157A,loose,A3ED2C2562DCDF9229AAF1D00B97339DF65BE797D9B056DF9D2FA09E430BFA6F,47,com/maddox/il2/objects/air/LA_X,True,FlightModels/La-7.fmd,com/maddox/il2/objects/air/LA_7B20,reference-only-buttons-not-extracted,com/maddox/il2/objects/air/CockpitLA_7B20,com/maddox/il2/objects/air/LA_7B20,,player-capable-static,3DO/Plane/La-7(3xB20)(Multi1)/hier.him,REVIEW,flight-model reference found; internal Buttons entry not yet verified
136,La-7R,air.LA_7R,com/maddox/il2/objects/air/LA_7R,,C:\Users\Alexis\DATA\Projets\GITHUB\IL2-1946-Open-Sturmovik\WIP\labs\IL 2 Sturmovik 1946 Selector Dump\dump\com\maddox\il2\objects\air\LA_7R.class,selector-dump,2F91D44CFD36D429BDA70359A310151A5E1BCE7D4307699281BFFF971E45F0C1,47,com/maddox/il2/objects/air/LA_X,True,FlightModels/La-7R.fmd,com/maddox/il2/objects/air/LA_7R,reference-only-buttons-not-extracted,com/maddox/il2/objects/air/CockpitLA_7R,com/maddox/il2/objects/air/LA_7R,,player-capable-static,3DO/Plane/La-7R(Multi1)/hier.him,REVIEW,flight-model reference found; internal Buttons entry not yet verified
137,P2V-5,air.P2V5,com/maddox/il2/objects/air/P2V5,,C:\Users\Alexis\DATA\Projets\GITHUB\IL2-1946-Open-Sturmovik\Files\2B0CDA5C2910F3F6,loose,4D1E7D6AF1BAD712EBA740D88423D04EE016B6B0B7DB8B8701A4D61569C82067,47,com/maddox/il2/objects/air/P2V,True,FlightModels/P-2V.fmd,com/maddox/il2/objects/air/P2V5,reference-only-buttons-not-extracted,com/maddox/il2/objects/air/CockpitP2V5 | com/maddox/il2/objects/air/CockpitP2V5_Bombardier | com/maddox/il2/objects/air/CockpitP2V5_FGunner | com/maddox/il2/objects/air/CockpitP2V5_TGunner,com/maddox/il2/objects/air/P2V5,,player-capable-static,3DO/Plane/P2V5(Multi1)/hier.him | 3DO/Plane/P2V5(USA)/hier.him,REVIEW,flight-model reference found; internal Buttons entry not yet verified
138,P-38J,air.P_38J,com/maddox/il2/objects/air/P_38J,,C:\Users\Alexis\DATA\Projets\GITHUB\IL2-1946-Open-Sturmovik\WIP\labs\IL 2 Sturmovik 1946 Selector Dump\dump\com\maddox\il2\objects\air\P_38J.class,selector-dump,D275D7D0FBABD9192BCCDE860A98D6EBD67D6065C73871B2105B2082D70B8B28,47,com/maddox/il2/objects/air/P_38,True,FlightModels/P-38J.fmd,com/maddox/il2/objects/air/P_38J,reference-only-buttons-not-extracted,com/maddox/il2/objects/air/CockpitP_38J,com/maddox/il2/objects/air/P_38J,,player-capable-static,3DO/Plane/P-38J(Multi1)/hier.him | 3DO/Plane/P-38J(USA)/hier.him,REVIEW,flight-model reference found; internal Buttons entry not yet verified
139,P-38L,air.P_38L,com/maddox/il2/objects/air/P_38L,,C:\Users\Alexis\DATA\Projets\GITHUB\IL2-1946-Open-Sturmovik\WIP\labs\IL 2 Sturmovik 1946 Selector Dump\dump\com\maddox\il2\objects\air\P_38L.class,selector-dump,FCCB7B2C911F3FCD2251F44FB1F83A299F03A44E8248273EE518E54428E870F3,47,com/maddox/il2/objects/air/P_38,True,FlightModels/P-38L.fmd,com/maddox/il2/objects/air/P_38L,reference-only-buttons-not-extracted,com/maddox/il2/objects/air/CockpitP_38J,com/maddox/il2/objects/air/P_38L,,player-capable-static,3DO/Plane/P-38L(Multi1)/hier.him | 3DO/Plane/P-38L(USA)/hier.him,REVIEW,flight-model reference found; internal Buttons entry not yet verified
140,P-38L_Late,air.P_38LLate,com/maddox/il2/objects/air/P_38LLate,NOINFO,C:\Users\Alexis\DATA\Projets\GITHUB\IL2-1946-Open-Sturmovik\WIP\labs\IL 2 Sturmovik 1946 Selector Dump\dump\com\maddox\il2\objects\air\P_38LLate.class,selector-dump,8504F825B1004CFEAB9D343912DA89CB5DA58963B1DC3C5547A8E48D8E81B743,47,com/maddox/il2/objects/air/P_38,True,FlightModels/P-38LLate.fmd,com/maddox/il2/objects/air/P_38LLate,reference-only-buttons-not-extracted,com/maddox/il2/objects/air/CockpitP_38J,com/maddox/il2/objects/air/P_38LLate,,player-capable-static,3DO/Plane/P-38L(Multi1)/hier.him | 3DO/Plane/P-38L(USA)/hier.him,REVIEW,flight-model reference found; internal Buttons entry not yet verified
141,P-80A,air.P_80A,com/maddox/il2/objects/air/P_80A,,C:\Users\Alexis\DATA\Projets\GITHUB\IL2-1946-Open-Sturmovik\WIP\labs\IL 2 Sturmovik 1946 Selector Dump\dump\com\maddox\il2\objects\air\P_80A.class,selector-dump,F1CC0BAABF400A24CD2A07C0E89A09B68A0F002ED169B0E0BD598474A9BB4AD5,47,com/maddox/il2/objects/air/P_80,True,FlightModels/P-80A.fmd,com/maddox/il2/objects/air/P_80A,reference-only-buttons-not-extracted,com/maddox/il2/objects/air/CockpitYP_80,com/maddox/il2/objects/air/P_80A,,player-capable-static,3DO/Plane/P-80(Multi1)/hier.him | 3DO/Plane/P-80(USA)/hier.him,REVIEW,flight-model reference found; internal Buttons entry not yet verified
142,F-80A,air.F_80A,com/maddox/il2/objects/air/F_80A,NOINFO,C:\Users\Alexis\DATA\Projets\GITHUB\IL2-1946-Open-Sturmovik\Files\1FBC3CF814E9AEAC,loose,269224B052ED10ECC31527AFB83ECBBD2CA36492DAA553ADFBE1FD2DF8D6EB25,47,com/maddox/il2/objects/air/X_80,True,FlightModels/P-80A.fmd,com/maddox/il2/objects/air/F_80A,reference-only-buttons-not-extracted,com/maddox/il2/objects/air/CockpitF_80A,com/maddox/il2/objects/air/F_80A,,player-capable-static,3DO/Plane/P-80A/hier.him,REVIEW,flight-model reference found; internal Buttons entry not yet verified
143,RF-80A,air.RF_80A,com/maddox/il2/objects/air/RF_80A,NOINFO,C:\Users\Alexis\DATA\Projets\GITHUB\IL2-1946-Open-Sturmovik\Files\57F73CE8E473B08A,loose,2E16B72011942E1F991C2F0D18C5E89CAE1670094778A6F2C228F52935A7775E,47,com/maddox/il2/objects/air/P_80,True,FlightModels/P-80C.fmd,com/maddox/il2/objects/air/RF_80A,reference-only-buttons-not-extracted,com/maddox/il2/objects/air/CockpitRF_80A,com/maddox/il2/objects/air/RF_80A,,player-capable-static,3DO/Plane/RF-80A/hier.him,REVIEW,flight-model reference found; internal Buttons entry not yet verified
144,Li-2,air.LI_2,com/maddox/il2/objects/air/LI_2,,C:\Users\Alexis\DATA\Projets\GITHUB\IL2-1946-Open-Sturmovik\Files\D9BD5800A7680B0C,loose,D38B91DC257926CC65A883E06D08458BF7FA5FD8E6859B23954D5B0300498FB9,47,com/maddox/il2/objects/air/Scheme2,True,FlightModels/Li-2.fmd,com/maddox/il2/objects/air/LI_2,reference-only-buttons-not-extracted,com/maddox/il2/objects/air/CockpitLI2 | com/maddox/il2/objects/air/CockpitLI2_TGunner,com/maddox/il2/objects/air/LI_2,,player-capable-static,3do/plane/Li-2/hier.him,REVIEW,flight-model reference found; internal Buttons entry not yet verified
145,Magister,air.MagisterM14A,com/maddox/il2/objects/air/MagisterM14A,NOINFO,C:\Users\Alexis\DATA\Projets\GITHUB\IL2-1946-Open-Sturmovik\Files\64ED13B0FF8AA606,loose,4A644A597AC608D3241ECB1CC88C2A2862CA095123DF4A9699E60889D1910F7D,47,com/maddox/il2/objects/air/Magister,True,FlightModels/MagM14A.fmd,com/maddox/il2/objects/air/MagisterM14A,reference-only-buttons-not-extracted,com/maddox/il2/objects/air/CockpitMagisterM14A,com/maddox/il2/objects/air/MagisterM14A,,player-capable-static,3DO/Plane/Magister(Multi1)/hier.him,REVIEW,flight-model reference found; internal Buttons entry not yet verified
146,I-250,air.I_250,com/maddox/il2/objects/air/I_250,,C:\Users\Alexis\DATA\Projets\GITHUB\IL2-1946-Open-Sturmovik\WIP\labs\IL 2 Sturmovik 1946 Selector Dump\dump\com\maddox\il2\objects\air\I_250.class,selector-dump,9E31707B39B80983EF88C45E0BCC54A6A0A7723A331111EFA72F444665F6BD12,47,com/maddox/il2/objects/air/Scheme2,True,FlightModels/I-250.fmd,com/maddox/il2/objects/air/I_250,reference-only-buttons-not-extracted,com/maddox/il2/objects/air/CockpitI_250,com/maddox/il2/objects/air/I_250,,player-capable-static,3DO/Plane/I-250(Multi1)/hier.him,REVIEW,flight-model reference found; internal Buttons entry not yet verified
147,MiG-3,air.MIG_3EARLY,com/maddox/il2/objects/air/MIG_3EARLY,,C:\Users\Alexis\DATA\Projets\GITHUB\IL2-1946-Open-Sturmovik\Files\57F9C7A80E286F4C,loose,FE11ECC2BBCFA8CB486ECD36530FA358FF7FE938F2606FEB7E8F03636B5EAC5C,47,com/maddox/il2/objects/air/MIG_3,True,FlightModels/MiG-3.fmd,com/maddox/il2/objects/air/MIG_3EARLY,reference-only-buttons-not-extracted,com/maddox/il2/objects/air/CockpitMIG_3,com/maddox/il2/objects/air/MIG_3EARLY,,player-capable-static,3do/plane/MIG-3(Multi1)/hier.him | 3do/plane/MIG-3/hier.him,REVIEW,flight-model reference found; internal Buttons entry not yet verified
148,MiG-3-2xShVAK,air.MIG_3SHVAK,com/maddox/il2/objects/air/MIG_3SHVAK,,C:\Users\Alexis\DATA\Projets\GITHUB\IL2-1946-Open-Sturmovik\Files\E36ED1560D9C75FA,loose,B1E15D97D11CE00F80A509EB4FDB9473D9CC10E2D7B87FF897CCC80080519E4E,47,com/maddox/il2/objects/air/MIG_3,True,FlightModels/MiG-3ud.fmd,com/maddox/il2/objects/air/MIG_3SHVAK,reference-only-buttons-not-extracted,com/maddox/il2/objects/air/CockpitMIG_3UB,com/maddox/il2/objects/air/MIG_3SHVAK,,player-capable-static,3DO/Plane/MiG-3ShVAK(Multi1)/hier.him,REVIEW,flight-model reference found; internal Buttons entry not yet verified
149,MiG-3-2xUB,air.MIG_3UB,com/maddox/il2/objects/air/MIG_3UB,,C:\Users\Alexis\DATA\Projets\GITHUB\IL2-1946-Open-Sturmovik\Files\F6F293F84D239C10,loose,6D1CBE2035A8DB8D57D05CA3D6FBF18CF353D37C6054DC23FBFCFCDB8B5A417C,47,com/maddox/il2/objects/air/MIG_3,True,FlightModels/MiG-3ud.fmd,com/maddox/il2/objects/air/MIG_3UB,reference-only-buttons-not-extracted,com/maddox/il2/objects/air/CockpitMIG_3UB,com/maddox/il2/objects/air/MIG_3UB,,player-capable-static,3DO/Plane/MiG-3ShVAK(Multi1)/hier.him,REVIEW,flight-model reference found; internal Buttons entry not yet verified
150,MiG-3-AM-38,air.MIG_3AM38,com/maddox/il2/objects/air/MIG_3AM38,,C:\Users\Alexis\DATA\Projets\GITHUB\IL2-1946-Open-Sturmovik\Files\6731DB92CF336A9C,loose,EB5910DC53D32A0D08083EA73D346BC20665E17E46AC30165BA5D76E903B391B,47,com/maddox/il2/objects/air/MIG_3,True,FlightModels/MiG-3AM-38.fmd,com/maddox/il2/objects/air/MIG_3AM38,reference-only-buttons-not-extracted,com/maddox/il2/objects/air/CockpitMIG_3,com/maddox/il2/objects/air/MIG_3AM38,,player-capable-static,3DO/Plane/MiG-3AM-38(Multi1)/hier.him,REVIEW,flight-model reference found; internal Buttons entry not yet verified
151,MiG-3U,air.MIG_3U,com/maddox/il2/objects/air/MIG_3U,,C:\Users\Alexis\DATA\Projets\GITHUB\IL2-1946-Open-Sturmovik\WIP\labs\IL 2 Sturmovik 1946 Selector Dump\dump\com\maddox\il2\objects\air\MIG_3U.class,selector-dump,15B39D98C08C492A5EC5ED930FE799C431F9A7051D28CDEC24B69B01CA625463,47,com/maddox/il2/objects/air/MIG_3,True,FlightModels/MiG-3U.fmd,com/maddox/il2/objects/air/MIG_3U,reference-only-buttons-not-extracted,com/maddox/il2/objects/air/CockpitMIG_3U,com/maddox/il2/objects/air/MIG_3U,,player-capable-static,3DO/Plane/MIG-3U(Multi1)/hier.him,REVIEW,flight-model reference found; internal Buttons entry not yet verified
152,MiG-3ud,air.MIG_3UD,com/maddox/il2/objects/air/MIG_3UD,,C:\Users\Alexis\DATA\Projets\GITHUB\IL2-1946-Open-Sturmovik\Files\EB6D99E0A59F5276,loose,81F90AF5179668E99BC918956B1BA0D6AFC764D165BE3E696951A89DD08F87EA,47,com/maddox/il2/objects/air/MIG_3,True,FlightModels/MiG-3ud.fmd,com/maddox/il2/objects/air/MIG_3UD,reference-only-buttons-not-extracted,com/maddox/il2/objects/air/CockpitMIG_3,com/maddox/il2/objects/air/MIG_3UD,,player-capable-static,3do/plane/MIG-3ud(Multi1)/hier.him | 3do/plane/MIG-3ud/hier.him,REVIEW,flight-model reference found; internal Buttons entry not yet verified
153,MiG-3udfm,air.MIG_3UDFM,com/maddox/il2/objects/air/MIG_3UDFM,,C:\Users\Alexis\DATA\Projets\GITHUB\IL2-1946-Open-Sturmovik\Files\A8AEE7F43EC5F0A8,loose,624FB75FA68D2ECCADD21321947C84C1847038B2E3AEBC1FEF761EF2BA14784A,47,com/maddox/il2/objects/air/MIG_3,True,FlightModels/MiG-3ud_fm.fmd,com/maddox/il2/objects/air/MIG_3UDFM,reference-only-buttons-not-extracted,com/maddox/il2/objects/air/CockpitMIG_3op,com/maddox/il2/objects/air/MIG_3UDFM,,player-capable-static,3do/plane/MIG-3ud_fm/hier.him,REVIEW,flight-model reference found; internal Buttons entry not yet verified
154,MiG-9FS,air.MIG_9FS,com/maddox/il2/objects/air/MIG_9FS,,C:\Users\Alexis\DATA\Projets\GITHUB\IL2-1946-Open-Sturmovik\Files\DB1A85D65C9F8BA6,loose,517EAA866441AC218CDF2CDD916C99D06C4445033DB058888A8EB6FA09D26EF8,47,com/maddox/il2/objects/air/MIG_9,True,FlightModels/MiG-9.fmd,com/maddox/il2/objects/air/MIG_9FS,reference-only-buttons-not-extracted,com/maddox/il2/objects/air/CockpitMIG_9,com/maddox/il2/objects/air/MIG_9FS,,player-capable-static,3DO/Plane/MiG-9FS(Multi1)/hier.him | 3DO/Plane/MiG-9FS(cc)/hier.him | 3DO/Plane/MiG-9FS(ru)/hier.him,REVIEW,flight-model reference found; internal Buttons entry not yet verified
155,MiG-9protoF-2,air.MIG_9_I_300,com/maddox/il2/objects/air/MIG_9_I_300,,C:\Users\Alexis\DATA\Projets\GITHUB\IL2-1946-Open-Sturmovik\Files\71843B363629961A,loose,C46A438509C544E407FAC4AF2FEA67396043CBDB684CADA9A0CFD2D3DEEA389C,47,com/maddox/il2/objects/air/MIG_9,True,FlightModels/MiG-9.fmd,com/maddox/il2/objects/air/MIG_9_I_300,reference-only-buttons-not-extracted,com/maddox/il2/objects/air/CockpitMIG_9,com/maddox/il2/objects/air/MIG_9_I_300,,player-capable-static,3DO/Plane/MiG-9(F-2)(Multi1)/hier.him | 3DO/Plane/MiG-9(F-2)(cc)/hier.him | 3DO/Plane/MiG-9(F-2)(ru)/hier.him,REVIEW,flight-model reference found; internal Buttons entry not yet verified
156,MiG-15,air.MIG_15,com/maddox/il2/objects/air/MIG_15,,C:\Users\Alexis\DATA\Projets\GITHUB\IL2-1946-Open-Sturmovik\Files\A73E13D2B04BEF2A,loose,362151E93FB9067321E6473E118782B1F831210AD71136A7BD9EA5F217E5B1BE,46,com/maddox/il2/objects/air/DO_335,True,FlightModels/He-162C.fmd,com/maddox/il2/objects/air/MIG_15,reference-only-buttons-not-extracted,com/maddox/il2/objects/air/CockpitMIG_15,com/maddox/il2/objects/air/MIG_15,,player-capable-static,3DO/Plane/MiG-15(Multi1)/hier.him | 3DO/Plane/MiG-15(ru)/hier.him,REVIEW,flight-model reference found; internal Buttons entry not yet verified
157,B-25C-25NA,air.B_25C25,com/maddox/il2/objects/air/B_25C25,NOINFO,C:\Users\Alexis\DATA\Projets\GITHUB\IL2-1946-Open-Sturmovik\Files\4CE938626653AF2A,loose,8772F569441B764974E63376882718C1CDA31605AB0E79A79F90744E407676CF,47,com/maddox/il2/objects/air/B_25,True,FlightModels/B-25C.fmd,com/maddox/il2/objects/air/B_25C25,reference-only-buttons-not-extracted,com/maddox/il2/objects/air/CockpitB25C25 | com/maddox/il2/objects/air/CockpitB25C25_Bombardier | com/maddox/il2/objects/air/CockpitB25C25_FGunner | com/maddox/il2/objects/air/CockpitB25C25_TGunner,com/maddox/il2/objects/air/B_25C25,,player-capable-static,3DO/Plane/B-25C-25(Multi1)/hier.him | 3DO/Plane/B-25C-25(USA)/hier.him | 3DO/Plane/B-25C-25(ru)/hier.him,REVIEW,flight-model reference found; internal Buttons entry not yet verified
158,B-25G-1NA,air.B_25G1,com/maddox/il2/objects/air/B_25G1,NOINFO,C:\Users\Alexis\DATA\Projets\GITHUB\IL2-1946-Open-Sturmovik\Files\24F486F2DC21A152,loose,CB7E8A85C6926BFF0F2B6213BB0CA9A5160E0DE630CA31E2AD41291D04E84263,47,com/maddox/il2/objects/air/B_25,True,FlightModels/B-25G.fmd,com/maddox/il2/objects/air/B_25G1,reference-only-buttons-not-extracted,com/maddox/il2/objects/air/CockpitB25G1 | com/maddox/il2/objects/air/CockpitB25G1_TGunner,com/maddox/il2/objects/air/B_25G1,,player-capable-static,3DO/Plane/B-25G-1(Multi1)/hier.him | 3DO/Plane/B-25G-1(USA)/hier.him,REVIEW,flight-model reference found; internal Buttons entry not yet verified
159,B-25H-1NA,air.B_25H1,com/maddox/il2/objects/air/B_25H1,NOINFO,C:\Users\Alexis\DATA\Projets\GITHUB\IL2-1946-Open-Sturmovik\Files\3CB0364AAEA0B3B6,loose,D232E9054C24104A07DDBAA154F19AB259BD6E0E660AD6AB9FBE6E378E33A179,47,com/maddox/il2/objects/air/B_25,True,FlightModels/B-25H.fmd,com/maddox/il2/objects/air/B_25H1,reference-only-buttons-not-extracted,com/maddox/il2/objects/air/CockpitB25H1 | com/maddox/il2/objects/air/CockpitB25H1_AGunner | com/maddox/il2/objects/air/CockpitB25H1_TGunner,com/maddox/il2/objects/air/B_25H1,,player-capable-static,3DO/Plane/B-25H-1(Multi1)/hier.him | 3DO/Plane/B-25H-1(USA)/hier.him,REVIEW,flight-model reference found; internal Buttons entry not yet verified
160,B-25J-1NA,air.B_25J1,com/maddox/il2/objects/air/B_25J1,NOINFO,C:\Users\Alexis\DATA\Projets\GITHUB\IL2-1946-Open-Sturmovik\WIP\labs\IL 2 Sturmovik 1946 Selector Dump\dump\com\maddox\il2\objects\air\B_25J1.class,selector-dump,CE59B32994093BB1FAB15E7FCE1DDDF64DDE363E0010E02518AEEAC36501657E,47,com/maddox/il2/objects/air/B_25,True,FlightModels/B-25J.fmd,com/maddox/il2/objects/air/B_25J1,reference-only-buttons-not-extracted,com/maddox/il2/objects/air/CockpitB25J | com/maddox/il2/objects/air/CockpitB25J_AGunner | com/maddox/il2/objects/air/CockpitB25J_Bombardier | com/maddox/il2/objects/air/CockpitB25J_FGunner | com/maddox/il2/objects/air/CockpitB25J_LGunner | com/maddox/il2/objects/air/CockpitB25J_RGunner | com/maddox/il2/objects/air/CockpitB25J_TGunner,com/maddox/il2/objects/air/B_25J1,,player-capable-static,3DO/Plane/B-25J-1(Multi1)/hier.him | 3DO/Plane/B-25J-1(USA)/hier.him,REVIEW,flight-model reference found; internal Buttons entry not yet verified
161,F51,air.F51D,com/maddox/il2/objects/air/F51D,NOINFO,C:\Users\Alexis\DATA\Projets\GITHUB\IL2-1946-Open-Sturmovik\Files\3276A3CE09D985E2,loose,121FED7C44FA3455F111DBBCE6378625300A822C0E0FBC17620F8890A3175FAE,47,com/maddox/il2/objects/air/P_51,True,FlightModels/F51D.fmd,com/maddox/il2/objects/air/F51D,reference-only-buttons-not-extracted,com/maddox/il2/objects/air/CockpitF51,com/maddox/il2/objects/air/F51D,,player-capable-static,3DO/Plane/F-51(Multi1)/hier.him | 3DO/Plane/F-51(USA)/hier.him,REVIEW,flight-model reference found; internal Buttons entry not yet verified
162,MustangIII,air.P_51CM,com/maddox/il2/objects/air/P_51CM,NOINFO,C:\Users\Alexis\DATA\Projets\GITHUB\IL2-1946-Open-Sturmovik\WIP\labs\IL 2 Sturmovik 1946 Selector Dump\dump\com\maddox\il2\objects\air\P_51CM.class,selector-dump,62B656D713F6BEF6660B63CEC866D77198C64C6811D270F2BF193ACBB9DB1A59,47,com/maddox/il2/objects/air/P_51,True,FlightModels/P-51CM.fmd,com/maddox/il2/objects/air/P_51CM,reference-only-buttons-not-extracted,com/maddox/il2/objects/air/CockpitP_51C,com/maddox/il2/objects/air/P_51CM,,player-capable-static,3DO/Plane/MustangMkIII(GB)/hier.him | 3DO/Plane/MustangMkIII(Multi1)/hier.him,REVIEW,flight-model reference found; internal Buttons entry not yet verified
163,P-51B-NA,air.P_51B,com/maddox/il2/objects/air/P_51B,,C:\Users\Alexis\DATA\Projets\GITHUB\IL2-1946-Open-Sturmovik\WIP\labs\IL 2 Sturmovik 1946 Selector Dump\dump\com\maddox\il2\objects\air\P_51B.class,selector-dump,DC1831A72155E1631553E0B9BDC099BE12A62D3E80E15DB43E3F7A835AA4E98F,47,com/maddox/il2/objects/air/P_51,True,FlightModels/P-51B.fmd,com/maddox/il2/objects/air/P_51B,reference-only-buttons-not-extracted,com/maddox/il2/objects/air/CockpitP_51B,com/maddox/il2/objects/air/P_51B,,player-capable-static,3DO/Plane/P-51B(Multi1)/hier.him | 3DO/Plane/P-51B(USA)/hier.him,REVIEW,flight-model reference found; internal Buttons entry not yet verified
164,P-51C-NT,air.P_51C,com/maddox/il2/objects/air/P_51C,,C:\Users\Alexis\DATA\Projets\GITHUB\IL2-1946-Open-Sturmovik\WIP\labs\IL 2 Sturmovik 1946 Selector Dump\dump\com\maddox\il2\objects\air\P_51C.class,selector-dump,632E6038DEE08291B118EC9DD7E94A98E07A1F6A2E29D4AB9B55EDCA382A2E70,47,com/maddox/il2/objects/air/P_51,True,FlightModels/P-51C.fmd,com/maddox/il2/objects/air/P_51C,reference-only-buttons-not-extracted,com/maddox/il2/objects/air/CockpitP_51C,com/maddox/il2/objects/air/P_51C,,player-capable-static,3DO/Plane/P-51C(Multi1)/hier.him | 3DO/Plane/P-51C(USA)/hier.him,REVIEW,flight-model reference found; internal Buttons entry not yet verified
165,P-51D-20NA,air.P_51D20NA,com/maddox/il2/objects/air/P_51D20NA,,C:\Users\Alexis\DATA\Projets\GITHUB\IL2-1946-Open-Sturmovik\WIP\labs\IL 2 Sturmovik 1946 Selector Dump\dump\com\maddox\il2\objects\air\P_51D20NA.class,selector-dump,999697F31900791EAB6137FC899133FB85DE76424C4652D2C4EF285376C1DDC2,47,com/maddox/il2/objects/air/P_51,True,FlightModels/P-51D-20.fmd,com/maddox/il2/objects/air/P_51D20NA,reference-only-buttons-not-extracted,com/maddox/il2/objects/air/CockpitP_51D20K14,com/maddox/il2/objects/air/P_51D20NA,,player-capable-static,3DO/Plane/P-51D-20NA(Multi1)/hier.him | 3DO/Plane/P-51D-20NA(USA)/hier.him,REVIEW,flight-model reference found; internal Buttons entry not yet verified
166,P-51D-5NT,air.P_51D5NT,com/maddox/il2/objects/air/P_51D5NT,NOINFO,C:\Users\Alexis\DATA\Projets\GITHUB\IL2-1946-Open-Sturmovik\WIP\labs\IL 2 Sturmovik 1946 Selector Dump\dump\com\maddox\il2\objects\air\P_51D5NT.class,selector-dump,EBD37726245CDAA89B8F43D16F0DA4C4A1EFDDE0F0E903F46656203159226B8D,47,com/maddox/il2/objects/air/P_51,True,FlightModels/P-51D-20.fmd,com/maddox/il2/objects/air/P_51D5NT,reference-only-buttons-not-extracted,com/maddox/il2/objects/air/CockpitP_51D20N9,com/maddox/il2/objects/air/P_51D5NT,,player-capable-static,3DO/Plane/P-51D-5NT(Multi1)/hier.him | 3DO/Plane/P-51D-5NT(USA)/hier.him,REVIEW,flight-model reference found; internal Buttons entry not yet verified
167,P-51D,air.P_51D,com/maddox/il2/objects/air/P_51D,,C:\Users\Alexis\DATA\Projets\GITHUB\IL2-1946-Open-Sturmovik\Files\83DD169A4CFEF05E,loose,F26FE820FCA3C1276BF9111E9C3D17AB1475073D6448E98F5ADD01B425633C4B,47,com/maddox/il2/objects/air/P_51,True,FlightModels/P-51D.fmd,com/maddox/il2/objects/air/P_51D,reference-only-buttons-not-extracted,com/maddox/il2/objects/air/CockpitP_51D,com/maddox/il2/objects/air/P_51D,,player-capable-static,3DO/Plane/P-51D-20NA(Multi1)/hier.him | 3DO/Plane/P-51D-20NA(USA)/hier.him,REVIEW,flight-model reference found; internal Buttons entry not yet verified
168,P-51D2,air.P_51D2,com/maddox/il2/objects/air/P_51D2,,C:\Users\Alexis\DATA\Projets\GITHUB\IL2-1946-Open-Sturmovik\Files\E52DAAA096FEE82C,loose,06B90FD9997D514CD191F4AE3B9BC3F2BBC394CD81718D139C5C170676033CF2,47,com/maddox/il2/objects/air/P_51,True,FlightModels/P-51D.fmd,com/maddox/il2/objects/air/P_51D2,reference-only-buttons-not-extracted,com/maddox/il2/objects/air/CockpitP_51D2,com/maddox/il2/objects/air/P_51D2,,player-capable-static,3DO/Plane/P-51D-5NT(Multi1)/hier.him | 3DO/Plane/P-51D-5NT(USA)/hier.him,REVIEW,flight-model reference found; internal Buttons entry not yet verified
169,MustangIV,air.MUSTANG4,com/maddox/il2/objects/air/MUSTANG4,NOINFO,C:\Users\Alexis\DATA\Projets\GITHUB\IL2-1946-Open-Sturmovik\Files\3530219649B7C134,loose,BB7423174F98BA5558059EB73E682405994BD18F3E748864313A32909721D5FB,47,com/maddox/il2/objects/air/P_51,True,FlightModels/P-51D.fmd,com/maddox/il2/objects/air/MUSTANG4,reference-only-buttons-not-extracted,com/maddox/il2/objects/air/CockpitMUSTANG4,com/maddox/il2/objects/air/MUSTANG4,,player-capable-static,3DO/Plane/P-51D-25NA(USA)/hier.him,REVIEW,flight-model reference found; internal Buttons entry not yet verified
170,F-86-A5,air.XP_86,com/maddox/il2/objects/air/XP_86,NOINFO,C:\Users\Alexis\DATA\Projets\GITHUB\IL2-1946-Open-Sturmovik\Files\FA73997AF574AF76,loose,93AB030C28883D5E108C00514078B6A0F070DC8A59B873DB9178DC05D1413532,47,com/maddox/il2/objects/air/X_86,True,FlightModels/F-86A.fmd,com/maddox/il2/objects/air/XP_86,reference-only-buttons-not-extracted,com/maddox/il2/objects/air/CockpitF_86new,com/maddox/il2/objects/air/XP_86,,player-capable-static,3DO/Plane/XP-86/hier.him,REVIEW,flight-model reference found; internal Buttons entry not yet verified
171,F-86-F1,air.F86F1,com/maddox/il2/objects/air/F86F1,NOINFO,C:\Users\Alexis\DATA\Projets\GITHUB\IL2-1946-Open-Sturmovik\Files\A33084DA39D74DC0,loose,B9802F3B8212A3AD22C20793A8F5962D7F7C259C11C4F7E33E34F28DD489E970,47,com/maddox/il2/objects/air/X_86,True,FlightModels/F-86F1.fmd,com/maddox/il2/objects/air/F86F1,reference-only-buttons-not-extracted,com/maddox/il2/objects/air/CockpitF_86F1,com/maddox/il2/objects/air/F86F1,,player-capable-static,3DO/Plane/XP-86/hier.him,REVIEW,flight-model reference found; internal Buttons entry not yet verified
172,F-86-F30,air.F86F30,com/maddox/il2/objects/air/F86F30,NOINFO,C:\Users\Alexis\DATA\Projets\GITHUB\IL2-1946-Open-Sturmovik\Files\A1DFC3A216B10822,loose,907383B62055FCE3A95AF351B865C4F42546DA7A03C9E1826329C01BFAF84C1C,47,com/maddox/il2/objects/air/X_86,True,FlightModels/F-86F30.fmd,com/maddox/il2/objects/air/F86F30,reference-only-buttons-not-extracted,com/maddox/il2/objects/air/Cockpit_F86F30,com/maddox/il2/objects/air/F86F30,,player-capable-static,,REVIEW,flight-model reference found; internal Buttons entry not yet verified
173,Pe-2series1,air.PE_2SERIES1,com/maddox/il2/objects/air/PE_2SERIES1,,C:\Users\Alexis\DATA\Projets\GITHUB\IL2-1946-Open-Sturmovik\WIP\labs\IL 2 Sturmovik 1946 Selector Dump\dump\com\maddox\il2\objects\air\PE_2SERIES1.class,selector-dump,62D13FC44493FA3165AA649605519A02185A433863AEF840478CC06ED117EC92,47,com/maddox/il2/objects/air/PE_2,True,FlightModels/Pe-2series1.fmd,com/maddox/il2/objects/air/PE_2SERIES1,reference-only-buttons-not-extracted,com/maddox/il2/objects/air/CockpitPE2_1 | com/maddox/il2/objects/air/CockpitPE2_1_TGunner | com/maddox/il2/objects/air/CockpitPE2_Bombardier,com/maddox/il2/objects/air/PE_2SERIES1,,player-capable-static,3DO/Plane/Pe-2series1/hier.him,REVIEW,flight-model reference found; internal Buttons entry not yet verified
174,Pe-2series110,air.PE_2SERIES110,com/maddox/il2/objects/air/PE_2SERIES110,,C:\Users\Alexis\DATA\Projets\GITHUB\IL2-1946-Open-Sturmovik\WIP\labs\IL 2 Sturmovik 1946 Selector Dump\dump\com\maddox\il2\objects\air\PE_2SERIES110.class,selector-dump,AE049827D3C4AA9153C9202A2309593E8DD6BEE5974328862BEC66539FD6835C,47,com/maddox/il2/objects/air/PE_2,True,FlightModels/Pe-2series110.fmd,com/maddox/il2/objects/air/PE_2SERIES110,reference-only-buttons-not-extracted,com/maddox/il2/objects/air/CockpitPE2_110 | com/maddox/il2/objects/air/CockpitPE2_110_TGunner | com/maddox/il2/objects/air/CockpitPE2_Bombardier,com/maddox/il2/objects/air/PE_2SERIES110,,player-capable-static,3DO/Plane/Pe-2series110/hier.him,REVIEW,flight-model reference found; internal Buttons entry not yet verified
175,Pe-2series359,air.PE_2SERIES359,com/maddox/il2/objects/air/PE_2SERIES359,,C:\Users\Alexis\DATA\Projets\GITHUB\IL2-1946-Open-Sturmovik\WIP\labs\IL 2 Sturmovik 1946 Selector Dump\dump\com\maddox\il2\objects\air\PE_2SERIES359.class,selector-dump,0467B034BCC04DE406BCF24201F0F8077F6A4168B381B994A58E394009F90ACC,47,com/maddox/il2/objects/air/PE_2,True,FlightModels/Pe-2series359.fmd,com/maddox/il2/objects/air/PE_2SERIES359,reference-only-buttons-not-extracted,com/maddox/il2/objects/air/CockpitPE2_359 | com/maddox/il2/objects/air/CockpitPE2_359_TGunner | com/maddox/il2/objects/air/CockpitPE2_Bombardier,com/maddox/il2/objects/air/PE_2SERIES359,,player-capable-static,3DO/Plane/Pe-2series359/hier.him,REVIEW,flight-model reference found; internal Buttons entry not yet verified
176,Pe-2series84,air.PE_2SERIES84,com/maddox/il2/objects/air/PE_2SERIES84,,C:\Users\Alexis\DATA\Projets\GITHUB\IL2-1946-Open-Sturmovik\WIP\labs\IL 2 Sturmovik 1946 Selector Dump\dump\com\maddox\il2\objects\air\PE_2SERIES84.class,selector-dump,B1D61B92712446E566A5F80EC0D76F9BF11557213ABD1DA437223867C4B324A2,47,com/maddox/il2/objects/air/PE_2,True,FlightModels/Pe-2series84.fmd,com/maddox/il2/objects/air/PE_2SERIES84,reference-only-buttons-not-extracted,com/maddox/il2/objects/air/CockpitPE2_84 | com/maddox/il2/objects/air/CockpitPE2_84_TGunner | com/maddox/il2/objects/air/CockpitPE2_Bombardier,com/maddox/il2/objects/air/PE_2SERIES84,,player-capable-static,3DO/Plane/Pe-2series84/hier.him,REVIEW,flight-model reference found; internal Buttons entry not yet verified
177,Pe-3bis,air.PE_3BIS,com/maddox/il2/objects/air/PE_3BIS,,C:\Users\Alexis\DATA\Projets\GITHUB\IL2-1946-Open-Sturmovik\WIP\labs\IL 2 Sturmovik 1946 Selector Dump\dump\com\maddox\il2\objects\air\PE_3BIS.class,selector-dump,C5F4BF418F7FAF85EA23551C24C5BF79975EB852079742F7D9C3087780346836,47,com/maddox/il2/objects/air/PE_2,True,FlightModels/Pe-3bis.fmd,com/maddox/il2/objects/air/PE_3BIS,reference-only-buttons-not-extracted,com/maddox/il2/objects/air/CockpitPE3bis | com/maddox/il2/objects/air/CockpitPE3bis_TGunner,com/maddox/il2/objects/air/PE_3BIS,,player-capable-static,3DO/Plane/Pe-3bis/hier.him,REVIEW,flight-model reference found; internal Buttons entry not yet verified
178,Pe-8,air.PE_8,com/maddox/il2/objects/air/PE_8,,C:\Users\Alexis\DATA\Projets\GITHUB\IL2-1946-Open-Sturmovik\Files\9CA4F7EA026CDD30,loose,EE26F113248FB73C5EE4F713974D47D1A2C18499ACC260BCDD8A05A97BC3885C,47,com/maddox/il2/objects/air/Scheme4,True,FlightModels/Pe-8.fmd,com/maddox/il2/objects/air/PE_8,reference-only-buttons-not-extracted,com/maddox/il2/objects/air/CockpitPE8 | com/maddox/il2/objects/air/CockpitPE8_AGunner | com/maddox/il2/objects/air/CockpitPE8_Bombardier | com/maddox/il2/objects/air/CockpitPE8_FGunner | com/maddox/il2/objects/air/CockpitPE8_LGunner | com/maddox/il2/objects/air/CockpitPE8_RGunner | com/maddox/il2/objects/air/CockpitPE8_TGunner,com/maddox/il2/objects/air/PE_8,,player-capable-static,3DO/Plane/Pe-8/hier.him,REVIEW,flight-model reference found; internal Buttons entry not yet verified
179,I-153_2BS,air.I_153_2BS,com/maddox/il2/objects/air/I_153_2BS,NOINFO,C:\Users\Alexis\DATA\Projets\GITHUB\IL2-1946-Open-Sturmovik\Files\FA52AA5CDC266D80,loose,B526DD0E14F621B2F3420DC23C02A5C4D53A5827DC4BF52517EE892A6540640D,47,com/maddox/il2/objects/air/I_153_M62,True,FlightModels/I-153-M62.fmd,com/maddox/il2/objects/air/I_153_2BS,reference-only-buttons-not-extracted,com/maddox/il2/objects/air/CockpitI_153,com/maddox/il2/objects/air/I_153_2BS,,player-capable-static,3DO/Plane/I-153/hier.him,REVIEW,flight-model reference found; internal Buttons entry not yet verified
180,I-153_2SHKAS_BS,air.I_153_2SHKAS_BS,com/maddox/il2/objects/air/I_153_2SHKAS_BS,NOINFO,C:\Users\Alexis\DATA\Projets\GITHUB\IL2-1946-Open-Sturmovik\Files\1E9A1E4A9C000958,loose,4523E93C81C777E6DCB65E0D1D31A7804990ECC305B2B8789FF27703155EE18D,47,com/maddox/il2/objects/air/I_153_M62,True,FlightModels/I-153-M62.fmd,com/maddox/il2/objects/air/I_153_2SHKAS_BS,reference-only-buttons-not-extracted,com/maddox/il2/objects/air/CockpitI_153,com/maddox/il2/objects/air/I_153_2SHKAS_BS,,player-capable-static,3DO/Plane/I-153/hier.him,REVIEW,flight-model reference found; internal Buttons entry not yet verified
181,I-153_fin,air.I_153_fin,com/maddox/il2/objects/air/I_153_fin,NOINFO,C:\Users\Alexis\DATA\Projets\GITHUB\IL2-1946-Open-Sturmovik\Files\3698B9DA6C0B1800,loose,31DAA91770CE96CED3D5773E8AF26789D24C9E54FA14DDD90935E5D4C32D87F2,47,com/maddox/il2/objects/air/I_153_M62,True,FlightModels/I-153-M62.fmd,com/maddox/il2/objects/air/I_153_fin,reference-only-buttons-not-extracted,com/maddox/il2/objects/air/CockpitI_153,com/maddox/il2/objects/air/I_153_fin,,player-capable-static,3DO/Plane/I-153/hier.him,REVIEW,flight-model reference found; internal Buttons entry not yet verified
182,I-153M62,air.I_153_M62,com/maddox/il2/objects/air/I_153_M62,,C:\Users\Alexis\DATA\Projets\GITHUB\IL2-1946-Open-Sturmovik\Files\2A440D9245C30D6A,loose,807B6C1E12ECE4961E28ECC26DB7089C48846E51D96C6711D8A28B6ABA2C7419,47,com/maddox/il2/objects/air/Scheme1,True,FlightModels/I-153-M62.fmd,com/maddox/il2/objects/air/I_153_M62,reference-only-buttons-not-extracted,com/maddox/il2/objects/air/CockpitI_153,com/maddox/il2/objects/air/I_153_M62,,player-capable-static,3DO/Plane/I-153(cn)/hier.him | 3DO/Plane/I-153(es)/hier.him | 3DO/Plane/I-153/hier.him,REVIEW,flight-model reference found; internal Buttons entry not yet verified
183,I-153P,air.I_153P,com/maddox/il2/objects/air/I_153P,NOINFO,C:\Users\Alexis\DATA\Projets\GITHUB\IL2-1946-Open-Sturmovik\WIP\labs\IL 2 Sturmovik 1946 Selector Dump\dump\com\maddox\il2\objects\air\I_153P.class,selector-dump,76BF7717D2FCECFBBD055F5438B3F3861CE2174579483A4FAFE0731A759C3841,47,com/maddox/il2/objects/air/I_153_M62,True,FlightModels/I-153-M62.fmd,com/maddox/il2/objects/air/I_153P,reference-only-buttons-not-extracted,com/maddox/il2/objects/air/CockpitI_153,com/maddox/il2/objects/air/I_153_M62,,player-capable-inherited-candidate,3DO/Plane/I-153/hier.him,REVIEW,flight-model reference found; internal Buttons entry not yet verified
184,I-15bis,air.I_15BIS,com/maddox/il2/objects/air/I_15BIS,NOINFO,C:\Users\Alexis\DATA\Projets\GITHUB\IL2-1946-Open-Sturmovik\WIP\labs\IL 2 Sturmovik 1946 Selector Dump\dump\com\maddox\il2\objects\air\I_15BIS.class,selector-dump,463D12C85CBC575B0551E11E78392D3246808006BFD82E7A841ECC0278F9ED8E,47,com/maddox/il2/objects/air/I_15xyz,True,FlightModels/I-15bis.fmd,com/maddox/il2/objects/air/I_15BIS,reference-only-buttons-not-extracted,,,,probable-ai-only,3DO/Plane/I-15bis/hier.him,REVIEW,flight-model reference found; internal Buttons entry not yet verified | no usable cockpitClass declaration found; treat as AI-only until runtime proof
185,I-15bis_Skis,air.I_15BIS_SKIS,com/maddox/il2/objects/air/I_15BIS_SKIS,NOINFO,C:\Users\Alexis\DATA\Projets\GITHUB\IL2-1946-Open-Sturmovik\WIP\labs\IL 2 Sturmovik 1946 Selector Dump\dump\com\maddox\il2\objects\air\I_15BIS_SKIS.class,selector-dump,1FC2C4936BF4E6E543F14215CE06F9CB6FF80E0C8AA723AF15D068B8BF2CAE6F,47,com/maddox/il2/objects/air/I_15xyz,True,FlightModels/I-15bis.fmd,com/maddox/il2/objects/air/I_15BIS_SKIS,reference-only-buttons-not-extracted,,,,probable-ai-only,,REVIEW,flight-model reference found; internal Buttons entry not yet verified | no usable cockpitClass declaration found; treat as AI-only until runtime proof
186,I-15_m22,air.I_15_m22,com/maddox/il2/objects/air/I_15_m22,NOINFO,C:\Users\Alexis\DATA\Projets\GITHUB\IL2-1946-Open-Sturmovik\Files\B289740441900CEA,loose,52CF3CE78408FFF0088675574FB807E761DFC77254ED3E560712760621FF64D6,47,com/maddox/il2/objects/air/I_153_M62,True,FlightModels/I-15-M22.fmd,com/maddox/il2/objects/air/I_15_m22,reference-only-buttons-not-extracted,com/maddox/il2/objects/air/CockpitI_15,com/maddox/il2/objects/air/I_15_m22,,player-capable-static,3DO/Plane/I-15(es)/hier.him | 3DO/Plane/I-15/hier.him,REVIEW,flight-model reference found; internal Buttons entry not yet verified
187,I-15_m25,air.I_15_m25,com/maddox/il2/objects/air/I_15_m25,NOINFO,C:\Users\Alexis\DATA\Projets\GITHUB\IL2-1946-Open-Sturmovik\Files\9D0D538EC61A90B4,loose,0D98F61231DC07F561F739FFB95B91B8497727E64E3ED8F58C24320455160346,47,com/maddox/il2/objects/air/I_153_M62,True,FlightModels/I-15-M25.fmd,com/maddox/il2/objects/air/I_15_m25,reference-only-buttons-not-extracted,com/maddox/il2/objects/air/CockpitI_15,com/maddox/il2/objects/air/I_15_m25,,player-capable-static,3DO/Plane/I-15(es)/hier.him | 3DO/Plane/I-15/hier.him,REVIEW,flight-model reference found; internal Buttons entry not yet verified
188,I-16type18-BS,air.I_16TYPE18_BS,com/maddox/il2/objects/air/I_16TYPE18_BS,NOINFO,C:\Users\Alexis\DATA\Projets\GITHUB\IL2-1946-Open-Sturmovik\Files\1AC6283857AB8192,loose,7492CA093E932DFE700B280BED89A1BE4F5C2EDA876C08400A53D43D86EDDA75,47,com/maddox/il2/objects/air/I_16,True,FlightModels/I-16type27.fmd,com/maddox/il2/objects/air/I_16TYPE18_BS,reference-only-buttons-not-extracted,com/maddox/il2/objects/air/CockpitI_16TYPE18,com/maddox/il2/objects/air/I_16TYPE18_BS,,player-capable-static,,REVIEW,flight-model reference found; internal Buttons entry not yet verified
189,I-16type24orig,air.I_16TYPE24_orig,com/maddox/il2/objects/air/I_16TYPE24_orig,NOINFO,C:\Users\Alexis\DATA\Projets\GITHUB\IL2-1946-Open-Sturmovik\Files\92C1CE6899399E70,loose,718A785E4BCDE935E762C7EC50E7BC1D6EAAE867E95CFA7CE84CC20605F4680C,47,com/maddox/il2/objects/air/I_16,True,FlightModels/I-16type24.fmd,com/maddox/il2/objects/air/I_16TYPE24_orig,reference-only-buttons-not-extracted,com/maddox/il2/objects/air/CockpitI_16TYPE18,com/maddox/il2/objects/air/I_16TYPE24_orig,,player-capable-static,3DO/Plane/I-16type24(cn)/hier.him | 3DO/Plane/I-16type24(es)/hier.him | 3DO/Plane/I-16type24(ru)/hier.him | 3DO/Plane/I-16type24/hier.him,REVIEW,flight-model reference found; internal Buttons entry not yet verified
190,I-16type5_SPB,air.I_16TYPE5_SPB,com/maddox/il2/objects/air/I_16TYPE5_SPB,NOINFO,C:\Users\Alexis\DATA\Projets\GITHUB\IL2-1946-Open-Sturmovik\WIP\labs\IL 2 Sturmovik 1946 Selector Dump\dump\com\maddox\il2\objects\air\I_16TYPE5_SPB.class,selector-dump,206270C8C1243C06F1A91E0BD83F090D4E3D3B791C45389670B882528E12B645,47,com/maddox/il2/objects/air/I_16,True,FlightModels/I-16type5.fmd,com/maddox/il2/objects/air/I_16TYPE5_SPB,reference-only-buttons-not-extracted,com/maddox/il2/objects/air/CockpitI_16TYPE5_SPB,com/maddox/il2/objects/air/I_16TYPE5_SPB,,player-capable-static,3DO/Plane/I-16type5(multi)/hier.him | 3DO/Plane/I-16type5/hier.him,REVIEW,flight-model reference found; internal Buttons entry not yet verified
191,I-16type6,air.I_16TYPE6,com/maddox/il2/objects/air/I_16TYPE6,NOINFO,C:\Users\Alexis\DATA\Projets\GITHUB\IL2-1946-Open-Sturmovik\WIP\labs\IL 2 Sturmovik 1946 Selector Dump\dump\com\maddox\il2\objects\air\I_16TYPE6.class,selector-dump,033519E776F37D3DBA1E86B4BD690287B3D83A6689A016CE6610965AE5E0A4E1,47,com/maddox/il2/objects/air/I_16,True,FlightModels/I-16type6.fmd,com/maddox/il2/objects/air/I_16TYPE6,reference-only-buttons-not-extracted,com/maddox/il2/objects/air/CockpitI_16TYPE6,com/maddox/il2/objects/air/I_16TYPE6,,player-capable-static,3DO/Plane/I-16type6(multi)/hier.him | 3DO/Plane/I-16type6/hier.him,REVIEW,flight-model reference found; internal Buttons entry not yet verified
192,I-16type5_Skis,air.I_16TYPE5_SKIS,com/maddox/il2/objects/air/I_16TYPE5_SKIS,NOINFO,C:\Users\Alexis\DATA\Projets\GITHUB\IL2-1946-Open-Sturmovik\WIP\labs\IL 2 Sturmovik 1946 Selector Dump\dump\com\maddox\il2\objects\air\I_16TYPE5_SKIS.class,selector-dump,0D1998417A29DF368FDC8827140CAC1E68DBF0B103FC18E8079349DA9F31FAE8,47,com/maddox/il2/objects/air/I_16FixedSkis,True,FlightModels/I-16type5Skis.fmd,com/maddox/il2/objects/air/I_16TYPE5_SKIS,reference-only-buttons-not-extracted,com/maddox/il2/objects/air/CockpitI_16TYPE5,com/maddox/il2/objects/air/I_16TYPE5_SKIS,,player-capable-static,,REVIEW,flight-model reference found; internal Buttons entry not yet verified
193,I-16type6_Skis,air.I_16TYPE6_SKIS,com/maddox/il2/objects/air/I_16TYPE6_SKIS,NOINFO,C:\Users\Alexis\DATA\Projets\GITHUB\IL2-1946-Open-Sturmovik\WIP\labs\IL 2 Sturmovik 1946 Selector Dump\dump\com\maddox\il2\objects\air\I_16TYPE6_SKIS.class,selector-dump,17D39FFC8543E2C3ED7A03700C87CC31BA365A5C66ADAF88E29C7E05E676EAAA,47,com/maddox/il2/objects/air/I_16FixedSkis,True,FlightModels/I-16type6Skis.fmd,com/maddox/il2/objects/air/I_16TYPE6_SKIS,reference-only-buttons-not-extracted,com/maddox/il2/objects/air/CockpitI_16TYPE6,com/maddox/il2/objects/air/I_16TYPE6_SKIS,,player-capable-static,,REVIEW,flight-model reference found; internal Buttons entry not yet verified
194,I-16type10,air.I_16TYPE10,com/maddox/il2/objects/air/I_16TYPE10,NOINFO,C:\Users\Alexis\DATA\Projets\GITHUB\IL2-1946-Open-Sturmovik\Files\E74B6844494FAAD4,loose,8606A1CD7A6C9E8913B2D05586419E6200623C2F8ED80B84ED6B4F6EE5C8B59A,47,com/maddox/il2/objects/air/I_16,True,FlightModels/I-16type10.fmd,com/maddox/il2/objects/air/I_16TYPE10,reference-only-buttons-not-extracted,com/maddox/il2/objects/air/CockpitI_16TYPE18,com/maddox/il2/objects/air/I_16TYPE10,,player-capable-static,3DO/Plane/I-16type10(es)/hier.him | 3DO/Plane/I-16type10(ru)/hier.him | 3DO/Plane/I-16type10/hier.him,REVIEW,flight-model reference found; internal Buttons entry not yet verified
195,I-16type17,air.I_16TYPE17,com/maddox/il2/objects/air/I_16TYPE17,NOINFO,C:\Users\Alexis\DATA\Projets\GITHUB\IL2-1946-Open-Sturmovik\Files\9335BD9E45554E28,loose,1FCED7D730EF19C7FB86350F21115E3BDBA9211B819866E76580CD00F46A21E5,47,com/maddox/il2/objects/air/I_16,True,FlightModels/I-16type17.fmd,com/maddox/il2/objects/air/I_16TYPE17,reference-only-buttons-not-extracted,com/maddox/il2/objects/air/CockpitI_16TYPE18,com/maddox/il2/objects/air/I_16TYPE17,,player-capable-static,3DO/Plane/I-16type17(es)/hier.him | 3DO/Plane/I-16type17(ru)/hier.him | 3DO/Plane/I-16type17/hier.him,REVIEW,flight-model reference found; internal Buttons entry not yet verified
196,I-16type18,air.I_16TYPE18,com/maddox/il2/objects/air/I_16TYPE18,,C:\Users\Alexis\DATA\Projets\GITHUB\IL2-1946-Open-Sturmovik\Files\2E27CBEA196758BE,loose,540EB20556E5FFAA42A0ECD9DB81F69F7E37DB9ED97A5524B18CD39A7E69056E,47,com/maddox/il2/objects/air/I_16,True,FlightModels/I-16type18.fmd,com/maddox/il2/objects/air/I_16TYPE18,reference-only-buttons-not-extracted,com/maddox/il2/objects/air/CockpitI_16TYPE18,com/maddox/il2/objects/air/I_16TYPE18,,player-capable-static,3DO/Plane/I-16type18(Multi1)/hier.him | 3DO/Plane/I-16type18(es)/hier.him | 3DO/Plane/I-16type18/hier.him,REVIEW,flight-model reference found; internal Buttons entry not yet verified
197,I-16type24,air.I_16TYPE24,com/maddox/il2/objects/air/I_16TYPE24,,C:\Users\Alexis\DATA\Projets\GITHUB\IL2-1946-Open-Sturmovik\Files\99FFC35AA74858B4,loose,C3BEFD76D35E166E0E1E777FDD3DF99E5B87E0101C8588E93095DF7103CD4015,47,com/maddox/il2/objects/air/I_16,True,FlightModels/I-16type28.fmd,com/maddox/il2/objects/air/I_16TYPE24,reference-only-buttons-not-extracted,com/maddox/il2/objects/air/CockpitI_16TYPE24,com/maddox/il2/objects/air/I_16TYPE24,,player-capable-static,3DO/Plane/I-16type24(cn)/hier.him | 3DO/Plane/I-16type24(es)/hier.him | 3DO/Plane/I-16type28(Multi1)/hier.him | 3DO/Plane/I-16type28/hier.him,REVIEW,flight-model reference found; internal Buttons entry not yet verified
198,I-16type24_SPB,air.I_16TYPE24DRONE,com/maddox/il2/objects/air/I_16TYPE24DRONE,NOINFO,C:\Users\Alexis\DATA\Projets\GITHUB\IL2-1946-Open-Sturmovik\Files\F5ABBC96F8BFBAD0,loose,5512C2DCE3BDBCCBB83320D83BDF16FDBAE61B85E72260F230499987009E7F07,47,com/maddox/il2/objects/air/I_16,True,FlightModels/I-16type24.fmd,com/maddox/il2/objects/air/I_16TYPE24DRONE,reference-only-buttons-not-extracted,com/maddox/il2/objects/air/CockpitI_16TYPE24_SPB,com/maddox/il2/objects/air/I_16TYPE24DRONE,,player-capable-static,3DO/Plane/I-16type24(Multi1)/hier.him | 3DO/Plane/I-16type24/hier.him,REVIEW,flight-model reference found; internal Buttons entry not yet verified
199,I-16type27,air.I_16TYPE27,com/maddox/il2/objects/air/I_16TYPE27,NOINFO,C:\Users\Alexis\DATA\Projets\GITHUB\IL2-1946-Open-Sturmovik\Files\6785B6782399A02E,loose,57C71887B861365F0ECB91F6EB4C0E253B7502D7A9F8357D4625FA4DEA4A53F4,47,com/maddox/il2/objects/air/I_16,True,FlightModels/I-16type27.fmd,com/maddox/il2/objects/air/I_16TYPE27,reference-only-buttons-not-extracted,com/maddox/il2/objects/air/CockpitI_16TYPE18,com/maddox/il2/objects/air/I_16TYPE27,,player-capable-static,3DO/Plane/I-16type27(es)/hier.him | 3DO/Plane/I-16type27(ru)/hier.him | 3DO/Plane/I-16type27/hier.him,REVIEW,flight-model reference found; internal Buttons entry not yet verified
200,I-16type5,air.I_16TYPE5,com/maddox/il2/objects/air/I_16TYPE5,NOINFO,C:\Users\Alexis\DATA\Projets\GITHUB\IL2-1946-Open-Sturmovik\Files\657CE082B510059E,loose,7A641098DB824F723BB3DB5B457BB777181DAFDC544D6A7DFFD4BB68A1E6482F,47,com/maddox/il2/objects/air/I_16,True,FlightModels/I-16type5.fmd,com/maddox/il2/objects/air/I_16TYPE5,reference-only-buttons-not-extracted,com/maddox/il2/objects/air/CockpitI_16TYPE5,com/maddox/il2/objects/air/I_16TYPE5,,player-capable-static,3DO/Plane/I-16type5(es)/hier.him | 3DO/Plane/I-16type5(ru)/hier.him | 3DO/Plane/I-16type5/hier.him,REVIEW,flight-model reference found; internal Buttons entry not yet verified
201,I-185M-71,air.I_185M71,com/maddox/il2/objects/air/I_185M71,NOINFO,C:\Users\Alexis\DATA\Projets\GITHUB\IL2-1946-Open-Sturmovik\WIP\labs\IL 2 Sturmovik 1946 Selector Dump\dump\com\maddox\il2\objects\air\I_185M71.class,selector-dump,C3BF5FB0998B3B4FE5764455F56C89789447D91BB612BB72134EB7D323E0679A,47,com/maddox/il2/objects/air/I_185,True,FlightModels/I-185M-71.fmd,com/maddox/il2/objects/air/I_185M71,reference-only-buttons-not-extracted,com/maddox/il2/objects/air/CockpitI_185M71,com/maddox/il2/objects/air/I_185M71,,player-capable-static,3DO/Plane/I-185(M-71)(Multi1)/hier.him,REVIEW,flight-model reference found; internal Buttons entry not yet verified
202,I-185M-82A,air.I_185M82A,com/maddox/il2/objects/air/I_185M82A,NOINFO,C:\Users\Alexis\DATA\Projets\GITHUB\IL2-1946-Open-Sturmovik\WIP\labs\IL 2 Sturmovik 1946 Selector Dump\dump\com\maddox\il2\objects\air\I_185M82A.class,selector-dump,815D3E84862FA06F6F1665B41C97AEEF130EE733CB121EE3755AFBE47A9C959A,47,com/maddox/il2/objects/air/I_185,True,FlightModels/I-185M-82A.fmd,com/maddox/il2/objects/air/I_185M82A,reference-only-buttons-not-extracted,com/maddox/il2/objects/air/CockpitI_185M82,com/maddox/il2/objects/air/I_185M82A,,player-capable-static,3DO/Plane/I-185(M-82A)(Multi1)/hier.him,REVIEW,flight-model reference found; internal Buttons entry not yet verified
203,P_11c,air.P_11C,com/maddox/il2/objects/air/P_11C,,C:\Users\Alexis\DATA\Projets\GITHUB\IL2-1946-Open-Sturmovik\WIP\labs\IL 2 Sturmovik 1946 Selector Dump\dump\com\maddox\il2\objects\air\P_11C.class,selector-dump,A6468D50540D0F474880EE5B6039E4FAEA4D7F51A95C12C2F2B3A136A5F37863,47,com/maddox/il2/objects/air/Scheme1,True,FlightModels/P-11c.fmd,com/maddox/il2/objects/air/P_11C,reference-only-buttons-not-extracted,com/maddox/il2/objects/air/CockpitP_11C,com/maddox/il2/objects/air/P_11C,,player-capable-static,3DO/Plane/P-11c(Multi1)/hier.him | 3DO/Plane/P-11c(Romanian)/hier.him | 3DO/Plane/P-11c/hier.him,REVIEW,flight-model reference found; internal Buttons entry not yet verified
204,P_24b,air.P_24B,com/maddox/il2/objects/air/P_24B,,C:\Users\Alexis\DATA\Projets\GITHUB\IL2-1946-Open-Sturmovik\Files\61A5B072328385F6,loose,F7D1A1FB251DFC3538099F286725CBAE9537848A3136C2423F525783BF5732CF,46,com/maddox/il2/objects/air/P_24,True,FlightModels/P-24b.fmd,com/maddox/il2/objects/air/P_24B,reference-only-buttons-not-extracted,com/maddox/il2/objects/air/CockpitP_24,com/maddox/il2/objects/air/P_24B,,player-capable-static,3DO/Plane/P-24B(Multi1)/hier.him | 3DO/Plane/P-24B(Romanian)/hier.him | 3DO/Plane/P-24B(sk)/hier.him | 3DO/Plane/P-24B/hier.him,REVIEW,flight-model reference found; internal Buttons entry not yet verified
205,P_24e,air.P_24E,com/maddox/il2/objects/air/P_24E,,C:\Users\Alexis\DATA\Projets\GITHUB\IL2-1946-Open-Sturmovik\Files\94D556023E8C1770,loose,6FB6F88355A63C57449AF98EFD5C543F5219E61AACA8D8C6EAEE075CE1DC0C3F,46,com/maddox/il2/objects/air/P_24,True,FlightModels/P-24e.fmd,com/maddox/il2/objects/air/P_24E,reference-only-buttons-not-extracted,com/maddox/il2/objects/air/CockpitP_24,com/maddox/il2/objects/air/P_24E,,player-capable-static,3DO/Plane/P-24E(Multi1)/hier.him | 3DO/Plane/P-24E(Romanian)/hier.him,REVIEW,flight-model reference found; internal Buttons entry not yet verified
206,P_24f,air.P_24F,com/maddox/il2/objects/air/P_24F,,C:\Users\Alexis\DATA\Projets\GITHUB\IL2-1946-Open-Sturmovik\Files\07EF5A92A01A27A2,loose,2602F3E1BDF7D7EA2B2184CC0211512D664389CDCDF2B62AE0E09B8D3C9E63DD,46,com/maddox/il2/objects/air/P_24,True,FlightModels/P-24f.fmd,com/maddox/il2/objects/air/P_24F,reference-only-buttons-not-extracted,com/maddox/il2/objects/air/CockpitP_24,com/maddox/il2/objects/air/P_24F,,player-capable-static,3DO/Plane/P-24F(Multi1)/hier.him | 3DO/Plane/P-24F/hier.him,REVIEW,flight-model reference found; internal Buttons entry not yet verified
207,P_24g,air.P_24G,com/maddox/il2/objects/air/P_24G,,C:\Users\Alexis\DATA\Projets\GITHUB\IL2-1946-Open-Sturmovik\Files\6A9893E2D8D38D24,loose,A47CA45596E321B876834A1AAF59F3298A3DD20896098B0DA53E04D63F88D823,46,com/maddox/il2/objects/air/P_24,True,FlightModels/P-24g.fmd,com/maddox/il2/objects/air/P_24G,reference-only-buttons-not-extracted,com/maddox/il2/objects/air/CockpitP_24,com/maddox/il2/objects/air/P_24G,,player-capable-static,3DO/Plane/P-24G(Multi1)/hier.him | 3DO/Plane/P-24G/hier.him,REVIEW,flight-model reference found; internal Buttons entry not yet verified
208,DB-3F,air.IL_4_DB3F,com/maddox/il2/objects/air/IL_4_DB3F,NOINFO,C:\Users\Alexis\DATA\Projets\GITHUB\IL2-1946-Open-Sturmovik\Files\9678CBD2B8A8F03E,loose,D84E3C6629E6FEBA82CEC1695A1270EA1C407C7CE10E5EEA4344B365DCBC4D2D,47,com/maddox/il2/objects/air/IL_4,True,FlightModels/DB-3F.fmd,com/maddox/il2/objects/air/IL_4_DB3F,reference-only-buttons-not-extracted,com/maddox/il2/objects/air/CockpitDB3F | com/maddox/il2/objects/air/CockpitDB3F_BGunner | com/maddox/il2/objects/air/CockpitDB3F_Bombardier | com/maddox/il2/objects/air/CockpitDB3F_FGunner | com/maddox/il2/objects/air/CockpitDB3F_TGunner,com/maddox/il2/objects/air/IL_4_DB3F,,player-capable-static,3DO/Plane/DB-3F/hier.him,REVIEW,flight-model reference found; internal Buttons entry not yet verified
209,R-10,air.R_10,com/maddox/il2/objects/air/R_10,,C:\Users\Alexis\DATA\Projets\GITHUB\IL2-1946-Open-Sturmovik\Files\886F76E8608653CC,loose,BB5C2FE8C0289FBD566F5B415DCC417CB7F1575A00671566702FE540DB1BA401,47,com/maddox/il2/objects/air/Scheme1,True,FlightModels/R-10.fmd,com/maddox/il2/objects/air/R_10,reference-only-buttons-not-extracted,com/maddox/il2/objects/air/CockpitR10_TGunner | com/maddox/il2/objects/air/CockpitR_10,com/maddox/il2/objects/air/R_10,,player-capable-static,3DO/Plane/R-10/hier.him,REVIEW,flight-model reference found; internal Buttons entry not yet verified
210,P-47D,air.P_47D,com/maddox/il2/objects/air/P_47D,NOINFO,C:\Users\Alexis\DATA\Projets\GITHUB\IL2-1946-Open-Sturmovik\Files\8A95ACBCDC0760E4,loose,37913641780DFEC5C70D845EAD5A34C9417F001B1CB33EB0012A2B15A2A67D6F,47,com/maddox/il2/objects/air/P_47,True,FlightModels/P-47D-27_late.fmd,com/maddox/il2/objects/air/P_47D,reference-only-buttons-not-extracted,com/maddox/il2/objects/air/CockpitP_47D25,com/maddox/il2/objects/air/P_47D,,player-capable-static,3DO/Plane/P-47D(Multi1)/hier.him | 3DO/Plane/P-47D(USA)/hier.him,REVIEW,flight-model reference found; internal Buttons entry not yet verified
211,P-47D-10,air.P_47D10,com/maddox/il2/objects/air/P_47D10,,C:\Users\Alexis\DATA\Projets\GITHUB\IL2-1946-Open-Sturmovik\WIP\labs\IL 2 Sturmovik 1946 Selector Dump\dump\com\maddox\il2\objects\air\P_47D10.class,selector-dump,31E1ACFDD0048421DB02A5FFEEACA19E0715419C7B9AD56A66A0AFB6653A8B28,47,com/maddox/il2/objects/air/P_47,True,FlightModels/P-47D-10.fmd,com/maddox/il2/objects/air/P_47D10,reference-only-buttons-not-extracted,com/maddox/il2/objects/air/CockpitP_47D10,com/maddox/il2/objects/air/P_47D10,,player-capable-static,3DO/Plane/P-47D-10(Multi1)/hier.him | 3DO/Plane/P-47D-10(USA)/hier.him,REVIEW,flight-model reference found; internal Buttons entry not yet verified
212,P-47D-22,air.P_47D22,com/maddox/il2/objects/air/P_47D22,NOINFO,C:\Users\Alexis\DATA\Projets\GITHUB\IL2-1946-Open-Sturmovik\Files\7227BD9007CCD4B0,loose,95761A1397F71B7F296CA8031756B2D6B83A156EB576C44C896AAFD10EE4748E,47,com/maddox/il2/objects/air/P_47,True,FlightModels/P-47D-22.fmd,com/maddox/il2/objects/air/P_47D22,reference-only-buttons-not-extracted,com/maddox/il2/objects/air/CockpitP_47D22,com/maddox/il2/objects/air/P_47D22,,player-capable-static,3DO/Plane/P-47D-22(Multi1)/hier.him | 3DO/Plane/P-47D-22(USA)/hier.him,REVIEW,flight-model reference found; internal Buttons entry not yet verified
213,P-47D-27,air.P_47D27,com/maddox/il2/objects/air/P_47D27,,C:\Users\Alexis\DATA\Projets\GITHUB\IL2-1946-Open-Sturmovik\Files\8682292E8CEC299E,loose,AF24D7B243BC33BCBE4298650563E71B585BBB126AAD10C1648CC89DB385B506,47,com/maddox/il2/objects/air/P_47,True,FlightModels/P-47D-27.fmd,com/maddox/il2/objects/air/P_47D27,reference-only-buttons-not-extracted,com/maddox/il2/objects/air/CockpitP_47D27,com/maddox/il2/objects/air/P_47D27,,player-capable-static,3DO/Plane/P-47D-27(Multi1)/hier.him | 3DO/Plane/P-47D-27(USA)/hier.him,REVIEW,flight-model reference found; internal Buttons entry not yet verified
214,F84F1_Thunderstreak,air.F84F1,com/maddox/il2/objects/air/F84F1,NOINFO,C:\Users\Alexis\DATA\Projets\GITHUB\IL2-1946-Open-Sturmovik\Files\FE38290821BAE08E,loose,7A574E1FB13CDBF5A5AB7CD94D8ED9E89D73BF339C8CA457BFF8DE67BD123F9B,47,com/maddox/il2/objects/air/DO_335,True,FlightModels/He-162C.fmd,com/maddox/il2/objects/air/F84F1,reference-only-buttons-not-extracted,com/maddox/il2/objects/air/CockpitF84F1,com/maddox/il2/objects/air/F84F1,,player-capable-static,3DO/Plane/F84F(US)/hier.him | 3DO/Plane/F84F/hier.him,REVIEW,flight-model reference found; internal Buttons entry not yet verified
215,F84G1_ThunderJet,air.F84G1,com/maddox/il2/objects/air/F84G1,NOINFO,C:\Users\Alexis\DATA\Projets\GITHUB\IL2-1946-Open-Sturmovik\Files\6638F1C2606BA908,loose,4609C0B1D0CA0B207931FFFED04A9E02DC524A79C2151529CCCDCD5C3FB05FA9,47,com/maddox/il2/objects/air/DO_335,True,FlightModels/He-162C.fmd,com/maddox/il2/objects/air/F84G1,reference-only-buttons-not-extracted,com/maddox/il2/objects/air/CockpitF84G1,com/maddox/il2/objects/air/F84G1,,player-capable-static,3DO/Plane/F84G(US)/hier.him | 3DO/Plane/F84G/hier.him,REVIEW,flight-model reference found; internal Buttons entry not yet verified
216,F84G3_ThunderJet,air.F84G3,com/maddox/il2/objects/air/F84G3,NOINFO,C:\Users\Alexis\DATA\Projets\GITHUB\IL2-1946-Open-Sturmovik\Files\E579552CDF635FE2,loose,90EE7B15BFE643053B3F0F18E9515D37265FEB778510FBA0B4461F97EDA433C7,47,com/maddox/il2/objects/air/DO_335,True,FlightModels/F84G.fmd,com/maddox/il2/objects/air/F84G3,reference-only-buttons-not-extracted,com/maddox/il2/objects/air/CockpitF84G3,com/maddox/il2/objects/air/F84G3,,player-capable-static,3DO/Plane/F84G_Nuke/hier.him,REVIEW,flight-model reference found; internal Buttons entry not yet verified
217,RWD_8,air.RWD_8,com/maddox/il2/objects/air/RWD_8,NOINFO,C:\Users\Alexis\DATA\Projets\GITHUB\IL2-1946-Open-Sturmovik\Files\6C622C2626A50382,loose,8A8397E6FA1AA574910EE402C48AE52A0501228DCDA139F82853D7273E3D420B,47,com/maddox/il2/objects/air/Scheme1,True,FlightModels/Fi-156B-2.fmd,com/maddox/il2/objects/air/RWD_8,reference-only-buttons-not-extracted,com/maddox/il2/objects/air/CockpitRWD_8,com/maddox/il2/objects/air/RWD_8,,player-capable-static,3do/plane/RWD-8/hier.him,REVIEW,flight-model reference found; internal Buttons entry not yet verified
218,Su-2,air.SU_2,com/maddox/il2/objects/air/SU_2,NOINFO,C:\Users\Alexis\DATA\Projets\GITHUB\IL2-1946-Open-Sturmovik\Files\70C9BE082DD9AB42,loose,1EF1E7008A8DDE711E2A10F34BFDF59A5D461E2A8B33DCF3C1C3443D71641508,47,com/maddox/il2/objects/air/Scheme1,True,FlightModels/Su-2.fmd,com/maddox/il2/objects/air/SU_2,reference-only-buttons-not-extracted,com/maddox/il2/objects/air/CockpitSU_2 | com/maddox/il2/objects/air/CockpitSU_2_Bombardier | com/maddox/il2/objects/air/CockpitSU_2_TGunner,com/maddox/il2/objects/air/SU_2,,player-capable-static,3DO/Plane/Su-2/hier.him,REVIEW,flight-model reference found; internal Buttons entry not yet verified
219,SU26,air.SU26,com/maddox/il2/objects/air/SU26,NOINFO,C:\Users\Alexis\DATA\Projets\GITHUB\IL2-1946-Open-Sturmovik\Files\BB97F3AC0694119A,loose,075E832B785EE996001F1D7DCE5B7F8461DC2916C276D2E8CC56402F7EA733A1,46,com/maddox/il2/objects/air/IAR_8X,True,FlightModels/Su-26.fmd,com/maddox/il2/objects/air/SU26,reference-only-buttons-not-extracted,com/maddox/il2/objects/air/CockpitIAR81,com/maddox/il2/objects/air/SU26,,player-capable-static,3DO/Plane/IAR-80/hier.him,REVIEW,flight-model reference found; internal Buttons entry not yet verified
220,Su-26M2,air.SU_26M2,com/maddox/il2/objects/air/SU_26M2,NOINFO,C:\Users\Alexis\DATA\Projets\GITHUB\IL2-1946-Open-Sturmovik\Files\D658C4F0D6F4A07C,loose,FC8633AB3A378ECA26B497EF1B95EAD848F973F3E86DA4C20438E711DEA6CD5E,47,com/maddox/il2/objects/air/KI_27,True,FlightModels/Su-26.fmd,com/maddox/il2/objects/air/SU_26M2,reference-only-buttons-not-extracted,com/maddox/il2/objects/air/CockpitKI_27OTSU,com/maddox/il2/objects/air/SU_26M2,,player-capable-static,3DO/Plane/Ki-27(Otsu)(Multi1)/hier.him,REVIEW,flight-model reference found; internal Buttons entry not yet verified
221,TB-3_4M-17,air.TB_3_4M_17,com/maddox/il2/objects/air/TB_3_4M_17,,C:\Users\Alexis\DATA\Projets\GITHUB\IL2-1946-Open-Sturmovik\WIP\labs\IL 2 Sturmovik 1946 Selector Dump\dump\com\maddox\il2\objects\air\TB_3_4M_17.class,selector-dump,85F0E8F7E19DC6346C9AF579B1CC29F7ABC19BFC6627A414BA6D25B0A4D83D3D,47,com/maddox/il2/objects/air/TB_3,True,FlightModels/TB-3-4M-17.fmd,com/maddox/il2/objects/air/TB_3_4M_17,reference-only-buttons-not-extracted,com/maddox/il2/objects/air/CockpitTB_3 | com/maddox/il2/objects/air/CockpitTB_3_Bombardier | com/maddox/il2/objects/air/CockpitTB_3_NGunner | com/maddox/il2/objects/air/CockpitTB_3_TGunner1 | com/maddox/il2/objects/air/CockpitTB_3_TGunner2,com/maddox/il2/objects/air/TB_3_4M_17,,player-capable-static,3DO/Plane/TB-3-4M-17/hier.him,REVIEW,flight-model reference found; internal Buttons entry not yet verified
222,TB-3_4M-17_T_DZZMod,air.TB_3_4M_17_T_DZZ,com/maddox/il2/objects/air/TB_3_4M_17_T_DZZ,,C:\Users\Alexis\DATA\Projets\GITHUB\IL2-1946-Open-Sturmovik\Files\75D0F0402269266A,loose,85E04BC869205A50B94492E4A29FB28BC037B01BCC650F303D40C8FEEA63CAC8,47,com/maddox/il2/objects/air/TB_3,True,FlightModels/TB-3-4M-17.fmd,com/maddox/il2/objects/air/TB_3_4M_17_T_DZZ,reference-only-buttons-not-extracted,com/maddox/il2/objects/air/CockpitTB_3 | com/maddox/il2/objects/air/CockpitTB_3_Bombardier_T_DZZ | com/maddox/il2/objects/air/CockpitTB_3_NGunner | com/maddox/il2/objects/air/CockpitTB_3_TGunner1 | com/maddox/il2/objects/air/CockpitTB_3_TGunner2,com/maddox/il2/objects/air/TB_3_4M_17_T_DZZ,,player-capable-static,3DO/Plane/TB-3-4M-17/hier.him,REVIEW,flight-model reference found; internal Buttons entry not yet verified
223,TB-3_4M-34R,air.TB_3_4M_34R,com/maddox/il2/objects/air/TB_3_4M_34R,NOINFO,C:\Users\Alexis\DATA\Projets\GITHUB\IL2-1946-Open-Sturmovik\WIP\labs\IL 2 Sturmovik 1946 Selector Dump\dump\com\maddox\il2\objects\air\TB_3_4M_34R.class,selector-dump,A93C819E4E27411E6CA086540F329DD2376267E77B2811B23D9D56B9126C59F0,47,com/maddox/il2/objects/air/TB_3,True,FlightModels/TB-3-4M-34R.fmd,com/maddox/il2/objects/air/TB_3_4M_34R,reference-only-buttons-not-extracted,com/maddox/il2/objects/air/CockpitTB_3 | com/maddox/il2/objects/air/CockpitTB_3_Bombardier3 | com/maddox/il2/objects/air/CockpitTB_3_NGunner | com/maddox/il2/objects/air/CockpitTB_3_RGunner | com/maddox/il2/objects/air/CockpitTB_3_TGunner3,com/maddox/il2/objects/air/TB_3_4M_34R,,player-capable-static,3DO/Plane/TB-3-4M-34R/hier.him,REVIEW,flight-model reference found; internal Buttons entry not yet verified
224,TB-3_4M-34R_SPB,air.TB_3_4M_34R_SPB,com/maddox/il2/objects/air/TB_3_4M_34R_SPB,NOINFO,C:\Users\Alexis\DATA\Projets\GITHUB\IL2-1946-Open-Sturmovik\WIP\labs\IL 2 Sturmovik 1946 Selector Dump\dump\com\maddox\il2\objects\air\TB_3_4M_34R_SPB.class,selector-dump,AE4DC04DF8A1F0882D2966F004E8912AA657C86841E33112100F82E50E5A77D9,47,com/maddox/il2/objects/air/TB_3,True,FlightModels/TB-3-4M-34R.fmd,com/maddox/il2/objects/air/TB_3_4M_34R_SPB,reference-only-buttons-not-extracted,com/maddox/il2/objects/air/CockpitTB_3 | com/maddox/il2/objects/air/CockpitTB_3_Bombardier2 | com/maddox/il2/objects/air/CockpitTB_3_NGunner | com/maddox/il2/objects/air/CockpitTB_3_RGunner | com/maddox/il2/objects/air/CockpitTB_3_TGunner3,com/maddox/il2/objects/air/TB_3_4M_34R_SPB,,player-capable-static,3DO/Plane/TB-3-4M-34R_SPB/hier.him,REVIEW,flight-model reference found; internal Buttons entry not yet verified
225,TB-3_4M-34R_T_DZZMod,air.TB_3_4M_34R_T_DZZ,com/maddox/il2/objects/air/TB_3_4M_34R_T_DZZ,NOINFO,C:\Users\Alexis\DATA\Projets\GITHUB\IL2-1946-Open-Sturmovik\Files\CCF93530F22A1206,loose,ACD2CBA0E7F6C4407B609CD96EE6724ECCA20B8D20979C8F6F99B233667C7F8A,47,com/maddox/il2/objects/air/TB_3,True,FlightModels/TB-3-4M-34R.fmd,com/maddox/il2/objects/air/TB_3_4M_34R_T_DZZ,reference-only-buttons-not-extracted,com/maddox/il2/objects/air/CockpitTB_3 | com/maddox/il2/objects/air/CockpitTB_3_Bombardier3_T_DZZ | com/maddox/il2/objects/air/CockpitTB_3_NGunner | com/maddox/il2/objects/air/CockpitTB_3_RGunner | com/maddox/il2/objects/air/CockpitTB_3_TGunner3,com/maddox/il2/objects/air/TB_3_4M_34R_T_DZZ,,player-capable-static,3DO/Plane/TB-3-4M-34R/hier.him,REVIEW,flight-model reference found; internal Buttons entry not yet verified
226,Tu-2S,air.TU_2S,com/maddox/il2/objects/air/TU_2S,,C:\Users\Alexis\DATA\Projets\GITHUB\IL2-1946-Open-Sturmovik\Files\E2702038D11DF4BA,loose,77BB7338335A15328FECFD2BAF66CBA52F1A41D59EDC548A7DE1A2A4CAA9C126,47,com/maddox/il2/objects/air/TU_2,True,FlightModels/Tu-2S.fmd,com/maddox/il2/objects/air/TU_2S,reference-only-buttons-not-extracted,com/maddox/il2/objects/air/CockpitTU_2S | com/maddox/il2/objects/air/CockpitTU_2S_BGunner | com/maddox/il2/objects/air/CockpitTU_2S_Bombardier | com/maddox/il2/objects/air/CockpitTU_2S_RTGunner | com/maddox/il2/objects/air/CockpitTU_2S_TGunner,com/maddox/il2/objects/air/TU_2S,,player-capable-static,3DO/Plane/Tu-2S(cc)/hier.him | 3DO/Plane/Tu-2S/hier.him,REVIEW,flight-model reference found; internal Buttons entry not yet verified
227,SB_2M-100A,air.SB_2M100A,com/maddox/il2/objects/air/SB_2M100A,,C:\Users\Alexis\DATA\Projets\GITHUB\IL2-1946-Open-Sturmovik\Files\EF7DACF24A9DAA92,loose,B66151AEC6F87A6C5998134F7E173991F22FB4CFEA52B25EB7D88FC54827D57D,47,com/maddox/il2/objects/air/SB,True,FlightModels/SB-2M-100A.fmd,com/maddox/il2/objects/air/SB_2M100A,reference-only-buttons-not-extracted,com/maddox/il2/objects/air/CockpitSB2M100A_BGunner | com/maddox/il2/objects/air/CockpitSB2M100A_Bombardier | com/maddox/il2/objects/air/CockpitSB2M100A_TGunner | com/maddox/il2/objects/air/CockpitSB_2M100A,com/maddox/il2/objects/air/SB_2M100A,,player-capable-static,3DO/Plane/SB-2M-100A(Multi1)/hier.him | 3DO/Plane/SB-2M-100A(Russian)/hier.him | 3DO/Plane/SB-2M-100A(bg)/hier.him | 3DO/Plane/SB-2M-100A(es)/hier.him,REVIEW,flight-model reference found; internal Buttons entry not yet verified
228,SB_2M-103,air.SB_2M103,com/maddox/il2/objects/air/SB_2M103,,C:\Users\Alexis\DATA\Projets\GITHUB\IL2-1946-Open-Sturmovik\Files\CE35B05A7CCF0F8E,loose,C60090D00F62C7A0D413933F21F70D8CD55E2FA47DB8BD7492E679E5CF402F06,47,com/maddox/il2/objects/air/SB,True,FlightModels/SB-2M-103.fmd,com/maddox/il2/objects/air/SB_2M103,reference-only-buttons-not-extracted,com/maddox/il2/objects/air/CockpitSB2M103_BGunner | com/maddox/il2/objects/air/CockpitSB2M103_Bombardier | com/maddox/il2/objects/air/CockpitSB2M103_TGunner | com/maddox/il2/objects/air/CockpitSB_2M103,com/maddox/il2/objects/air/SB_2M103,,player-capable-static,3DO/Plane/SB-2M-103(Multi1)/hier.him | 3DO/Plane/SB-2M-103(Russian)/hier.him | 3DO/Plane/SB-2M-103(cn)/hier.him,REVIEW,flight-model reference found; internal Buttons entry not yet verified
229,SBD-3,air.SBD3,com/maddox/il2/objects/air/SBD3,,C:\Users\Alexis\DATA\Projets\GITHUB\IL2-1946-Open-Sturmovik\WIP\labs\IL 2 Sturmovik 1946 Selector Dump\dump\com\maddox\il2\objects\air\SBD3.class,selector-dump,CDE140CAD0636B500AFFF77B29A6F3433A33058DD943DB9BE20CF19A7FE5E424,47,com/maddox/il2/objects/air/SBD,True,FlightModels/SBD-3.fmd,com/maddox/il2/objects/air/SBD3,reference-only-buttons-not-extracted,com/maddox/il2/objects/air/CockpitSBD3 | com/maddox/il2/objects/air/CockpitSBD3_TGunner,com/maddox/il2/objects/air/SBD3,,player-capable-static,3DO/Plane/SBD-3(Multi1)/hier.him | 3DO/Plane/SBD-3(USA)/hier.him,REVIEW,flight-model reference found; internal Buttons entry not yet verified
230,SBD-5,air.SBD5,com/maddox/il2/objects/air/SBD5,NOINFO,C:\Users\Alexis\DATA\Projets\GITHUB\IL2-1946-Open-Sturmovik\WIP\labs\IL 2 Sturmovik 1946 Selector Dump\dump\com\maddox\il2\objects\air\SBD5.class,selector-dump,CD112FD57E8B1E8470D69C718D1813695A1B1E830AB4B84EC5955E3880855CAA,47,com/maddox/il2/objects/air/SBD,True,FlightModels/SBD-5.fmd,com/maddox/il2/objects/air/SBD5,reference-only-buttons-not-extracted,com/maddox/il2/objects/air/CockpitSBD3_TGunner | com/maddox/il2/objects/air/CockpitSBD5,com/maddox/il2/objects/air/SBD5,,player-capable-static,3DO/Plane/SBD-5(Multi1)/hier.him | 3DO/Plane/SBD-5(RZ)/hier.him | 3DO/Plane/SBD-5(USA)/hier.him,REVIEW,flight-model reference found; internal Buttons entry not yet verified
231,U-2NB,air.U_2NB,com/maddox/il2/objects/air/U_2NB,NOINFO,C:\Users\Alexis\DATA\Projets\GITHUB\IL2-1946-Open-Sturmovik\Files\B4A665488DEBE256,loose,2760EDAFCBBE3358995E67BE25560B9D7B38E1BC2E6C505D4BB90E4830F2AE0C,47,com/maddox/il2/objects/air/U_2VS,True,FlightModels/U-2NB.fmd,com/maddox/il2/objects/air/U_2NB,reference-only-buttons-not-extracted,com/maddox/il2/objects/air/CockpitU2UT | com/maddox/il2/objects/air/CockpitU2VN,com/maddox/il2/objects/air/U_2NB,,player-capable-static,3DO/Plane/U-2NB/hier.him,REVIEW,flight-model reference found; internal Buttons entry not yet verified
232,U-2UT,air.U_2UT,com/maddox/il2/objects/air/U_2UT,NOINFO,C:\Users\Alexis\DATA\Projets\GITHUB\IL2-1946-Open-Sturmovik\Files\5D29670C69F40ADE,loose,6B31AB4E99CD4BC431640F7E441684095C8559A68304483D44ED62BA97E7B2F4,47,com/maddox/il2/objects/air/U_2VS,True,FlightModels/U-2UT.fmd,com/maddox/il2/objects/air/U_2UT,reference-only-buttons-not-extracted,com/maddox/il2/objects/air/CockpitU2UT | com/maddox/il2/objects/air/CockpitU2VN,com/maddox/il2/objects/air/U_2UT,,player-capable-static,3DO/Plane/U-2UT/hier.him,REVIEW,flight-model reference found; internal Buttons entry not yet verified
233,U-2VS,air.U_2VS,com/maddox/il2/objects/air/U_2VS,,C:\Users\Alexis\DATA\Projets\GITHUB\IL2-1946-Open-Sturmovik\Files\F4ADD160BC116D06,loose,37E7FF8476847380BDD5BF9C5FE7B475D3EBE00235FB86F66F12CE1CE0E241CD,47,com/maddox/il2/objects/air/U_2,True,FlightModels/U-2VS.fmd,com/maddox/il2/objects/air/U_2VS,reference-only-buttons-not-extracted,com/maddox/il2/objects/air/CockpitU2VS | com/maddox/il2/objects/air/CockpitU2VS_TGunner,com/maddox/il2/objects/air/U_2VS,,player-capable-static,3do/plane/U-2VS/hier.him,REVIEW,flight-model reference found; internal Buttons entry not yet verified
234,U-2VS(SHKAS),air.U_2VS_shkas,com/maddox/il2/objects/air/U_2VS_shkas,NOINFO,C:\Users\Alexis\DATA\Projets\GITHUB\IL2-1946-Open-Sturmovik\Files\901E9C10DB6496E2,loose,D61E8F44123415DE3D2597ACBAD373E343A0D50BCCA49494B460AFCB4BE82ADC,47,com/maddox/il2/objects/air/U_2VS,True,FlightModels/U-2LSH.fmd,com/maddox/il2/objects/air/U_2VS_shkas,reference-only-buttons-not-extracted,com/maddox/il2/objects/air/CockpitU2VS | com/maddox/il2/objects/air/CockpitU2VS_TGunner,com/maddox/il2/objects/air/U_2VS_shkas,,player-capable-static,3DO/Plane/U-2VS_new/hier.him,REVIEW,flight-model reference found; internal Buttons entry not yet verified
235,CorsairMkI,air.F4UCORSAIR1,com/maddox/il2/objects/air/F4UCORSAIR1,NOINFO,C:\Users\Alexis\DATA\Projets\GITHUB\IL2-1946-Open-Sturmovik\WIP\labs\IL 2 Sturmovik 1946 Selector Dump\dump\com\maddox\il2\objects\air\F4UCORSAIR1.class,selector-dump,A4A11B73587550AEB738A2F56B931BC74C9A8E1EECB5C4827A2A7E2E9069E67A,47,com/maddox/il2/objects/air/F4U,True,FlightModels/F4U-1A.fmd,com/maddox/il2/objects/air/F4UCORSAIR1,reference-only-buttons-not-extracted,com/maddox/il2/objects/air/CockpitF4U1,com/maddox/il2/objects/air/F4UCORSAIR1,,player-capable-static,3DO/Plane/CorsairMkI(GB)/hier.him | 3DO/Plane/CorsairMkI(Multi1)/hier.him | 3DO/Plane/CorsairMkI(RZ)/hier.him,REVIEW,flight-model reference found; internal Buttons entry not yet verified
236,CorsairMkII,air.F4UCORSAIR2,com/maddox/il2/objects/air/F4UCORSAIR2,NOINFO,C:\Users\Alexis\DATA\Projets\GITHUB\IL2-1946-Open-Sturmovik\WIP\labs\IL 2 Sturmovik 1946 Selector Dump\dump\com\maddox\il2\objects\air\F4UCORSAIR2.class,selector-dump,3A27C4A2C3D58507CA78EA0049EC308224A7FDE94322908AD8114B1136D91505,47,com/maddox/il2/objects/air/F4U,True,FlightModels/F4U-1Aclipped.fmd,com/maddox/il2/objects/air/F4UCORSAIR2,reference-only-buttons-not-extracted,com/maddox/il2/objects/air/CockpitF4U1A,com/maddox/il2/objects/air/F4UCORSAIR2,,player-capable-static,3DO/Plane/CorsairMkII(GB)/hier.him | 3DO/Plane/CorsairMkII(Multi1)/hier.him,REVIEW,flight-model reference found; internal Buttons entry not yet verified
237,CorsairMkIV,air.F4UCORSAIR4,com/maddox/il2/objects/air/F4UCORSAIR4,NOINFO,C:\Users\Alexis\DATA\Projets\GITHUB\IL2-1946-Open-Sturmovik\WIP\labs\IL 2 Sturmovik 1946 Selector Dump\dump\com\maddox\il2\objects\air\F4UCORSAIR4.class,selector-dump,0449436B0701257F95CDCFC639CF4A0B5495A03F352CB61F39E92D6853B59ECA,47,com/maddox/il2/objects/air/F4U,True,FlightModels/F4U-1Dclipped.fmd,com/maddox/il2/objects/air/F4UCORSAIR4,reference-only-buttons-not-extracted,com/maddox/il2/objects/air/CockpitF4U1D,com/maddox/il2/objects/air/F4UCORSAIR4,,player-capable-static,3DO/Plane/CorsairMkIV(GB)/hier.him | 3DO/Plane/CorsairMkIV(Multi1)/hier.him,REVIEW,flight-model reference found; internal Buttons entry not yet verified
238,F4U-1A,air.F4U1A,com/maddox/il2/objects/air/F4U1A,,C:\Users\Alexis\DATA\Projets\GITHUB\IL2-1946-Open-Sturmovik\WIP\labs\IL 2 Sturmovik 1946 Selector Dump\dump\com\maddox\il2\objects\air\F4U1A.class,selector-dump,B48C3CCEC3664066C7DE559A579D230FB67091CBD0C506D90AEFE7A6FF7E44AB,47,com/maddox/il2/objects/air/F4U,True,FlightModels/F4U-1A.fmd,com/maddox/il2/objects/air/F4U1A,reference-only-buttons-not-extracted,com/maddox/il2/objects/air/CockpitF4U1A,com/maddox/il2/objects/air/F4U1A,,player-capable-static,3DO/Plane/F4U-1A(Multi1)/hier.him | 3DO/Plane/F4U-1A(RZ)/hier.him | 3DO/Plane/F4U-1A(USA)/hier.him,REVIEW,flight-model reference found; internal Buttons entry not yet verified
239,F4U-1C,air.F4U1C,com/maddox/il2/objects/air/F4U1C,,C:\Users\Alexis\DATA\Projets\GITHUB\IL2-1946-Open-Sturmovik\WIP\labs\IL 2 Sturmovik 1946 Selector Dump\dump\com\maddox\il2\objects\air\F4U1C.class,selector-dump,D4733E72970E00F0D8B153AC08A14AB30052ABBFA12BB304B764C828C26F5F09,47,com/maddox/il2/objects/air/F4U,True,FlightModels/F4U-1C.fmd,com/maddox/il2/objects/air/F4U1C,reference-only-buttons-not-extracted,com/maddox/il2/objects/air/CockpitF4U1D,com/maddox/il2/objects/air/F4U1C,,player-capable-static,3DO/Plane/F4U-1C(Multi1)/hier.him | 3DO/Plane/F4U-1C(RZ)/hier.him | 3DO/Plane/F4U-1C(USA)/hier.him,REVIEW,flight-model reference found; internal Buttons entry not yet verified
240,F4U-1D,air.F4U1D,com/maddox/il2/objects/air/F4U1D,,C:\Users\Alexis\DATA\Projets\GITHUB\IL2-1946-Open-Sturmovik\WIP\labs\IL 2 Sturmovik 1946 Selector Dump\dump\com\maddox\il2\objects\air\F4U1D.class,selector-dump,2A21FF290D661144DF4ED4509F0F83636F7C72D881CB94CB4F9A56E40CB34433,47,com/maddox/il2/objects/air/F4U,True,FlightModels/F4U-1D.fmd,com/maddox/il2/objects/air/F4U1D,reference-only-buttons-not-extracted,com/maddox/il2/objects/air/CockpitF4U1D,com/maddox/il2/objects/air/F4U1D,,player-capable-static,3DO/Plane/F4U-1D(Multi1)/hier.him | 3DO/Plane/F4U-1D(RZ)/hier.him | 3DO/Plane/F4U-1D(USA)/hier.him,REVIEW,flight-model reference found; internal Buttons entry not yet verified
241,F4U-2,air.F4U2,com/maddox/il2/objects/air/F4U2,,C:\Users\Alexis\DATA\Projets\GITHUB\IL2-1946-Open-Sturmovik\Files\110E1612963F56BA,loose,B4320EB50FAE768FBE600B9CA8FB1265125903FEBB4D7BF750D06D5AF1A19545,47,com/maddox/il2/objects/air/F4U,True,FlightModels/F4U-2.fmd,com/maddox/il2/objects/air/F4U2,reference-only-buttons-not-extracted,com/maddox/il2/objects/air/CockpitF4U1,com/maddox/il2/objects/air/F4U2,,player-capable-static,3DO/Plane/F4U-2/hier.him,REVIEW,flight-model reference found; internal Buttons entry not yet verified
242,F4U-5N,air.F4U5N,com/maddox/il2/objects/air/F4U5N,,C:\Users\Alexis\DATA\Projets\GITHUB\IL2-1946-Open-Sturmovik\Files\6AAB30A21740D764,loose,1F4B71F717F205351D134E0EC117705EA91504C611CAB50E28FFE84524C9EBC0,47,com/maddox/il2/objects/air/F4U,True,FlightModels/F4U-5N.fmd,com/maddox/il2/objects/air/F4U5N,reference-only-buttons-not-extracted,com/maddox/il2/objects/air/CockpitF4U1A,com/maddox/il2/objects/air/F4U5N,,player-capable-static,3DO/Plane/F4U-5N/hier.him,REVIEW,flight-model reference found; internal Buttons entry not yet verified
243,SeafireFMkIII,air.SEAFIRE3F,com/maddox/il2/objects/air/SEAFIRE3F,NOINFO,C:\Users\Alexis\DATA\Projets\GITHUB\IL2-1946-Open-Sturmovik\WIP\labs\IL 2 Sturmovik 1946 Selector Dump\dump\com\maddox\il2\objects\air\SEAFIRE3F.class,selector-dump,E64C460D039E35D6C66B946A8A1CB87DD2C746C39AB31963DCC8C3ABC79EBAB6,47,com/maddox/il2/objects/air/SPITFIRE,True,FlightModels/SeafireFMkIII.fmd,com/maddox/il2/objects/air/SEAFIRE3F,reference-only-buttons-not-extracted,com/maddox/il2/objects/air/CockpitSea3,com/maddox/il2/objects/air/SEAFIRE3F,,player-capable-static,3DO/Plane/SeafireMkIII(Multi1)/hier.him,REVIEW,flight-model reference found; internal Buttons entry not yet verified
244,SeafireMkI,air.SEAFIRE1,com/maddox/il2/objects/air/SEAFIRE1,NOINFO,C:\Users\Alexis\DATA\Projets\GITHUB\IL2-1946-Open-Sturmovik\Files\E9afb2aab7ceedd8,loose,DE3DB1C915447305D14F042E1259249CF842B818635652195DD56FEAE0845269,47,com/maddox/il2/objects/air/SPITFIRE,True,FlightModels/SeafireI.fmd,com/maddox/il2/objects/air/SEAFIRE1,reference-only-buttons-not-extracted,com/maddox/il2/objects/air/CockpitSea2,com/maddox/il2/objects/air/SEAFIRE1,,player-capable-static,3DO/Plane/SeafireMkI(Multi1)/hier.him,REVIEW,flight-model reference found; internal Buttons entry not yet verified
245,SeafireMkII45,air.SEAFIRE245,com/maddox/il2/objects/air/SEAFIRE245,,C:\Users\Alexis\DATA\Projets\GITHUB\IL2-1946-Open-Sturmovik\Files\71EC1CFE790247FE,loose,24EB645ADF55F5155201F7DAD07E2EBD56F47C3BE857D8AD3E8505E9D670EFD2,47,com/maddox/il2/objects/air/SPITFIRE,True,FlightModels/SeafireII45.fmd,com/maddox/il2/objects/air/SEAFIRE245,reference-only-buttons-not-extracted,com/maddox/il2/objects/air/CockpitSea3,com/maddox/il2/objects/air/SEAFIRE245,,player-capable-static,3DO/Plane/SeafireMkII45(GB)/hier.him | 3DO/Plane/SeafireMkII45(Multi1)/hier.him,REVIEW,flight-model reference found; internal Buttons entry not yet verified
246,SeafireMkII4xH,air.SEAFIRE2C4,com/maddox/il2/objects/air/SEAFIRE2C4,NOINFO,C:\Users\Alexis\DATA\Projets\GITHUB\IL2-1946-Open-Sturmovik\Files\55F7EC1E89439A1A,loose,8555902DF4C580692EC8FF9DB64EDF974A137A45B966A14FC46CD97ED3C92835,47,com/maddox/il2/objects/air/SPITFIRE,True,FlightModels/SeafireII.fmd,com/maddox/il2/objects/air/SEAFIRE2C4,reference-only-buttons-not-extracted,com/maddox/il2/objects/air/CockpitSea2C4,com/maddox/il2/objects/air/SEAFIRE2C4,,player-capable-static,3DO/Plane/SeafireMkII4xH(Multi1)/hier.him,REVIEW,flight-model reference found; internal Buttons entry not yet verified
247,SeafireMkII50,air.SEAFIRE250,com/maddox/il2/objects/air/SEAFIRE250,,C:\Users\Alexis\DATA\Projets\GITHUB\IL2-1946-Open-Sturmovik\Files\CBEB8FDE25984B26,loose,61236459838CD897EBF3F821B9E91B0C20F0715E7243795EDEC31D43121BA445,47,com/maddox/il2/objects/air/SPITFIRE,True,FlightModels/SeafireII50.fmd,com/maddox/il2/objects/air/SEAFIRE250,reference-only-buttons-not-extracted,com/maddox/il2/objects/air/CockpitSea3,com/maddox/il2/objects/air/SEAFIRE250,,player-capable-static,3DO/Plane/SeafireMkII50(GB)/hier.him | 3DO/Plane/SeafireMkII50(Multi1)/hier.him,REVIEW,flight-model reference found; internal Buttons entry not yet verified
248,SeafireMkIII,air.SEAFIRE3,com/maddox/il2/objects/air/SEAFIRE3,,C:\Users\Alexis\DATA\Projets\GITHUB\IL2-1946-Open-Sturmovik\WIP\labs\IL 2 Sturmovik 1946 Selector Dump\dump\com\maddox\il2\objects\air\SEAFIRE3.class,selector-dump,ADF9FD8B54288B7478A06DE37C79EAD928AC232C3D7F74F4773E9899ADFE3821,47,com/maddox/il2/objects/air/SPITFIRE,True,FlightModels/SeafireIII.fmd,com/maddox/il2/objects/air/SEAFIRE3,reference-only-buttons-not-extracted,com/maddox/il2/objects/air/CockpitSea3,com/maddox/il2/objects/air/SEAFIRE3,,player-capable-static,3DO/Plane/SeafireMkIII(Multi1)/hier.him,REVIEW,flight-model reference found; internal Buttons entry not yet verified
249,SpitfireMk1,air.SPITFIRE1,com/maddox/il2/objects/air/SPITFIRE1,NOINFO,C:\Users\Alexis\DATA\Projets\GITHUB\IL2-1946-Open-Sturmovik\Files\8FE67CF47D3F53CC,loose,570D70B42B735F4F879927D3F2AF6B21F9F5D3860889DD9887602911EA95B471,47,com/maddox/il2/objects/air/SPITFIRE,True,FlightModels/SpitfireIa.fmd,com/maddox/il2/objects/air/SPITFIRE1,reference-only-buttons-not-extracted,com/maddox/il2/objects/air/CockpitSpit1,com/maddox/il2/objects/air/SPITFIRE1,,player-capable-static,3DO/Plane/SpitfireMk1(GB)/hier.him | 3DO/Plane/SpitfireMk1(Multi1)/hier.him,REVIEW,flight-model reference found; internal Buttons entry not yet verified
250,SpitfireMkIb,air.SPITFIRE1B,com/maddox/il2/objects/air/SPITFIRE1B,NOINFO,C:\Users\Alexis\DATA\Projets\GITHUB\IL2-1946-Open-Sturmovik\Files\3B4F6326C056485E,loose,B275F270CA9D6C75676C3468314D37D78E8102FA407665363C59CD3CAC9DFA37,47,com/maddox/il2/objects/air/SPITFIRE,True,FlightModels/SpitfireIb.fmd,com/maddox/il2/objects/air/SPITFIRE1B,reference-only-buttons-not-extracted,com/maddox/il2/objects/air/CockpitSPIT2,com/maddox/il2/objects/air/SPITFIRE1B,,player-capable-static,,REVIEW,flight-model reference found; internal Buttons entry not yet verified
251,SpitfireMkIbFR,air.SPITFIRE1bFR,com/maddox/il2/objects/air/SPITFIRE1bFR,NOINFO,C:\Users\Alexis\DATA\Projets\GITHUB\IL2-1946-Open-Sturmovik\Files\87018C9C9CAF3EBE,loose,50768B0F600F5DDB32CC467444D0FB4CCC0AE89DBCD64EF99F36349FEE69585E,47,com/maddox/il2/objects/air/SPITFIRE,True,FlightModels/SpitfireIa.fmd,com/maddox/il2/objects/air/SPITFIRE1bFR,reference-only-buttons-not-extracted,com/maddox/il2/objects/air/CockpitSpit1,com/maddox/il2/objects/air/SPITFIRE1bFR,,player-capable-static,3DO/Plane/SpitfireMk1b/hier.him,REVIEW,flight-model reference found; internal Buttons entry not yet verified
252,SpitfireMkIIa,air.SPITFIRE2A,com/maddox/il2/objects/air/SPITFIRE2A,NOINFO,C:\Users\Alexis\DATA\Projets\GITHUB\IL2-1946-Open-Sturmovik\Files\9B58DA027E993B2E,loose,E1549EFB0FBBACD86FABE46EC7A6B6B4D1E9F3B2BB2291E0523D687ED930311B,47,com/maddox/il2/objects/air/SPITFIRE,True,FlightModels/SpitfireIIa.fmd,com/maddox/il2/objects/air/SPITFIRE2A,reference-only-buttons-not-extracted,com/maddox/il2/objects/air/CockpitSPIT2,com/maddox/il2/objects/air/SPITFIRE2A,,player-capable-static,,REVIEW,flight-model reference found; internal Buttons entry not yet verified
253,SpitfireMkIIb,air.SPITFIRE2B,com/maddox/il2/objects/air/SPITFIRE2B,NOINFO,C:\Users\Alexis\DATA\Projets\GITHUB\IL2-1946-Open-Sturmovik\Files\EE08BB20CE0784FE,loose,C11648D31211662F238BEB5CFEC50A247D1563EC45156BE239A6A52069F4C21A,47,com/maddox/il2/objects/air/SPITFIRE,True,FlightModels/SpitfireIIb.fmd,com/maddox/il2/objects/air/SPITFIRE2B,reference-only-buttons-not-extracted,com/maddox/il2/objects/air/CockpitSPIT2,com/maddox/il2/objects/air/SPITFIRE2B,,player-capable-static,,REVIEW,flight-model reference found; internal Buttons entry not yet verified
254,SpitfireMkVa,air.SPITFIRE5A,com/maddox/il2/objects/air/SPITFIRE5A,,C:\Users\Alexis\DATA\Projets\GITHUB\IL2-1946-Open-Sturmovik\Files\D8DB59E88AC10792,loose,232DE3FEA0051D0D1DA93B85086826AF6E71D06F6F13CD79D63B485DCD097F41,47,com/maddox/il2/objects/air/SPITFIRE,True,FlightModels/SpitfireVa.fmd,com/maddox/il2/objects/air/SPITFIRE5A,reference-only-buttons-not-extracted,com/maddox/il2/objects/air/CockpitSPIT5,com/maddox/il2/objects/air/SPITFIRE5A,,player-capable-static,,REVIEW,flight-model reference found; internal Buttons entry not yet verified
255,SpitfireMkVb,air.SPITFIRE5B,com/maddox/il2/objects/air/SPITFIRE5B,,C:\Users\Alexis\DATA\Projets\GITHUB\IL2-1946-Open-Sturmovik\WIP\labs\IL 2 Sturmovik 1946 Selector Dump\dump\com\maddox\il2\objects\air\SPITFIRE5B.class,selector-dump,95A3FDBA5BC15C8493A60BA4692F3F551EC4A98B74E2B7BD00A2057F0D917590,47,com/maddox/il2/objects/air/SPITFIRE,True,FlightModels/SpitfireVB.fmd,com/maddox/il2/objects/air/SPITFIRE5B,reference-only-buttons-not-extracted,com/maddox/il2/objects/air/CockpitSpit5B,com/maddox/il2/objects/air/SPITFIRE5B,,player-capable-static,3DO/Plane/SpitfireMkVb(GB)/hier.him | 3DO/Plane/SpitfireMkVb(Multi1)/hier.him,REVIEW,flight-model reference found; internal Buttons entry not yet verified
256,SpitfireMkVbCLP,air.SPITFIRE5BCLP,com/maddox/il2/objects/air/SPITFIRE5BCLP,NOINFO,C:\Users\Alexis\DATA\Projets\GITHUB\IL2-1946-Open-Sturmovik\WIP\labs\IL 2 Sturmovik 1946 Selector Dump\dump\com\maddox\il2\objects\air\SPITFIRE5BCLP.class,selector-dump,C9BF10CC0EB0B87461B71ED09DE18CB900E9F5457DB2E5DF464C7682E806FA13,47,com/maddox/il2/objects/air/SPITFIRE,True,FlightModels/SpitfireVBclipped.fmd,com/maddox/il2/objects/air/SPITFIRE5BCLP,reference-only-buttons-not-extracted,com/maddox/il2/objects/air/CockpitSpit5B,com/maddox/il2/objects/air/SPITFIRE5BCLP,,player-capable-static,3DO/Plane/SpitfireMkVbCLP(GB)/hier.him | 3DO/Plane/SpitfireMkVbCLP(Multi1)/hier.him,REVIEW,flight-model reference found; internal Buttons entry not yet verified
257,SpitfireMkVbLF,air.SPITFIRE5BLF,com/maddox/il2/objects/air/SPITFIRE5BLF,NOINFO,C:\Users\Alexis\DATA\Projets\GITHUB\IL2-1946-Open-Sturmovik\WIP\labs\IL 2 Sturmovik 1946 Selector Dump\dump\com\maddox\il2\objects\air\SPITFIRE5BLF.class,selector-dump,2A65C8A488FE7EDB94117444B14E1374D86594BF88FD43ECF3CE1828A2DF797A,47,com/maddox/il2/objects/air/SPITFIRE,True,FlightModels/SpitfireLFVB.fmd,com/maddox/il2/objects/air/SPITFIRE5BLF,reference-only-buttons-not-extracted,com/maddox/il2/objects/air/CockpitSpit5B,com/maddox/il2/objects/air/SPITFIRE5BLF,,player-capable-static,3DO/Plane/SpitfireMkVb(GB)/hier.him | 3DO/Plane/SpitfireMkVb(Multi1)/hier.him,REVIEW,flight-model reference found; internal Buttons entry not yet verified
258,SpitfireMkVbLFCLP,air.SPITFIRE5BLFCLP,com/maddox/il2/objects/air/SPITFIRE5BLFCLP,NOINFO,C:\Users\Alexis\DATA\Projets\GITHUB\IL2-1946-Open-Sturmovik\WIP\labs\IL 2 Sturmovik 1946 Selector Dump\dump\com\maddox\il2\objects\air\SPITFIRE5BLFCLP.class,selector-dump,B74FB2542D4E0A9960DBB91A8D73DDA64292E379C73621762FF1D3534451BC26,47,com/maddox/il2/objects/air/SPITFIRE,True,FlightModels/SpitfireLFVBclipped.fmd,com/maddox/il2/objects/air/SPITFIRE5BLFCLP,reference-only-buttons-not-extracted,com/maddox/il2/objects/air/CockpitSpit5B,com/maddox/il2/objects/air/SPITFIRE5BLFCLP,,player-capable-static,3DO/Plane/SpitfireMkVbCLP(GB)/hier.him | 3DO/Plane/SpitfireMkVbCLP(Multi1)/hier.him,REVIEW,flight-model reference found; internal Buttons entry not yet verified
259,SpitfireMkVbT,air.SPITFIRE5BT,com/maddox/il2/objects/air/SPITFIRE5BT,NOINFO,C:\Users\Alexis\DATA\Projets\GITHUB\IL2-1946-Open-Sturmovik\Files\42C72108927F7C00,loose,060F42EAD382B2524BE26B89C96B6E1116C2DD874C60A6B8A5A478BC5F601F1A,47,com/maddox/il2/objects/air/SPITFIRE,True,FlightModels/SpitfireVC.fmd,com/maddox/il2/objects/air/SPITFIRE5BT,reference-only-buttons-not-extracted,com/maddox/il2/objects/air/CockpitSpit5CSL,com/maddox/il2/objects/air/SPITFIRE5BT,,player-capable-static,3DO/Plane/SpitfireMkVbTrop(Multi1)/hier.him,REVIEW,flight-model reference found; internal Buttons entry not yet verified
260,SpitfireMkVc,air.SPITFIRE5C2,com/maddox/il2/objects/air/SPITFIRE5C2,NOINFO,C:\Users\Alexis\DATA\Projets\GITHUB\IL2-1946-Open-Sturmovik\WIP\labs\IL 2 Sturmovik 1946 Selector Dump\dump\com\maddox\il2\objects\air\SPITFIRE5C2.class,selector-dump,9057F59134AAA391067DCDE317F18646DD3D08544EBBF847B913E96009C52468,47,com/maddox/il2/objects/air/SPITFIRE,True,FlightModels/SpitfireVB.fmd,com/maddox/il2/objects/air/SPITFIRE5C2,reference-only-buttons-not-extracted,com/maddox/il2/objects/air/CockpitSpit5C,com/maddox/il2/objects/air/SPITFIRE5C2,,player-capable-static,3DO/Plane/SpitfireMkVc(GB)/hier.him | 3DO/Plane/SpitfireMkVc(Multi1)/hier.him,REVIEW,flight-model reference found; internal Buttons entry not yet verified
261,SpitfireMkVcLF4xH,air.SPITFIRE5C4LF,com/maddox/il2/objects/air/SPITFIRE5C4LF,NOINFO,C:\Users\Alexis\DATA\Projets\GITHUB\IL2-1946-Open-Sturmovik\Files\1025B9CCAC769E48,loose,D092AFA7BA4454EECFFC07B20B02153DFD1129A72B023D1C1A9EBE6785FA2DF6,47,com/maddox/il2/objects/air/SPITFIRE,True,FlightModels/SpitfireLFVC.fmd,com/maddox/il2/objects/air/SPITFIRE5C4LF,reference-only-buttons-not-extracted,com/maddox/il2/objects/air/CockpitSpit5C,com/maddox/il2/objects/air/SPITFIRE5C4LF,,player-capable-static,3DO/Plane/SpitfireMkVc4xH(GB)/hier.him | 3DO/Plane/SpitfireMkVc4xH(Multi1)/hier.him,REVIEW,flight-model reference found; internal Buttons entry not yet verified
262,SpitfireMkVc4xH,air.SPITFIRE5C4,com/maddox/il2/objects/air/SPITFIRE5C4,NOINFO,C:\Users\Alexis\DATA\Projets\GITHUB\IL2-1946-Open-Sturmovik\WIP\labs\IL 2 Sturmovik 1946 Selector Dump\dump\com\maddox\il2\objects\air\SPITFIRE5C4.class,selector-dump,443B535F536A2797B72D7E1E1AD82465CE79B1B53109E9F906E205AE3D5BAF74,47,com/maddox/il2/objects/air/SPITFIRE,True,FlightModels/SpitfireVB.fmd,com/maddox/il2/objects/air/SPITFIRE5C4,reference-only-buttons-not-extracted,com/maddox/il2/objects/air/CockpitSpit5C,com/maddox/il2/objects/air/SPITFIRE5C4,,player-capable-static,3DO/Plane/SpitfireMkVc4xH(GB)/hier.him | 3DO/Plane/SpitfireMkVc4xH(Multi1)/hier.him,REVIEW,flight-model reference found; internal Buttons entry not yet verified
263,SpitfireMkVcFB,air.SPITFIRE5C2FB,com/maddox/il2/objects/air/SPITFIRE5C2FB,NOINFO,C:\Users\Alexis\DATA\Projets\GITHUB\IL2-1946-Open-Sturmovik\Files\3C9EE980D3050F16,loose,78F987B17FD5C4343C8D3ECF53991991B33A82694B3C582346025854A72A0207,47,com/maddox/il2/objects/air/SPITFIRE,True,FlightModels/SpitfireVB.fmd,com/maddox/il2/objects/air/SPITFIRE5C2FB,reference-only-buttons-not-extracted,com/maddox/il2/objects/air/CockpitSpit5C,com/maddox/il2/objects/air/SPITFIRE5C2FB,,player-capable-static,3DO/Plane/SpitfireMkVcFB(GB)/hier.him | 3DO/Plane/SpitfireMkVcFB(Multi1)/hier.him,REVIEW,flight-model reference found; internal Buttons entry not yet verified
264,SpitfireMkVcFB4xH,air.SPITFIRE5C4FB,com/maddox/il2/objects/air/SPITFIRE5C4FB,NOINFO,C:\Users\Alexis\DATA\Projets\GITHUB\IL2-1946-Open-Sturmovik\Files\6F9B54CECC49FAA8,loose,CDE22F5E63739FF50D2C8AB6DF7450AE3FC0089AF31F1419A524DE6525178F1D,47,com/maddox/il2/objects/air/SPITFIRE,True,FlightModels/SpitfireVC.fmd,com/maddox/il2/objects/air/SPITFIRE5C4FB,reference-only-buttons-not-extracted,com/maddox/il2/objects/air/CockpitSpit5C,com/maddox/il2/objects/air/SPITFIRE5C4FB,,player-capable-static,3DO/Plane/SpitfireMkVc4xH(GB)/hier.him | 3DO/Plane/SpitfireMkVc4xH(Multi1)/hier.him,REVIEW,flight-model reference found; internal Buttons entry not yet verified
265,SpitfireMkVcLF,air.SPITFIRE5C2LF,com/maddox/il2/objects/air/SPITFIRE5C2LF,NOINFO,C:\Users\Alexis\DATA\Projets\GITHUB\IL2-1946-Open-Sturmovik\Files\862E26FA6185B9A6,loose,9687B29B49EE1DC9AC3B527CC54019892767A4D58FC209C8F13C309A0FF08E69,47,com/maddox/il2/objects/air/SPITFIRE,True,FlightModels/SpitfireLFVB.fmd,com/maddox/il2/objects/air/SPITFIRE5C2LF,reference-only-buttons-not-extracted,com/maddox/il2/objects/air/CockpitSpit5C,com/maddox/il2/objects/air/SPITFIRE5C2LF,,player-capable-static,3DO/Plane/SpitfireMkVcLF(GB)/hier.him | 3DO/Plane/SpitfireMkVcLF(Multi1)/hier.him,REVIEW,flight-model reference found; internal Buttons entry not yet verified
266,SpitfireMkVcLFCLP,air.SPITFIRE5C2LFCLP,com/maddox/il2/objects/air/SPITFIRE5C2LFCLP,NOINFO,C:\Users\Alexis\DATA\Projets\GITHUB\IL2-1946-Open-Sturmovik\Files\439F2102F01C950E,loose,4A95B345006865FAE210598A3C2A28FFD5C471441CF88D079F6F706A3C833F22,47,com/maddox/il2/objects/air/SPITFIRE,True,FlightModels/SpitfireLFVBclipped.fmd,com/maddox/il2/objects/air/SPITFIRE5C2LFCLP,reference-only-buttons-not-extracted,com/maddox/il2/objects/air/CockpitSpit5C,com/maddox/il2/objects/air/SPITFIRE5C2LFCLP,,player-capable-static,3DO/Plane/SpitfireMkVcLFCLP(GB)/hier.him | 3DO/Plane/SpitfireMkVcLFCLP(Multi1)/hier.him,REVIEW,flight-model reference found; internal Buttons entry not yet verified
267,SpitfireMkVIII,air.SPITFIRE8,com/maddox/il2/objects/air/SPITFIRE8,NOINFO,C:\Users\Alexis\DATA\Projets\GITHUB\IL2-1946-Open-Sturmovik\Files\79810EB66A813618,loose,C3CCA5B58600F89594D13A53A28DFCDA20EAF886861041C50E23643020071195,47,com/maddox/il2/objects/air/SPITFIRE,True,FlightModels/SpitfireVIII.fmd,com/maddox/il2/objects/air/SPITFIRE8,reference-only-buttons-not-extracted,com/maddox/il2/objects/air/CockpitSpit8,com/maddox/il2/objects/air/SPITFIRE8,,player-capable-static,3DO/Plane/SpitfireMkVIII(Multi1)/hier.him,REVIEW,flight-model reference found; internal Buttons entry not yet verified
268,SpitfireMkVIIICLP,air.SPITFIRE8CLP,com/maddox/il2/objects/air/SPITFIRE8CLP,NOINFO,C:\Users\Alexis\DATA\Projets\GITHUB\IL2-1946-Open-Sturmovik\Files\28D0B88A77868884,loose,F987C5BCBD932CE9CFCC6EB74037B80DC0799417F2EAB9A730C9D7B1A7D24709,47,com/maddox/il2/objects/air/SPITFIRE,True,FlightModels/SpitfireVIIIclipped.fmd,com/maddox/il2/objects/air/SPITFIRE8CLP,reference-only-buttons-not-extracted,com/maddox/il2/objects/air/CockpitSpit8,com/maddox/il2/objects/air/SPITFIRE8CLP,,player-capable-static,3DO/Plane/SpitfireMkVIIICLP(Multi1)/hier.him,REVIEW,flight-model reference found; internal Buttons entry not yet verified
269,SpitfireMkVIIICLPFB,air.SPITFIRE8CLPFB,com/maddox/il2/objects/air/SPITFIRE8CLPFB,NOINFO,C:\Users\Alexis\DATA\Projets\GITHUB\IL2-1946-Open-Sturmovik\Files\FCEC4E10A8461166,loose,0F39C58BE7236E2C83ADDBC87B8E801ABEE57960CBC01E6A8C36A2A4B86A30A5,47,com/maddox/il2/objects/air/SPITFIRE,True,FlightModels/SpitfireVIIIclipped.fmd,com/maddox/il2/objects/air/SPITFIRE8CLPFB,reference-only-buttons-not-extracted,com/maddox/il2/objects/air/CockpitSpit8,com/maddox/il2/objects/air/SPITFIRE8CLPFB,,player-capable-static,3DO/Plane/SpitfireMkVIIICLPFB(GB)/hier.him | 3DO/Plane/SpitfireMkVIIICLPFB(Multi1)/hier.him,REVIEW,flight-model reference found; internal Buttons entry not yet verified
270,SpitfireMkVIIIFB,air.SPITFIRE8FB,com/maddox/il2/objects/air/SPITFIRE8FB,NOINFO,C:\Users\Alexis\DATA\Projets\GITHUB\IL2-1946-Open-Sturmovik\Files\A41E14EE728DE202,loose,61CA0B497C9FB8661A7110D2F8D95331A25E0763EF83C22B3AE173B9AFC6E1F1,47,com/maddox/il2/objects/air/SPITFIRE,True,FlightModels/SpitfireVIII.fmd,com/maddox/il2/objects/air/SPITFIRE8FB,reference-only-buttons-not-extracted,com/maddox/il2/objects/air/CockpitSpit8,com/maddox/il2/objects/air/SPITFIRE8FB,,player-capable-static,3DO/Plane/SpitfireMkVIIIFB(GB)/hier.him | 3DO/Plane/SpitfireMkVIIIFB(Multi1)/hier.him,REVIEW,flight-model reference found; internal Buttons entry not yet verified
271,SpitfireMkVIIIHF,air.SPITFIRE8HF,com/maddox/il2/objects/air/SPITFIRE8HF,NOINFO,C:\Users\Alexis\DATA\Projets\GITHUB\IL2-1946-Open-Sturmovik\Files\4909B7C26C09BC04,loose,4AB602CAFAA0719039B0EE8E52237CF9CC34F8B24EDC95A99AA2B142266B8C36,47,com/maddox/il2/objects/air/SPITFIRE,True,FlightModels/SpitfireHF_VIII.fmd,com/maddox/il2/objects/air/SPITFIRE8HF,reference-only-buttons-not-extracted,com/maddox/il2/objects/air/CockpitSpit8,com/maddox/il2/objects/air/SPITFIRE8HF,,player-capable-static,3DO/Plane/SpitfireMkVIIIHF(Multi1)/hier.him,REVIEW,flight-model reference found; internal Buttons entry not yet verified
272,SpitfireMkVIII25lbs,air.SPITFIRE825LBS,com/maddox/il2/objects/air/SPITFIRE825LBS,NOINFO,C:\Users\Alexis\DATA\Projets\GITHUB\IL2-1946-Open-Sturmovik\Files\B01C793C49FEEBB4,loose,E46D88773EDBB0E7FEA37517B40107C252946B5254484BE168D595CD273758D5,47,com/maddox/il2/objects/air/SPITFIRE,True,FlightModels/SpitfireVIII-25.fmd,com/maddox/il2/objects/air/SPITFIRE825LBS,reference-only-buttons-not-extracted,com/maddox/il2/objects/air/CockpitSpit8,com/maddox/il2/objects/air/SPITFIRE825LBS,,player-capable-static,3DO/Plane/SpitfireMkVIIIHF(Multi1)/hier.him,REVIEW,flight-model reference found; internal Buttons entry not yet verified
273,SpitfireMkIXcLF,air.SPITFIRE9CLF,com/maddox/il2/objects/air/SPITFIRE9CLF,NOINFO,C:\Users\Alexis\DATA\Projets\GITHUB\IL2-1946-Open-Sturmovik\Files\501956C46EAC74B6,loose,73CB887FFF2627D9D6607B1701BD87CDEC12946BA68DF2452DF099915F0C1321,47,com/maddox/il2/objects/air/SPITFIRE,True,FlightModels/SpitfireVIII.fmd,com/maddox/il2/objects/air/SPITFIRE9CLF,reference-only-buttons-not-extracted,com/maddox/il2/objects/air/CockpitSpit8,com/maddox/il2/objects/air/SPITFIRE9CLF,,player-capable-static,3DO/Plane/SpitfireFMkIXc(Multi1)/hier.him,REVIEW,flight-model reference found; internal Buttons entry not yet verified
274,SpitfireMkIX25lbs,air.SPITFIRE925LBS,com/maddox/il2/objects/air/SPITFIRE925LBS,NOINFO,C:\Users\Alexis\DATA\Projets\GITHUB\IL2-1946-Open-Sturmovik\Files\4790D0CA686B9508,loose,D522327711D1324C646ACAD98E1C06DA2936466A2E209DE3EA2B8A3394CC61BF,47,com/maddox/il2/objects/air/SPITFIRE9,True,FlightModels/SpitfireLF-IX-25.fmd,com/maddox/il2/objects/air/SPITFIRE925LBS,reference-only-buttons-not-extracted,com/maddox/il2/objects/air/CockpitSpit9C25,com/maddox/il2/objects/air/SPITFIRE925LBS,,player-capable-static,3DO/Plane/SpitfireMkIXc(GB)/hier.him | 3DO/Plane/SpitfireMkIXc(Multi1)/hier.him,REVIEW,flight-model reference found; internal Buttons entry not yet verified
275,SpitfireMkIXc,air.SPITFIRE9C,com/maddox/il2/objects/air/SPITFIRE9C,NOINFO,C:\Users\Alexis\DATA\Projets\GITHUB\IL2-1946-Open-Sturmovik\Files\F6A644369E62C834,loose,3146A3DBC150DD0564EDC137F023E85B193F19A9329110DAD9CA8CB7D5D37292,47,com/maddox/il2/objects/air/SPITFIRE9,True,FlightModels/SpitfireLF_IXC.fmd,com/maddox/il2/objects/air/SPITFIRE9C,reference-only-buttons-not-extracted,com/maddox/il2/objects/air/CockpitSpit9C,com/maddox/il2/objects/air/SPITFIRE9C,,player-capable-static,3DO/Plane/SpitfireMkIXc(GB)/hier.him | 3DO/Plane/SpitfireMkIXc(Multi1)/hier.him,REVIEW,flight-model reference found; internal Buttons entry not yet verified
276,SpitfireMkIXcCLP,air.SPITFIRE9CCLP,com/maddox/il2/objects/air/SPITFIRE9CCLP,NOINFO,C:\Users\Alexis\DATA\Projets\GITHUB\IL2-1946-Open-Sturmovik\Files\0104D3C8E99ADD92,loose,B94AB40D31358CFCC766F561153E0B0F204AE16940894ED9D38149DE38BC9F3F,47,com/maddox/il2/objects/air/SPITFIRE9,True,FlightModels/SpitfireLF_IXCclipped.fmd,com/maddox/il2/objects/air/SPITFIRE9CCLP,reference-only-buttons-not-extracted,com/maddox/il2/objects/air/CockpitSpit9CCLP,com/maddox/il2/objects/air/SPITFIRE9CCLP,,player-capable-static,3DO/Plane/SpitfireMkIXcCLP(GB)/hier.him | 3DO/Plane/SpitfireMkIXcCLP(Multi1)/hier.him,REVIEW,flight-model reference found; internal Buttons entry not yet verified
277,SpitfireMkIXe,air.SPITFIRE9E,com/maddox/il2/objects/air/SPITFIRE9E,NOINFO,C:\Users\Alexis\DATA\Projets\GITHUB\IL2-1946-Open-Sturmovik\Files\1A82651C6EC93D26,loose,63101EEB86F2F331BDC48065254C5D75087D82A691F873629DF70C8280206AF4,47,com/maddox/il2/objects/air/SPITFIRE9,True,FlightModels/SpitfireLF_IXC.fmd,com/maddox/il2/objects/air/SPITFIRE9E,reference-only-buttons-not-extracted,com/maddox/il2/objects/air/CockpitSpit9E,com/maddox/il2/objects/air/SPITFIRE9E,,player-capable-static,3DO/Plane/SpitfireMkIXe(GB)/hier.him | 3DO/Plane/SpitfireMkIXe(Multi1)/hier.him,REVIEW,flight-model reference found; internal Buttons entry not yet verified
278,SpitfireMkIXe25lbs,air.SPITFIRE9E25LBS,com/maddox/il2/objects/air/SPITFIRE9E25LBS,NOINFO,C:\Users\Alexis\DATA\Projets\GITHUB\IL2-1946-Open-Sturmovik\Files\4B8A2260EB21E520,loose,465113023746A6BA973D390266CA3D871A76DE288B3EE66DB9E26D63C37CC201,47,com/maddox/il2/objects/air/SPITFIRE9,True,FlightModels/SpitfireLF-IX-25.fmd,com/maddox/il2/objects/air/SPITFIRE9E25LBS,reference-only-buttons-not-extracted,com/maddox/il2/objects/air/CockpitSpit9C,com/maddox/il2/objects/air/SPITFIRE9E25LBS,,player-capable-static,3DO/Plane/SpitfireMkIXe(GB)/hier.him | 3DO/Plane/SpitfireMkIXe(Multi1)/hier.him,REVIEW,flight-model reference found; internal Buttons entry not yet verified
279,SpitfireMkIXeCLP,air.SPITFIRE9ECLP,com/maddox/il2/objects/air/SPITFIRE9ECLP,NOINFO,C:\Users\Alexis\DATA\Projets\GITHUB\IL2-1946-Open-Sturmovik\Files\D8992D1A6FBF0CC2,loose,504DFFA16FE80A4268ACEC64F84037B05ACCECF4639DB052B3B4715E06AE1F4D,47,com/maddox/il2/objects/air/SPITFIRE9,True,FlightModels/SpitfireLF_IXCclipped.fmd,com/maddox/il2/objects/air/SPITFIRE9ECLP,reference-only-buttons-not-extracted,com/maddox/il2/objects/air/CockpitSpit9ECLP,com/maddox/il2/objects/air/SPITFIRE9ECLP,,player-capable-static,3DO/Plane/SpitfireMkIXeCLP(GB)/hier.him | 3DO/Plane/SpitfireMkIXeCLP(Multi1)/hier.him,REVIEW,flight-model reference found; internal Buttons entry not yet verified
280,SpitfireMkIXeHF,air.SPITFIRE9EHF,com/maddox/il2/objects/air/SPITFIRE9EHF,NOINFO,C:\Users\Alexis\DATA\Projets\GITHUB\IL2-1946-Open-Sturmovik\Files\5DF6085CCB383AFE,loose,2436039BA4893C8C763D82765869E3BE2DA9D9B6A4925D723E4123C46FF5B206,47,com/maddox/il2/objects/air/SPITFIRE9,True,FlightModels/SpitfireHF_IXC.fmd,com/maddox/il2/objects/air/SPITFIRE9EHF,reference-only-buttons-not-extracted,com/maddox/il2/objects/air/CockpitSpit9EHF,com/maddox/il2/objects/air/SPITFIRE9EHF,,player-capable-static,3DO/Plane/SpitfireMkIXe(GB)/hier.him | 3DO/Plane/SpitfireMkIXe(Multi1)/hier.him,REVIEW,flight-model reference found; internal Buttons entry not yet verified
281,SpitfireMkLFXIVE,air.SPITFIRELF14E,com/maddox/il2/objects/air/SPITFIRELF14E,NOINFO,C:\Users\Alexis\DATA\Projets\GITHUB\IL2-1946-Open-Sturmovik\Files\7B77BD8A06CE79EA,loose,378A97F5E863EBBE58E5BA338718B53E731186ADE6B529DE76F22142C81BE921,47,com/maddox/il2/objects/air/SPITFIRE14RAD,True,FlightModels/SpitfireLFXIVE.fmd,com/maddox/il2/objects/air/SPITFIRELF14E,reference-only-buttons-not-extracted,com/maddox/il2/objects/air/CockpitSpitLF14E,com/maddox/il2/objects/air/SPITFIRELF14E,,player-capable-static,3DO/Plane/SpitfireMkLFXIVE(Multi1)/hier.him,REVIEW,flight-model reference found; internal Buttons entry not yet verified
282,SpitfireMkXII,air.SPITFIRE12,com/maddox/il2/objects/air/SPITFIRE12,NOINFO,C:\Users\Alexis\DATA\Projets\GITHUB\IL2-1946-Open-Sturmovik\Files\50FBABFCD6AD12DC,loose,A0D020EBC762844BD2B0B3B3AAEB120C47AC68AF4B224375D40E432A816A90B0,47,com/maddox/il2/objects/air/SPITFIRE,True,FlightModels/SpitfireXII.fmd,com/maddox/il2/objects/air/SPITFIRE12,reference-only-buttons-not-extracted,com/maddox/il2/objects/air/CockpitSpit12,com/maddox/il2/objects/air/SPITFIRE12,,player-capable-static,3DO/Plane/SpitfireMkXII(Multi1)/hier.him,REVIEW,flight-model reference found; internal Buttons entry not yet verified
283,SPITXII,air.SPITFIREXIIclp,com/maddox/il2/objects/air/SPITFIREXIIclp,NOINFO,C:\Users\Alexis\DATA\Projets\GITHUB\IL2-1946-Open-Sturmovik\Files\4662A1F2F6B40910,loose,61AC8E3D7EDBDE68D06C1E612BC30B0F32115596520D165F6C04E55D5410EEFF,47,com/maddox/il2/objects/air/SPITFIRE,True,FlightModels/SpitfireXIIlate.fmd,com/maddox/il2/objects/air/SPITFIREXIIclp,reference-only-buttons-not-extracted,com/maddox/il2/objects/air/CockpitSpit12,com/maddox/il2/objects/air/SPITFIREXIIclp,,player-capable-static,3DO/Plane/SpitfireMkXII(Multi1)/hier.him,REVIEW,flight-model reference found; internal Buttons entry not yet verified
284,SpitfireMkXIVC,air.SPITFIRE14C,com/maddox/il2/objects/air/SPITFIRE14C,NOINFO,C:\Users\Alexis\DATA\Projets\GITHUB\IL2-1946-Open-Sturmovik\Files\C95FFCD280847C2E,loose,CB8F4F0EE867127DE2C9B3050D4DB16B25F8220B42BA82A1923B6161CCCFAE54,47,com/maddox/il2/objects/air/SPITFIRE,True,FlightModels/SpitfireXIVC.fmd,com/maddox/il2/objects/air/SPITFIRE14C,reference-only-buttons-not-extracted,com/maddox/il2/objects/air/CockpitSpit14C,com/maddox/il2/objects/air/SPITFIRE14C,,player-capable-static,3DO/Plane/SpitfireMkXIVC(Multi1)/hier.him,REVIEW,flight-model reference found; internal Buttons entry not yet verified
285,Yak-1B_Early,air.YAK_1BEarly,com/maddox/il2/objects/air/YAK_1BEarly,,C:\Users\Alexis\DATA\Projets\GITHUB\IL2-1946-Open-Sturmovik\Files\71A12F109DD05306,loose,09CEE0C821120D184AAC4701C937B8EF1AABB47E4098C4EDD22E45D13556C0E4,47,com/maddox/il2/objects/air/YAK,True,FlightModels/Yak-1BEarly.fmd,com/maddox/il2/objects/air/YAK_1BEarly,reference-only-buttons-not-extracted,com/maddox/il2/objects/air/CockpitYAK_1,com/maddox/il2/objects/air/YAK_1BEarly,,player-capable-static,3DO/Plane/Yak-1B(Multi1)/hier.him,REVIEW,flight-model reference found; internal Buttons entry not yet verified
286,Yak-1PF,air.YAK_1PF,com/maddox/il2/objects/air/YAK_1PF,,C:\Users\Alexis\DATA\Projets\GITHUB\IL2-1946-Open-Sturmovik\Files\B61D5BEC7DF61B06,loose,769278C53A358CFB97091EF63800B7F397DA097175BC78D6BE4D69C670193477,47,com/maddox/il2/objects/air/YAK,True,FlightModels/Yak-1PF.fmd,com/maddox/il2/objects/air/YAK_1PF,reference-only-buttons-not-extracted,com/maddox/il2/objects/air/CockpitYAK_1FAIRING,com/maddox/il2/objects/air/YAK_1PF,,player-capable-static,3DO/Plane/Yak-1(Multi1)/hier.him,REVIEW,flight-model reference found; internal Buttons entry not yet verified
287,Yak-1PFLight,air.YAK_1PFLight,com/maddox/il2/objects/air/YAK_1PFLight,,C:\Users\Alexis\DATA\Projets\GITHUB\IL2-1946-Open-Sturmovik\Files\6228651897BC96B6,loose,C008E12A4F8A0643929AA8C7B5079CAD9CA6CF9B338CF5DB8972A7657E9A92A8,47,com/maddox/il2/objects/air/YAK,True,FlightModels/Yak-1PF_Light.fmd,com/maddox/il2/objects/air/YAK_1PFLight,reference-only-buttons-not-extracted,com/maddox/il2/objects/air/CockpitYAK_1FAIRING,com/maddox/il2/objects/air/YAK_1PFLight,,player-capable-static,3DO/Plane/Yak-1(Multi1)/hier.him,REVIEW,flight-model reference found; internal Buttons entry not yet verified
288,Yak-1,air.YAK_1,com/maddox/il2/objects/air/YAK_1,,C:\Users\Alexis\DATA\Projets\GITHUB\IL2-1946-Open-Sturmovik\WIP\labs\IL 2 Sturmovik 1946 Selector Dump\dump\com\maddox\il2\objects\air\YAK_1.class,selector-dump,0A29ABE7731475C3158BBD7117A162B028E1C11F86C0DA8F714E1889DD61F742,47,com/maddox/il2/objects/air/YAK,True,FlightModels/Yak-1.fmd,com/maddox/il2/objects/air/YAK_1,reference-only-buttons-not-extracted,com/maddox/il2/objects/air/CockpitYAK_1FAIRING,com/maddox/il2/objects/air/YAK_1,,player-capable-static,3DO/Plane/Yak-1(Multi1)/hier.him,REVIEW,flight-model reference found; internal Buttons entry not yet verified
289,Yak-15,air.YAK_15,com/maddox/il2/objects/air/YAK_15,,C:\Users\Alexis\DATA\Projets\GITHUB\IL2-1946-Open-Sturmovik\WIP\labs\IL 2 Sturmovik 1946 Selector Dump\dump\com\maddox\il2\objects\air\YAK_15.class,selector-dump,C0965944CCC32DC8D2A256390BA14327FF7F4BE670D90E6E8BBBF1B1E0DAD12A,47,com/maddox/il2/objects/air/YAK,True,FlightModels/Yak-15.fmd,com/maddox/il2/objects/air/YAK_15,reference-only-buttons-not-extracted,com/maddox/il2/objects/air/CockpitYAK_15,com/maddox/il2/objects/air/YAK_15,,player-capable-static,3DO/Plane/Yak-15(Multi1)/hier.him,REVIEW,flight-model reference found; internal Buttons entry not yet verified
290,Yak-1B,air.YAK_1B,com/maddox/il2/objects/air/YAK_1B,,C:\Users\Alexis\DATA\Projets\GITHUB\IL2-1946-Open-Sturmovik\WIP\labs\IL 2 Sturmovik 1946 Selector Dump\dump\com\maddox\il2\objects\air\YAK_1B.class,selector-dump,FD74BBDB98618198BD56D8684ADD1571F4F2D0CFE195033AC168B687243C48D8,47,com/maddox/il2/objects/air/YAK,True,FlightModels/Yak-1B.fmd,com/maddox/il2/objects/air/YAK_1B,reference-only-buttons-not-extracted,com/maddox/il2/objects/air/CockpitYAK_1,com/maddox/il2/objects/air/YAK_1B,,player-capable-static,3DO/Plane/Yak-1B(Multi1)/hier.him | 3DO/Plane/Yak-1B(fr)/hier.him,REVIEW,flight-model reference found; internal Buttons entry not yet verified
291,Yak-3,air.YAK_3,com/maddox/il2/objects/air/YAK_3,,C:\Users\Alexis\DATA\Projets\GITHUB\IL2-1946-Open-Sturmovik\WIP\labs\IL 2 Sturmovik 1946 Selector Dump\dump\com\maddox\il2\objects\air\YAK_3.class,selector-dump,BBC7C65020D555ADCCA62AEFB922D3CEEF376F479803B580C681B80C028E9BC1,47,com/maddox/il2/objects/air/YAK,True,FlightModels/Yak-3.fmd,com/maddox/il2/objects/air/YAK_3,reference-only-buttons-not-extracted,com/maddox/il2/objects/air/CockpitYAK_3,com/maddox/il2/objects/air/YAK_3,,player-capable-static,3DO/Plane/Yak-3(Multi1)/hier.him | 3DO/Plane/Yak-3(fr)/hier.him,REVIEW,flight-model reference found; internal Buttons entry not yet verified
292,Yak-3K,air.YAK_3K,com/maddox/il2/objects/air/YAK_3K,NOINFO,C:\Users\Alexis\DATA\Projets\GITHUB\IL2-1946-Open-Sturmovik\Files\5169C1B6BBEDB99C,loose,E613908263F94706EF714D3AF732F2CF12947AA8FA750A79AB7FA1D1E1F97DFC,47,com/maddox/il2/objects/air/YAK_3,True,FlightModels/Yak-3K.fmd,com/maddox/il2/objects/air/YAK_3K,reference-only-buttons-not-extracted,com/maddox/il2/objects/air/CockpitYAK_3,com/maddox/il2/objects/air/YAK_3K,,player-capable-static,3DO/Plane/YAK-3K/hier.him,REVIEW,flight-model reference found; internal Buttons entry not yet verified
293,Yak-3P,air.YAK_3P,com/maddox/il2/objects/air/YAK_3P,NOINFO,C:\Users\Alexis\DATA\Projets\GITHUB\IL2-1946-Open-Sturmovik\WIP\labs\IL 2 Sturmovik 1946 Selector Dump\dump\com\maddox\il2\objects\air\YAK_3P.class,selector-dump,E962889F9D39A3CFAE0DC9B2D81A7F6E4EA4042981DF0EFC822BC8CF5C6AD2F6,47,com/maddox/il2/objects/air/YAK,True,FlightModels/Yak-3.fmd,com/maddox/il2/objects/air/YAK_3P,reference-only-buttons-not-extracted,com/maddox/il2/objects/air/CockpitYAK_3,com/maddox/il2/objects/air/YAK_3P,,player-capable-static,3DO/Plane/Yak-3(Multi1)/hier.him | 3DO/Plane/Yak-3(fr)/hier.him,REVIEW,flight-model reference found; internal Buttons entry not yet verified
294,Yak-3R,air.YAK_3R,com/maddox/il2/objects/air/YAK_3R,,C:\Users\Alexis\DATA\Projets\GITHUB\IL2-1946-Open-Sturmovik\WIP\labs\IL 2 Sturmovik 1946 Selector Dump\dump\com\maddox\il2\objects\air\YAK_3R.class,selector-dump,F10C2A6B36E9D8F7CBA6F945E79E5C98F8A197D615BA656F6C0F54FD69A3DD4A,47,com/maddox/il2/objects/air/YAK,True,FlightModels/Yak-3R.fmd,com/maddox/il2/objects/air/YAK_3R,reference-only-buttons-not-extracted,com/maddox/il2/objects/air/CockpitYAK_3R,com/maddox/il2/objects/air/YAK_3R,,player-capable-static,3DO/Plane/Yak-3R(Multi1)/hier.him,REVIEW,flight-model reference found; internal Buttons entry not yet verified
295,Yak-3VK-107,air.YAK_3VK107,com/maddox/il2/objects/air/YAK_3VK107,,C:\Users\Alexis\DATA\Projets\GITHUB\IL2-1946-Open-Sturmovik\Files\D24E4FB041344096,loose,C7948721640FDDB950D04AF08A10D7BADDBEA1C6C0BA5E9598BAB2755E94D142,47,com/maddox/il2/objects/air/YAK,True,FlightModels/Yak-3VK-107.fmd,com/maddox/il2/objects/air/YAK_3VK107,reference-only-buttons-not-extracted,com/maddox/il2/objects/air/CockpitYAK_3VK107,com/maddox/il2/objects/air/YAK_3VK107,,player-capable-static,3DO/Plane/Yak-3_VK107(Multi1)/hier.him,REVIEW,flight-model reference found; internal Buttons entry not yet verified
296,Yak-3VK107(2B20),air.YAK_3_VK107_2B20,com/maddox/il2/objects/air/YAK_3_VK107_2B20,NOINFO,C:\Users\Alexis\DATA\Projets\GITHUB\IL2-1946-Open-Sturmovik\Files\5175604E8762BCE0,loose,6345F50AA40D711181B231E8F66C5CC2ADB97B744044FD840502C3C79CC37293,47,com/maddox/il2/objects/air/YAK_3VK107,True,FlightModels/Yak-3VK-107.fmd,com/maddox/il2/objects/air/YAK_3_VK107_2B20,reference-only-buttons-not-extracted,com/maddox/il2/objects/air/CockpitYAK_3VK107,com/maddox/il2/objects/air/YAK_3_VK107_2B20,,player-capable-static,3DO/Plane/Yak-3_VK107(2B20)/hier.him,REVIEW,flight-model reference found; internal Buttons entry not yet verified
297,Yak-3VK107(3B20),air.YAK_3_VK107_3B20,com/maddox/il2/objects/air/YAK_3_VK107_3B20,NOINFO,C:\Users\Alexis\DATA\Projets\GITHUB\IL2-1946-Open-Sturmovik\Files\554014DA943A84BC,loose,D1F4CB1E43EE8B787287F8B03400BB0020BBDD82B426C282BEA2D57B141023C6,47,com/maddox/il2/objects/air/YAK_3VK107,True,FlightModels/Yak-3VK-107.fmd,com/maddox/il2/objects/air/YAK_3_VK107_3B20,reference-only-buttons-not-extracted,com/maddox/il2/objects/air/CockpitYAK_3VK107,com/maddox/il2/objects/air/YAK_3_VK107_3B20,,player-capable-static,3DO/Plane/Yak-3_VK107(3B20)/hier.him,REVIEW,flight-model reference found; internal Buttons entry not yet verified
298,Yak-7A,air.YAK_7A,com/maddox/il2/objects/air/YAK_7A,NOINFO,C:\Users\Alexis\DATA\Projets\GITHUB\IL2-1946-Open-Sturmovik\Files\18FCB80686D58686,loose,88E2A8BE74D81FA803461DF6D680764DDB7675A45ADBA3AAE6E79B5B9100141D,47,com/maddox/il2/objects/air/YAK,True,FlightModels/Yak-7A.fmd,com/maddox/il2/objects/air/YAK_7A,reference-only-buttons-not-extracted,com/maddox/il2/objects/air/CockpitYAK_7,com/maddox/il2/objects/air/YAK_7A,,player-capable-static,3DO/Plane/Yak-7A/hier.him,REVIEW,flight-model reference found; internal Buttons entry not yet verified
299,Yak-7B,air.YAK_7B,com/maddox/il2/objects/air/YAK_7B,,C:\Users\Alexis\DATA\Projets\GITHUB\IL2-1946-Open-Sturmovik\WIP\labs\IL 2 Sturmovik 1946 Selector Dump\dump\com\maddox\il2\objects\air\YAK_7B.class,selector-dump,5A126912A1C7708C342E0D63D455522B9D80CE1A25B936E1815BE356F66B8F68,47,com/maddox/il2/objects/air/YAK,True,FlightModels/Yak-7B.fmd,com/maddox/il2/objects/air/YAK_7B,reference-only-buttons-not-extracted,com/maddox/il2/objects/air/CockpitYAK_7,com/maddox/il2/objects/air/YAK_7B,,player-capable-static,3DO/Plane/Yak-7B(Multi1)/hier.him | 3DO/Plane/Yak-7B(fr)/hier.him,REVIEW,flight-model reference found; internal Buttons entry not yet verified
300,Yak-7B_late,air.YAK_7B_late,com/maddox/il2/objects/air/YAK_7B_late,NOINFO,C:\Users\Alexis\DATA\Projets\GITHUB\IL2-1946-Open-Sturmovik\Files\EF948E103170EED6,loose,E98B6B5E85AD57C2D15F8E83A2B86BEB5283DFF3C847D8BF5356239AEE93D4D7,47,com/maddox/il2/objects/air/YAK_7BPF,True,FlightModels/Yak-9.fmd,com/maddox/il2/objects/air/YAK_7B_late,reference-only-buttons-not-extracted,com/maddox/il2/objects/air/CockpitYAK_7B_late,com/maddox/il2/objects/air/YAK_7B_late,,player-capable-static,3DO/Plane/Yak-7B_late/hier.him,REVIEW,flight-model reference found; internal Buttons entry not yet verified
301,Yak-7BPF,air.YAK_7BPF,com/maddox/il2/objects/air/YAK_7BPF,NOINFO,C:\Users\Alexis\DATA\Projets\GITHUB\IL2-1946-Open-Sturmovik\Files\950409347C3C819A,loose,D86CACDD6DE961A6E101E43EBFCCEAAADC49B804929E9975CA2295AD762E6450,47,com/maddox/il2/objects/air/YAK,True,FlightModels/Yak-7B_PF.fmd,com/maddox/il2/objects/air/YAK_7BPF,reference-only-buttons-not-extracted,com/maddox/il2/objects/air/CockpitYAK_7,com/maddox/il2/objects/air/YAK_7BPF,,player-capable-static,3DO/Plane/Yak-7BPF/hier.him,REVIEW,flight-model reference found; internal Buttons entry not yet verified
302,Yak-7UTI,air.YAK_7UTI,com/maddox/il2/objects/air/YAK_7UTI,NOINFO,C:\Users\Alexis\DATA\Projets\GITHUB\IL2-1946-Open-Sturmovik\Files\4238B0CA6A497C7C,loose,6C99BADB4088AC92155C9332BEA7BB5B073AD41294CBE4ECD7C936489ABC8701,47,com/maddox/il2/objects/air/YAK,True,FlightModels/Yak-7A.fmd,com/maddox/il2/objects/air/YAK_7UTI,reference-only-buttons-not-extracted,com/maddox/il2/objects/air/CockpitYAK_7,com/maddox/il2/objects/air/YAK_7UTI,,player-capable-static,3DO/Plane/Yak-7UTI/hier.him,REVIEW,flight-model reference found; internal Buttons entry not yet verified
303,Yak-9,air.YAK_9,com/maddox/il2/objects/air/YAK_9,,C:\Users\Alexis\DATA\Projets\GITHUB\IL2-1946-Open-Sturmovik\WIP\labs\IL 2 Sturmovik 1946 Selector Dump\dump\com\maddox\il2\objects\air\YAK_9.class,selector-dump,E6C91D5C534457C9E1F8A9DAC90C23A36FF1124B96D7AABAE56CF863611AAA65,47,com/maddox/il2/objects/air/YAK,True,FlightModels/Yak-9.fmd,com/maddox/il2/objects/air/YAK_9,reference-only-buttons-not-extracted,com/maddox/il2/objects/air/CockpitYAK_9,com/maddox/il2/objects/air/YAK_9,,player-capable-static,3DO/Plane/Yak-9(Multi1)/hier.him | 3DO/Plane/Yak-9(fr)/hier.him,REVIEW,flight-model reference found; internal Buttons entry not yet verified
304,Yak-9B,air.YAK_9B,com/maddox/il2/objects/air/YAK_9B,NOINFO,C:\Users\Alexis\DATA\Projets\GITHUB\IL2-1946-Open-Sturmovik\WIP\labs\IL 2 Sturmovik 1946 Selector Dump\dump\com\maddox\il2\objects\air\YAK_9B.class,selector-dump,8F97F9CA78437536C96F5AFC8BBF26502BD7F1457FB600407DEC1DBC59F6EBAC,47,com/maddox/il2/objects/air/YAK,True,FlightModels/Yak-9B.fmd,com/maddox/il2/objects/air/YAK_9B,reference-only-buttons-not-extracted,com/maddox/il2/objects/air/CockpitYAK_9D,com/maddox/il2/objects/air/YAK_9B,,player-capable-static,3DO/Plane/Yak-9B(Multi1)/hier.him,REVIEW,flight-model reference found; internal Buttons entry not yet verified
305,Yak-9D,air.YAK_9D,com/maddox/il2/objects/air/YAK_9D,,C:\Users\Alexis\DATA\Projets\GITHUB\IL2-1946-Open-Sturmovik\Files\B759DAECE1E8840C,loose,C23721E9E5D164F17CC4EBDC8FE46150042C90F2C7C1DB16BB4374DD3E3D7D84,47,com/maddox/il2/objects/air/YAK,True,FlightModels/Yak-9D.fmd,com/maddox/il2/objects/air/YAK_9D,reference-only-buttons-not-extracted,com/maddox/il2/objects/air/CockpitYAK_9D,com/maddox/il2/objects/air/YAK_9D,,player-capable-static,3DO/Plane/Yak-9D(Multi1)/hier.him | 3DO/Plane/Yak-9D(bl)/hier.him | 3DO/Plane/Yak-9D(fr)/hier.him,REVIEW,flight-model reference found; internal Buttons entry not yet verified
306,Yak-9DD,air.YAK_9DD,com/maddox/il2/objects/air/YAK_9DD,,C:\Users\Alexis\DATA\Projets\GITHUB\IL2-1946-Open-Sturmovik\Files\928FF6DC96A6AC68,loose,8289DCD8CE6CCACB91CFEEC94D8A4813BA39B0218C33804F7FACCB2B75B631F5,47,com/maddox/il2/objects/air/YAK,True,FlightModels/Yak-9DD.fmd,com/maddox/il2/objects/air/YAK_9DD,reference-only-buttons-not-extracted,com/maddox/il2/objects/air/CockpitYAK_9D,com/maddox/il2/objects/air/YAK_9DD,,player-capable-static,3DO/Plane/Yak-9DD(Multi1)/hier.him,REVIEW,flight-model reference found; internal Buttons entry not yet verified
307,Yak-9K,air.YAK_9K,com/maddox/il2/objects/air/YAK_9K,,C:\Users\Alexis\DATA\Projets\GITHUB\IL2-1946-Open-Sturmovik\WIP\labs\IL 2 Sturmovik 1946 Selector Dump\dump\com\maddox\il2\objects\air\YAK_9K.class,selector-dump,D0DC6F851E61E55FDF40C086090ED48533ED3340E249E38ADBB811503DE4C612,47,com/maddox/il2/objects/air/YAK,True,FlightModels/Yak-9K.fmd,com/maddox/il2/objects/air/YAK_9K,reference-only-buttons-not-extracted,com/maddox/il2/objects/air/CockpitYAK_9T,com/maddox/il2/objects/air/YAK_9K,,player-capable-static,3DO/Plane/Yak-9K(Multi1)/hier.him,REVIEW,flight-model reference found; internal Buttons entry not yet verified
308,Yak-9M,air.YAK_9M,com/maddox/il2/objects/air/YAK_9M,NOINFO,C:\Users\Alexis\DATA\Projets\GITHUB\IL2-1946-Open-Sturmovik\Files\09A6B144F8745A06,loose,B91DF136F0D775D95AF168CA8A8C3A6B0E83DF28896AD3801D973E8343C59854,47,com/maddox/il2/objects/air/YAK_9TX,True,FlightModels/Yak-9M.fmd,com/maddox/il2/objects/air/YAK_9M,reference-only-buttons-not-extracted,com/maddox/il2/objects/air/CockpitYAK_9T,com/maddox/il2/objects/air/YAK_9M,,player-capable-static,3DO/Plane/Yak-9M(Multi1)/hier.him | 3DO/Plane/Yak-9M(bl)/hier.him,REVIEW,flight-model reference found; internal Buttons entry not yet verified
309,Yak-9M_Early,air.YAK_9MEarly,com/maddox/il2/objects/air/YAK_9MEarly,,C:\Users\Alexis\DATA\Projets\GITHUB\IL2-1946-Open-Sturmovik\Files\F9C6106E8CAABCC2,loose,690A274577000AFDA2CE7075CAE563FC580878E3BED24176DB3EB8E57AEB718D,47,com/maddox/il2/objects/air/YAK_9TX,True,FlightModels/Yak-9MEarly.fmd,com/maddox/il2/objects/air/YAK_9MEarly,reference-only-buttons-not-extracted,com/maddox/il2/objects/air/CockpitYAK_9T,com/maddox/il2/objects/air/YAK_9MEarly,,player-capable-static,3DO/Plane/Yak-9M(Multi1)/hier.him,REVIEW,flight-model reference found; internal Buttons entry not yet verified
310,Yak-9U_Early,air.YAK_9UEarly,com/maddox/il2/objects/air/YAK_9UEarly,,C:\Users\Alexis\DATA\Projets\GITHUB\IL2-1946-Open-Sturmovik\Files\5D912B485C51A46A,loose,C12BAC93E76F18810A77E8E40A3795480B0D2FCF460C2302539F5B7B1F800F57,47,com/maddox/il2/objects/air/YAK,True,FlightModels/Yak-9UEarly.fmd,com/maddox/il2/objects/air/YAK_9UEarly,reference-only-buttons-not-extracted,com/maddox/il2/objects/air/CockpitYAK_9U,com/maddox/il2/objects/air/YAK_9UEarly,,player-capable-static,3DO/Plane/Yak-9U(Multi1)/hier.him,REVIEW,flight-model reference found; internal Buttons entry not yet verified
311,Yak-9RLR_DZZMod,air.YAK_9RLR_DZZ,com/maddox/il2/objects/air/YAK_9RLR_DZZ,NOINFO,C:\Users\Alexis\DATA\Projets\GITHUB\IL2-1946-Open-Sturmovik\Files\5D82D0000229B848,loose,5C757A9CBD3145433CE7EA6BECB83D0D73BAC66607EA6CE966130068FB0DDB1A,47,com/maddox/il2/objects/air/YAK,True,FlightModels/Yak-9D.fmd,com/maddox/il2/objects/air/YAK_9RLR_DZZ,reference-only-buttons-not-extracted,com/maddox/il2/objects/air/CockpitYAK_9D,com/maddox/il2/objects/air/YAK_9RLR_DZZ,,player-capable-static,3DO/Plane/Yak-9D(Multi1)/hier.him | 3DO/Plane/Yak-9D(fr)/hier.him,REVIEW,flight-model reference found; internal Buttons entry not yet verified
312,Yak-9T,air.YAK_9T,com/maddox/il2/objects/air/YAK_9T,,C:\Users\Alexis\DATA\Projets\GITHUB\IL2-1946-Open-Sturmovik\WIP\labs\IL 2 Sturmovik 1946 Selector Dump\dump\com\maddox\il2\objects\air\YAK_9T.class,selector-dump,1859094ABF28B4103F5756BE4325B24795FA1A64F558ADA038684DCF310DF4FD,47,com/maddox/il2/objects/air/YAK_9TX,True,FlightModels/Yak-9T.fmd,com/maddox/il2/objects/air/YAK_9T,reference-only-buttons-not-extracted,com/maddox/il2/objects/air/CockpitYAK_9T,com/maddox/il2/objects/air/YAK_9T,,player-capable-static,3DO/Plane/Yak-9T(Multi1)/hier.him | 3DO/Plane/Yak-9T(fr)/hier.him,REVIEW,flight-model reference found; internal Buttons entry not yet verified
313,Yak-9U,air.YAK_9U,com/maddox/il2/objects/air/YAK_9U,,C:\Users\Alexis\DATA\Projets\GITHUB\IL2-1946-Open-Sturmovik\Files\088122DEC5F12FE4,loose,9ED1BFBF99974A1E3F4B14B82A79F8F556AE847AB94B627A8763B14AF21308CE,47,com/maddox/il2/objects/air/YAK,True,FlightModels/Yak-9U.fmd,com/maddox/il2/objects/air/YAK_9U,reference-only-buttons-not-extracted,com/maddox/il2/objects/air/CockpitYAK_9U,com/maddox/il2/objects/air/YAK_9U,,player-capable-static,3DO/Plane/Yak-9U(Multi1)/hier.him | 3DO/Plane/Yak-9U(bl)/hier.him,REVIEW,flight-model reference found; internal Buttons entry not yet verified
314,Yak-9UT,air.YAK_9UT,com/maddox/il2/objects/air/YAK_9UT,NOINFO,C:\Users\Alexis\DATA\Projets\GITHUB\IL2-1946-Open-Sturmovik\WIP\labs\IL 2 Sturmovik 1946 Selector Dump\dump\com\maddox\il2\objects\air\YAK_9UT.class,selector-dump,4C5564F2351484DBEF6E72C007C82A933476C381C28136CCC49EB2B6A0092064,47,com/maddox/il2/objects/air/YAK,True,FlightModels/Yak-9UT.fmd,com/maddox/il2/objects/air/YAK_9UT,reference-only-buttons-not-extracted,com/maddox/il2/objects/air/CockpitYAK_9U,com/maddox/il2/objects/air/YAK_9UT,,player-capable-static,3DO/Plane/Yak-9UT(Multi1)/hier.him,REVIEW,flight-model reference found; internal Buttons entry not yet verified
317,Ar-196A-3,air.AR_196A3,com/maddox/il2/objects/air/AR_196A3,,C:\Users\Alexis\DATA\Projets\GITHUB\IL2-1946-Open-Sturmovik\Files\7425EE54F17B67D0,loose,89DF00B57D835DA5CEF9C22F76A3A87E9015F06AED49D9AF57073D50715841FC,47,com/maddox/il2/objects/air/AR_196,True,FlightModels/Ar-196A-3.fmd,com/maddox/il2/objects/air/AR_196A3,reference-only-buttons-not-extracted,com/maddox/il2/objects/air/CockpitAR_196 | com/maddox/il2/objects/air/CockpitAR_196_Gunner,com/maddox/il2/objects/air/AR_196A3,,player-capable-static,3DO/Plane/Ar-196A-3/hier.him,REVIEW,flight-model reference found; internal Buttons entry not yet verified
318,Ar-234B-2,air.AR_234B2,com/maddox/il2/objects/air/AR_234B2,,C:\Users\Alexis\DATA\Projets\GITHUB\IL2-1946-Open-Sturmovik\WIP\labs\IL 2 Sturmovik 1946 Selector Dump\dump\com\maddox\il2\objects\air\AR_234B2.class,selector-dump,0D66016E4DA0BE37D66A5CD4EB36867DA64E3D1AFBA3D59CD9607C5BA37B5453,47,com/maddox/il2/objects/air/AR_234,True,FlightModels/Ar-234B-2.fmd,com/maddox/il2/objects/air/AR_234B2,reference-only-buttons-not-extracted,com/maddox/il2/objects/air/CockpitAR_234B2 | com/maddox/il2/objects/air/CockpitAR_234B2_Bombardier,com/maddox/il2/objects/air/AR_234B2,,player-capable-static,3DO/Plane/Ar-234B-2/hier.him,REVIEW,flight-model reference found; internal Buttons entry not yet verified
319,Ar-234B-2NJ,air.AR_234B2NJ,com/maddox/il2/objects/air/AR_234B2NJ,NOINFO,C:\Users\Alexis\DATA\Projets\GITHUB\IL2-1946-Open-Sturmovik\Files\24E448BA06BB673C,loose,23D96DA1026CED425C92072D85CBF71CD5F54078F55FEEAFE22C44584D88E66D,47,com/maddox/il2/objects/air/AR_234,True,FlightModels/Ar-234B-2.fmd,com/maddox/il2/objects/air/AR_234B2NJ,reference-only-buttons-not-extracted,com/maddox/il2/objects/air/CockpitAR_234B2NJ | com/maddox/il2/objects/air/CockpitAR_234B2NJ_Bombardier,com/maddox/il2/objects/air/AR_234B2NJ,,player-capable-static,3DO/Plane/Ar-234B-2NJ/hier.him,REVIEW,flight-model reference found; internal Buttons entry not yet verified
320,AviaB534,air.AVIA_B534,com/maddox/il2/objects/air/AVIA_B534,NOINFO,C:\Users\Alexis\DATA\Projets\GITHUB\IL2-1946-Open-Sturmovik\WIP\labs\IL 2 Sturmovik 1946 Selector Dump\dump\com\maddox\il2\objects\air\AVIA_B534.class,selector-dump,F417B92F548B1969AB7535BB88C821DF8F44C9930B0D3CFB8BC93E236ED5C983,47,com/maddox/il2/objects/air/Avia_B5xx,True,FlightModels/AviaB-534.fmd,com/maddox/il2/objects/air/AVIA_B534,reference-only-buttons-not-extracted,com/maddox/il2/objects/air/CockpitAVIA_B534,com/maddox/il2/objects/air/AVIA_B534,,player-capable-static,3DO/Plane/AviaB-534(de)/hier.him | 3DO/Plane/AviaB-534(hu)/hier.him | 3DO/Plane/AviaB-534(multi)/hier.him | 3DO/Plane/AviaB-534/hier.him,REVIEW,flight-model reference found; internal Buttons entry not yet verified
321,D3A1,air.D3A1,com/maddox/il2/objects/air/D3A1,,C:\Users\Alexis\DATA\Projets\GITHUB\IL2-1946-Open-Sturmovik\WIP\labs\IL 2 Sturmovik 1946 Selector Dump\dump\com\maddox\il2\objects\air\D3A1.class,selector-dump,41DF91F9FA7D4CE26039B539D93BAFF4AE1311FA8356C60F98080D97FDDD9267,47,com/maddox/il2/objects/air/D3A,True,FlightModels/D3A1.fmd,com/maddox/il2/objects/air/D3A1,reference-only-buttons-not-extracted,com/maddox/il2/objects/air/CockpitD3A1 | com/maddox/il2/objects/air/CockpitD3A1_TGunner,com/maddox/il2/objects/air/D3A1,,player-capable-static,3DO/Plane/D3A1(Multi1)/hier.him | 3DO/Plane/D3A1(ja)/hier.him,REVIEW,flight-model reference found; internal Buttons entry not yet verified
322,MC-200series1,air.MC_200_1,com/maddox/il2/objects/air/MC_200_1,NOINFO,C:\Users\Alexis\DATA\Projets\GITHUB\IL2-1946-Open-Sturmovik\Files\AACE22DAD72DF60C,loose,14AEA2E2C8E2C09F7321BD76F10B842A68B302E11E21C6BAA333B32F47FE362B,47,com/maddox/il2/objects/air/MC_200xyz,True,FlightModels/MC-200.fmd,com/maddox/il2/objects/air/MC_200_1,reference-only-buttons-not-extracted,com/maddox/il2/objects/air/CockpitMC_200_1,com/maddox/il2/objects/air/MC_200_1,,player-capable-static,3DO/Plane/MC-200_I(Multi1)/hier.him | 3DO/Plane/MC-200_I(it)/hier.him,REVIEW,flight-model reference found; internal Buttons entry not yet verified
323,MC-200series3,air.MC_200_3,com/maddox/il2/objects/air/MC_200_3,NOINFO,C:\Users\Alexis\DATA\Projets\GITHUB\IL2-1946-Open-Sturmovik\WIP\labs\IL 2 Sturmovik 1946 Selector Dump\dump\com\maddox\il2\objects\air\MC_200_3.class,selector-dump,00265C156A76EDBE985D6FFFAF647C65EED7338956F1057165FCBB546904E540,47,com/maddox/il2/objects/air/MC_200xyz,True,FlightModels/MC-200.fmd,com/maddox/il2/objects/air/MC_200_3,reference-only-buttons-not-extracted,com/maddox/il2/objects/air/CockpitMC_200_VII,com/maddox/il2/objects/air/MC_200_3,,player-capable-static,3DO/Plane/MC-200_III(Multi1)/hier.him | 3DO/Plane/MC-200_III(it)/hier.him,REVIEW,flight-model reference found; internal Buttons entry not yet verified
324,MC-200series7,air.MC_200_7,com/maddox/il2/objects/air/MC_200_7,NOINFO,C:\Users\Alexis\DATA\Projets\GITHUB\IL2-1946-Open-Sturmovik\Files\FCF59496C7339F0C,loose,F78EB92FB5DF46FAEB8B2A90283B4343E308E3D377519E4BFBBD9F7044E9CA9C,47,com/maddox/il2/objects/air/MC_200xyz,True,FlightModels/MC-200.fmd,com/maddox/il2/objects/air/MC_200_7,reference-only-buttons-not-extracted,com/maddox/il2/objects/air/CockpitMC_200_7,com/maddox/il2/objects/air/MC_200_7,,player-capable-static,3DO/Plane/MC-200_VII(Multi1)/hier.him | 3DO/Plane/MC-200_VII(it)/hier.him,REVIEW,flight-model reference found; internal Buttons entry not yet verified
325,MC-200series7FB,air.MC_200_7FB,com/maddox/il2/objects/air/MC_200_7FB,NOINFO,C:\Users\Alexis\DATA\Projets\GITHUB\IL2-1946-Open-Sturmovik\Files\1F46BD32B7586A4E,loose,DD3241407CEB03218344574759B0857490D3D0869D1D1C350468DCC0F5248283,47,com/maddox/il2/objects/air/MC_200xyz,True,FlightModels/MC-200.fmd,com/maddox/il2/objects/air/MC_200_7FB,reference-only-buttons-not-extracted,com/maddox/il2/objects/air/CockpitMC_200_7FB,com/maddox/il2/objects/air/MC_200_7FB,,player-capable-static,3DO/Plane/MC-200_VII_FB(Multi1)/hier.him | 3DO/Plane/MC-200_VII_FB(it)/hier.him,REVIEW,flight-model reference found; internal Buttons entry not yet verified
326,MC-202,air.MC_202,com/maddox/il2/objects/air/MC_202,,C:\Users\Alexis\DATA\Projets\GITHUB\IL2-1946-Open-Sturmovik\Files\6E856AB6DE3B432A,loose,474E99A75294F7AE76F1A57CDDF13EDEC3B5B9B9F1C772715FC1899204E806E5,47,com/maddox/il2/objects/air/Scheme1,True,FlightModels/MC-202.fmd,com/maddox/il2/objects/air/MC_202,reference-only-buttons-not-extracted,com/maddox/il2/objects/air/CockpitMC_202,com/maddox/il2/objects/air/MC_202,,player-capable-static,3DO/Plane/MC-202(Multi1)/hier.him | 3DO/Plane/MC-202/hier.him,REVIEW,flight-model reference found; internal Buttons entry not yet verified
327,MC-202_III,air.MC_202_3,com/maddox/il2/objects/air/MC_202_3,NOINFO,C:\Users\Alexis\DATA\Projets\GITHUB\IL2-1946-Open-Sturmovik\WIP\labs\IL 2 Sturmovik 1946 Selector Dump\dump\com\maddox\il2\objects\air\MC_202_3.class,selector-dump,6C902B04E20615D347597705B805EC04BEDA8E725AD5445A57B740822805B4EA,47,com/maddox/il2/objects/air/MC_202xyz,True,FlightModels/MC-202.fmd,com/maddox/il2/objects/air/MC_202_3,reference-only-buttons-not-extracted,com/maddox/il2/objects/air/CockpitMC_202,com/maddox/il2/objects/air/MC_202_3,,player-capable-static,3DO/Plane/MC-202_III(Multi1)/hier.him | 3DO/Plane/MC-202_III(it)/hier.him,REVIEW,flight-model reference found; internal Buttons entry not yet verified
328,MC-202_VII,air.MC_202_7,com/maddox/il2/objects/air/MC_202_7,NOINFO,C:\Users\Alexis\DATA\Projets\GITHUB\IL2-1946-Open-Sturmovik\WIP\labs\IL 2 Sturmovik 1946 Selector Dump\dump\com\maddox\il2\objects\air\MC_202_7.class,selector-dump,B7393CF32F1EBB380BA08E1DF8B91629F55194F044F5713A14B6A650A8176C31,47,com/maddox/il2/objects/air/MC_202xyz,True,FlightModels/MC-202.fmd,com/maddox/il2/objects/air/MC_202_7,reference-only-buttons-not-extracted,com/maddox/il2/objects/air/CockpitMC_202,com/maddox/il2/objects/air/MC_202_7,,player-capable-static,3DO/Plane/MC-202_VII(Multi1)/hier.him | 3DO/Plane/MC-202_VII(it)/hier.him,REVIEW,flight-model reference found; internal Buttons entry not yet verified
329,MC-202_XII,air.MC_202_12,com/maddox/il2/objects/air/MC_202_12,NOINFO,C:\Users\Alexis\DATA\Projets\GITHUB\IL2-1946-Open-Sturmovik\WIP\labs\IL 2 Sturmovik 1946 Selector Dump\dump\com\maddox\il2\objects\air\MC_202_12.class,selector-dump,B920E7252FB079EED4E9C25BBF73AC583978CEA4FDF920AC1E6DED5AF64008BC,47,com/maddox/il2/objects/air/MC_202xyz,True,FlightModels/MC-202.fmd,com/maddox/il2/objects/air/MC_202_12,reference-only-buttons-not-extracted,com/maddox/il2/objects/air/CockpitMC_202,com/maddox/il2/objects/air/MC_202_12,,player-capable-static,3DO/Plane/MC-202_XII(Multi1)/hier.him | 3DO/Plane/MC-202_XII(it)/hier.him,REVIEW,flight-model reference found; internal Buttons entry not yet verified
330,MC-205_I,air.MC_205_1,com/maddox/il2/objects/air/MC_205_1,NOINFO,C:\Users\Alexis\DATA\Projets\GITHUB\IL2-1946-Open-Sturmovik\WIP\labs\IL 2 Sturmovik 1946 Selector Dump\dump\com\maddox\il2\objects\air\MC_205_1.class,selector-dump,A3AD3656C9BF454F3D320016FE6572759F685966B16153AF1F752BD1C3A6F389,47,com/maddox/il2/objects/air/MC_202xyz,True,FlightModels/MC-205.fmd,com/maddox/il2/objects/air/MC_205_1,reference-only-buttons-not-extracted,com/maddox/il2/objects/air/CockpitMC_205,com/maddox/il2/objects/air/MC_205_1,,player-capable-static,3DO/Plane/MC-205_I(Multi1)/hier.him | 3DO/Plane/MC-205_I(it)/hier.him,REVIEW,flight-model reference found; internal Buttons entry not yet verified
331,MC-205_III,air.MC_205_3,com/maddox/il2/objects/air/MC_205_3,NOINFO,C:\Users\Alexis\DATA\Projets\GITHUB\IL2-1946-Open-Sturmovik\Files\7D48E4CE760AD032,loose,F0770FD4D24FF7516B83FA829445855B4B5F4D6B83EA8E3FE500CE856A578E4C,47,com/maddox/il2/objects/air/MC_202xyz,True,FlightModels/MC-205.fmd,com/maddox/il2/objects/air/MC_205_3,reference-only-buttons-not-extracted,com/maddox/il2/objects/air/CockpitMC_205,com/maddox/il2/objects/air/MC_205_3,,player-capable-static,3DO/Plane/MC-205_III(DU)/hier.him | 3DO/Plane/MC-205_III(Multi1)/hier.him | 3DO/Plane/MC-205_III(it)/hier.him,REVIEW,flight-model reference found; internal Buttons entry not yet verified
332,MC-205_IIIS,air.MC_205_3S,com/maddox/il2/objects/air/MC_205_3S,NOINFO,C:\Users\Alexis\DATA\Projets\GITHUB\IL2-1946-Open-Sturmovik\Files\F696865CBBFB082C,loose,166BE26CF945B973576ECB1CB9A9000A928350BD8E277D1A5E29CDBC1C8AABA1,47,com/maddox/il2/objects/air/MC_202xyz,True,FlightModels/MC-205S.fmd,com/maddox/il2/objects/air/MC_205_3S,reference-only-buttons-not-extracted,com/maddox/il2/objects/air/CockpitMC_205,com/maddox/il2/objects/air/MC_205_3S,,player-capable-static,3DO/Plane/MC-205_IIIS(Multi1)/hier.him,REVIEW,flight-model reference found; internal Buttons entry not yet verified
333,MC-205_IIIV,air.MC_205_3V,com/maddox/il2/objects/air/MC_205_3V,NOINFO,C:\Users\Alexis\DATA\Projets\GITHUB\IL2-1946-Open-Sturmovik\Files\E7CF4672FDFB64E0,loose,DF819EF57CA7DD18042B6ED65241763EF784C1E3A98D2C9D4BDC572425E05867,47,com/maddox/il2/objects/air/MC_202xyz,True,FlightModels/MC-205V.fmd,com/maddox/il2/objects/air/MC_205_3V,reference-only-buttons-not-extracted,com/maddox/il2/objects/air/CockpitMC_205,com/maddox/il2/objects/air/MC_205_3V,,player-capable-static,3DO/Plane/MC-205_III(Multi1)/hier.him | 3DO/Plane/MC-205_IIIV(it)/hier.him,REVIEW,flight-model reference found; internal Buttons entry not yet verified
334,CANT1007,air.CANT1007,com/maddox/il2/objects/air/CANT1007,NOINFO,C:\Users\Alexis\DATA\Projets\GITHUB\IL2-1946-Open-Sturmovik\Files\7C05C9042502DDD6,loose,027A1586778FEAEFD21D983819E17BAEB372840690741FAF0EE0CFB6F39E4110,47,com/maddox/il2/objects/air/CANT,True,FlightModels/Cant1007.fmd,com/maddox/il2/objects/air/CANT1007,reference-only-buttons-not-extracted,com/maddox/il2/objects/air/CockpitCant | com/maddox/il2/objects/air/CockpitCant_BGunner | com/maddox/il2/objects/air/CockpitCant_Bombardier | com/maddox/il2/objects/air/CockpitCant_RGunner | com/maddox/il2/objects/air/CockpitCant_TGunner,com/maddox/il2/objects/air/CANT1007,,player-capable-static,3DO/Plane/CANT-1007/hier.him,REVIEW,flight-model reference found; internal Buttons entry not yet verified
335,CANT1007t,air.CANT1007t,com/maddox/il2/objects/air/CANT1007t,NOINFO,C:\Users\Alexis\DATA\Projets\GITHUB\IL2-1946-Open-Sturmovik\Files\410F6CD0EC255D6A,loose,3B287C382307366BCCFC418CC8BF7E34E7055B4CD7A032A005306032B77BCA0A,47,com/maddox/il2/objects/air/CANT,True,FlightModels/CANT1007.fmd,com/maddox/il2/objects/air/CANT1007t,reference-only-buttons-not-extracted,com/maddox/il2/objects/air/CockpitCant | com/maddox/il2/objects/air/CockpitCant_BGunner | com/maddox/il2/objects/air/CockpitCant_RGunner | com/maddox/il2/objects/air/CockpitCant_TGunner,com/maddox/il2/objects/air/CANT1007t,,player-capable-static,3DO/Plane/CANT-1007/hier.him,REVIEW,flight-model reference found; internal Buttons entry not yet verified
336,Do-335A-0,air.DO_335A0,com/maddox/il2/objects/air/DO_335A0,NOINFO,C:\Users\Alexis\DATA\Projets\GITHUB\IL2-1946-Open-Sturmovik\WIP\labs\IL 2 Sturmovik 1946 Selector Dump\dump\com\maddox\il2\objects\air\DO_335A0.class,selector-dump,4B12084218C7B7221FC0CA8C887AFF3BA6B1C77E85E7BC9ED3D612F316E20431,47,com/maddox/il2/objects/air/DO_335,True,FlightModels/Do-335.fmd,com/maddox/il2/objects/air/DO_335A0,reference-only-buttons-not-extracted,com/maddox/il2/objects/air/CockpitDO_335,com/maddox/il2/objects/air/DO_335A0,,player-capable-static,3DO/Plane/Do-335A-0/hier.him,REVIEW,flight-model reference found; internal Buttons entry not yet verified
337,CR-32quater,air.CR_32quater,com/maddox/il2/objects/air/CR_32quater,,C:\Users\Alexis\DATA\Projets\GITHUB\IL2-1946-Open-Sturmovik\Files\0A4F63CE6A8870DC,loose,DB611C8BCB852771834D1AAB847360F16D94CDE301D5C60D0F1336FC304A66CC,45,com/maddox/il2/objects/air/Scheme1,True,FlightModels/CR32.fmd,com/maddox/il2/objects/air/CR_32quater,reference-only-buttons-not-extracted,com/maddox/il2/objects/air/CockpitCR32quater,com/maddox/il2/objects/air/CR_32quater,,player-capable-static,3DO/Plane/CR32/hier.him,REVIEW,flight-model reference found; internal Buttons entry not yet verified
338,CR_42,air.CR_42,com/maddox/il2/objects/air/CR_42,,C:\Users\Alexis\DATA\Projets\GITHUB\IL2-1946-Open-Sturmovik\Files\8BB90EA454CF4C42,loose,4210640E5491235AC27094974BBDBF213D14E6DB88B3B5FAA87C4AABE7A8D32F,47,com/maddox/il2/objects/air/CR_42X,True,FlightModels/CR42.fmd,com/maddox/il2/objects/air/CR_42,reference-only-buttons-not-extracted,com/maddox/il2/objects/air/CockpitCR42,com/maddox/il2/objects/air/CR_42,,player-capable-static,3DO/Plane/CR42(Multi1)/hier.him | 3DO/Plane/CR42(it)/hier.him | 3DO/Plane/CR42(sp)/hier.him,REVIEW,flight-model reference found; internal Buttons entry not yet verified
339,Fi-156,air.FI_156,com/maddox/il2/objects/air/FI_156,,C:\Users\Alexis\DATA\Projets\GITHUB\IL2-1946-Open-Sturmovik\Files\002A5F5489D39E2E,loose,58C38635F3FF6219DF409DE699061064C3BACBF1F68DB7294D138D4F694150CF,47,com/maddox/il2/objects/air/Scheme1,True,FlightModels/Fi-156B-2.fmd,com/maddox/il2/objects/air/FI_156,reference-only-buttons-not-extracted,com/maddox/il2/objects/air/CockpitFI_156 | com/maddox/il2/objects/air/CockpitFI_156_Gunner,com/maddox/il2/objects/air/FI_156,,player-capable-static,3do/plane/Fi-156/hier.him,REVIEW,flight-model reference found; internal Buttons entry not yet verified
340,G_50,air.G50,com/maddox/il2/objects/air/G50,,C:\Users\Alexis\DATA\Projets\GITHUB\IL2-1946-Open-Sturmovik\Files\5C9B18CC9B9E7500,loose,9FBE35CD0C14C39B3BA94FCE82FB64C2F37FD7228EF6FC77D4FB95F3CFCE7D5B,47,com/maddox/il2/objects/air/Scheme1,True,FlightModels/G50.fmd,com/maddox/il2/objects/air/G50,reference-only-buttons-not-extracted,com/maddox/il2/objects/air/CockpitG50,com/maddox/il2/objects/air/G50,,player-capable-static,3DO/Plane/G-50(Multi1)/hier.him | 3DO/Plane/G-50(it)/hier.him | 3DO/Plane/G-50(sp)/hier.him,REVIEW,flight-model reference found; internal Buttons entry not yet verified
341,G-55,air.G_55,com/maddox/il2/objects/air/G_55,NOINFO,C:\Users\Alexis\DATA\Projets\GITHUB\IL2-1946-Open-Sturmovik\WIP\labs\IL 2 Sturmovik 1946 Selector Dump\dump\com\maddox\il2\objects\air\G_55.class,selector-dump,F6C292C165B0E710ABB7B910432D9058302BA34FCAD88A12C8EA381435714EBC,47,com/maddox/il2/objects/air/G_55xyz,True,FlightModels/G-55.fmd,com/maddox/il2/objects/air/G_55,reference-only-buttons-not-extracted,,,,probable-ai-only,3DO/Plane/G-55(it)/hier.him | 3DO/Plane/G-55(multi)/hier.him,REVIEW,flight-model reference found; internal Buttons entry not yet verified | no usable cockpitClass declaration found; treat as AI-only until runtime proof
342,G-55-Late,air.G_55_Late,com/maddox/il2/objects/air/G_55_Late,NOINFO,C:\Users\Alexis\DATA\Projets\GITHUB\IL2-1946-Open-Sturmovik\WIP\labs\IL 2 Sturmovik 1946 Selector Dump\dump\com\maddox\il2\objects\air\G_55_Late.class,selector-dump,51E45BE7C323B29DF1EA55EDB16D709D8824EEA699E8908B19BE8830D65BC1C7,47,com/maddox/il2/objects/air/G_55xyz,True,FlightModels/G-55-late.fmd,com/maddox/il2/objects/air/G_55_Late,reference-only-buttons-not-extracted,,,,probable-ai-only,3DO/Plane/G-55(it)/hier.him | 3DO/Plane/G-55(multi)/hier.him,REVIEW,flight-model reference found; internal Buttons entry not yet verified | no usable cockpitClass declaration found; treat as AI-only until runtime proof
343,DXXI_SARJA3_EARLY,air.DXXI_SARJA3_EARLY,com/maddox/il2/objects/air/DXXI_SARJA3_EARLY,NOINFO,C:\Users\Alexis\DATA\Projets\GITHUB\IL2-1946-Open-Sturmovik\WIP\labs\IL 2 Sturmovik 1946 Selector Dump\dump\com\maddox\il2\objects\air\DXXI_SARJA3_EARLY.class,selector-dump,7B915A74B70AA1D5797FF1957EF82B9CE8221F8679087489A351010466ADD262,47,com/maddox/il2/objects/air/DXXI,True,FlightModels/FokkerS3Early.fmd,com/maddox/il2/objects/air/DXXI_SARJA3_EARLY,reference-only-buttons-not-extracted,com/maddox/il2/objects/air/CockpitDXXI_SARJA3_EARLY,com/maddox/il2/objects/air/DXXI_SARJA3_EARLY,,player-capable-static,3DO/Plane/DXXI_SARJA3_EARLY/hier.him,REVIEW,flight-model reference found; internal Buttons entry not yet verified
344,DXXI_SARJA3_LATE,air.DXXI_SARJA3_LATE,com/maddox/il2/objects/air/DXXI_SARJA3_LATE,NOINFO,C:\Users\Alexis\DATA\Projets\GITHUB\IL2-1946-Open-Sturmovik\WIP\labs\IL 2 Sturmovik 1946 Selector Dump\dump\com\maddox\il2\objects\air\DXXI_SARJA3_LATE.class,selector-dump,A0737A7023ED634EAB7AF608F55F282592A6AFC251997DC4F24EFC6B36B3BD7F,47,com/maddox/il2/objects/air/DXXI,True,FlightModels/FokkerS3LATE.fmd,com/maddox/il2/objects/air/DXXI_SARJA3_LATE,reference-only-buttons-not-extracted,com/maddox/il2/objects/air/CockpitDXXI_SARJA3_LATE,com/maddox/il2/objects/air/DXXI_SARJA3_LATE,,player-capable-static,3DO/Plane/DXXI_SARJA3_LATE/hier.him,REVIEW,flight-model reference found; internal Buttons entry not yet verified
345,DXXI_SARJA4,air.DXXI_SARJA4,com/maddox/il2/objects/air/DXXI_SARJA4,NOINFO,C:\Users\Alexis\DATA\Projets\GITHUB\IL2-1946-Open-Sturmovik\WIP\labs\IL 2 Sturmovik 1946 Selector Dump\dump\com\maddox\il2\objects\air\DXXI_SARJA4.class,selector-dump,E7249010F4DDEFCB22203734EE97907BA17A1B817BBD6F159B8530B345977B71,47,com/maddox/il2/objects/air/DXXI,True,FlightModels/FokkerS4.fmd,com/maddox/il2/objects/air/DXXI_SARJA4,reference-only-buttons-not-extracted,,,,probable-ai-only,3DO/Plane/DXXI_SARJA4/hier.him,REVIEW,flight-model reference found; internal Buttons entry not yet verified | no usable cockpitClass declaration found; treat as AI-only until runtime proof
346,Sarvanto_DXXI,air.DXXI_SARJA3_SARVANTO,com/maddox/il2/objects/air/DXXI_SARJA3_SARVANTO,NOINFO,C:\Users\Alexis\DATA\Projets\GITHUB\IL2-1946-Open-Sturmovik\WIP\labs\IL 2 Sturmovik 1946 Selector Dump\dump\com\maddox\il2\objects\air\DXXI_SARJA3_SARVANTO.class,selector-dump,31FA032694E82595B2446914675173554A48EA5F45DB205D5D3F0864850D1CAA,47,com/maddox/il2/objects/air/DXXI,True,FlightModels/FokkerS3Early.fmd,com/maddox/il2/objects/air/DXXI_SARJA3_SARVANTO,reference-only-buttons-not-extracted,,,,probable-ai-only,3DO/Plane/DXXI_SARJA3_EARLY(Sarvanto)/hier.him,REVIEW,flight-model reference found; internal Buttons entry not yet verified | no usable cockpitClass declaration found; treat as AI-only until runtime proof
347,Fw-189A-2,air.FW_189A2,com/maddox/il2/objects/air/FW_189A2,,C:\Users\Alexis\DATA\Projets\GITHUB\IL2-1946-Open-Sturmovik\Files\A307BF7677E73978,loose,1697E5F879918A9A5CD2F8F374BC200C52192DFF202351ECDC419A3A03E17C2F,47,com/maddox/il2/objects/air/Scheme3,True,FlightModels/Fw-189A-2.fmd,com/maddox/il2/objects/air/FW_189A2,reference-only-buttons-not-extracted,com/maddox/il2/objects/air/CockpitFw189 | com/maddox/il2/objects/air/CockpitFw189_RGunner,com/maddox/il2/objects/air/FW_189A2,,player-capable-static,3do/plane/Fw-189A-2/hier.him,REVIEW,flight-model reference found; internal Buttons entry not yet verified
348,Fw-190A-2,air.FW_190A2,com/maddox/il2/objects/air/FW_190A2,,C:\Users\Alexis\DATA\Projets\GITHUB\IL2-1946-Open-Sturmovik\Files\6D49D774E4A86340,loose,8ED66AEF31714C56D99F0F543FAAFA54D64130C4240146850BE6906D3FE597E4,47,com/maddox/il2/objects/air/FW_190NEW,True,FlightModels/Fw-190A-2.fmd,com/maddox/il2/objects/air/FW_190A2,reference-only-buttons-not-extracted,com/maddox/il2/objects/air/CockpitFW_190A1,com/maddox/il2/objects/air/FW_190A2,,player-capable-static,3DO/Plane/Fw-190A-3(Beta)/hier.him,REVIEW,flight-model reference found; internal Buttons entry not yet verified
349,Fw-190A-3,air.FW_190A3,com/maddox/il2/objects/air/FW_190A3,,C:\Users\Alexis\DATA\Projets\GITHUB\IL2-1946-Open-Sturmovik\Files\9320C3E20BE97452,loose,E7BE9DBFAFEDFE18319E1D794E09369B488C2DB98A807BA62532A4D65385D802,47,com/maddox/il2/objects/air/FW_190NEW,True,FlightModels/Fw-190A-3.fmd,com/maddox/il2/objects/air/FW_190A3,reference-only-buttons-not-extracted,com/maddox/il2/objects/air/CockpitFW_190A1,com/maddox/il2/objects/air/FW_190A3,,player-capable-static,3DO/Plane/Fw-190A-3(Beta)/hier.him,REVIEW,flight-model reference found; internal Buttons entry not yet verified
350,Fw-190A-4,air.FW_190A4,com/maddox/il2/objects/air/FW_190A4,,C:\Users\Alexis\DATA\Projets\GITHUB\IL2-1946-Open-Sturmovik\WIP\labs\IL 2 Sturmovik 1946 Selector Dump\dump\com\maddox\il2\objects\air\FW_190A4.class,selector-dump,E9F62C3F66214C3161B66BA8AEFD2CF41E49A7EF56C868614A2B3AEAE127B79E,47,com/maddox/il2/objects/air/FW_190,True,FlightModels/Fw-190A-4.fmd,com/maddox/il2/objects/air/FW_190A4,reference-only-buttons-not-extracted,com/maddox/il2/objects/air/CockpitFW_190A4,com/maddox/il2/objects/air/FW_190A4,,player-capable-static,3DO/Plane/Fw-190A-4(Beta)/hier.him,REVIEW,flight-model reference found; internal Buttons entry not yet verified
351,Fw-190A-5,air.FW_190A5,com/maddox/il2/objects/air/FW_190A5,,C:\Users\Alexis\DATA\Projets\GITHUB\IL2-1946-Open-Sturmovik\WIP\labs\IL 2 Sturmovik 1946 Selector Dump\dump\com\maddox\il2\objects\air\FW_190A5.class,selector-dump,54376FD11EFBD6AC9FB464AE8DA7FB179F4CBF543132AC229D54371108B5C9B4,47,com/maddox/il2/objects/air/FW_190,True,FlightModels/Fw-190A-5.fmd,com/maddox/il2/objects/air/FW_190A5,reference-only-buttons-not-extracted,com/maddox/il2/objects/air/CockpitFW_190A5,com/maddox/il2/objects/air/FW_190A5,,player-capable-static,3DO/Plane/Fw-190A-5(Beta)/hier.him,REVIEW,flight-model reference found; internal Buttons entry not yet verified
352,Fw-190A-5165ATA,air.FW_190A5165ATA,com/maddox/il2/objects/air/FW_190A5165ATA,NOINFO,C:\Users\Alexis\DATA\Projets\GITHUB\IL2-1946-Open-Sturmovik\WIP\labs\IL 2 Sturmovik 1946 Selector Dump\dump\com\maddox\il2\objects\air\FW_190A5165ATA.class,selector-dump,E1FB2CE02301627A3EF4C389928378F896049A40ADCEB4A9EA3D4B60CE44ED81,47,com/maddox/il2/objects/air/FW_190,True,FlightModels/Fw-190A-5-165.fmd,com/maddox/il2/objects/air/FW_190A5165ATA,reference-only-buttons-not-extracted,com/maddox/il2/objects/air/CockpitFW_190A5,com/maddox/il2/objects/air/FW_190A5165ATA,,player-capable-static,3DO/Plane/Fw-190A-5(Beta)/hier.him,REVIEW,flight-model reference found; internal Buttons entry not yet verified
353,Fw-190A-5U14,air.FW_190A5U14,com/maddox/il2/objects/air/FW_190A5U14,NOINFO,C:\Users\Alexis\DATA\Projets\GITHUB\IL2-1946-Open-Sturmovik\Files\A3B4DE0AF90EA71E,loose,C8F99B52ED2BCD0DED0C055AD59997266D8D3D7D8DBCB8D54E37620CC429C472,47,com/maddox/il2/objects/air/FW_190A5,True,FlightModels/Fw-190A-5.fmd,com/maddox/il2/objects/air/FW_190A5U14,reference-only-buttons-not-extracted,com/maddox/il2/objects/air/CockpitFW_190A5,com/maddox/il2/objects/air/FW_190A5U14,,player-capable-static,3DO/Plane/Fw-190A-5(Beta)/hier.him,REVIEW,flight-model reference found; internal Buttons entry not yet verified
354,Fw-190A-6,air.FW_190A6,com/maddox/il2/objects/air/FW_190A6,NOINFO,C:\Users\Alexis\DATA\Projets\GITHUB\IL2-1946-Open-Sturmovik\WIP\labs\IL 2 Sturmovik 1946 Selector Dump\dump\com\maddox\il2\objects\air\FW_190A6.class,selector-dump,0F37D228CA0786E06F846A64083128C339781447F24363C5DD6F27A0BECD94FF,47,com/maddox/il2/objects/air/FW_190,True,FlightModels/Fw-190A-5.fmd,com/maddox/il2/objects/air/FW_190A6,reference-only-buttons-not-extracted,com/maddox/il2/objects/air/CockpitFW_190A5,com/maddox/il2/objects/air/FW_190A6,,player-capable-static,3DO/Plane/Fw-190A-6(Beta)/hier.him,REVIEW,flight-model reference found; internal Buttons entry not yet verified
355,Fw-190A-7,air.FW_190A7,com/maddox/il2/objects/air/FW_190A7,NOINFO,C:\Users\Alexis\DATA\Projets\GITHUB\IL2-1946-Open-Sturmovik\Files\807535DC8B9BA5CE,loose,BD32FB4034E927E1883958FE797F886868A8A48B4154CCCC5F448073E6607C12,47,com/maddox/il2/objects/air/FW_190NEW,True,FlightModels/Fw-190A-7sturm.fmd,com/maddox/il2/objects/air/FW_190A7,reference-only-buttons-not-extracted,com/maddox/il2/objects/air/CockpitFW_190A8,com/maddox/il2/objects/air/FW_190A7,,player-capable-static,3DO/Plane/Fw-190A-7/hier.him,REVIEW,flight-model reference found; internal Buttons entry not yet verified
356,Fw-190A-7STURM,air.FW_190A7STURM,com/maddox/il2/objects/air/FW_190A7STURM,NOINFO,C:\Users\Alexis\DATA\Projets\GITHUB\IL2-1946-Open-Sturmovik\Files\36B7BC0A2135691C,loose,C7690D235525F343E64DF654AF9BCA970451501120990BC9B0AED19D290063CD,47,com/maddox/il2/objects/air/FW_190NEW,True,FlightModels/Fw-190A-7sturm.fmd,com/maddox/il2/objects/air/FW_190A7STURM,reference-only-buttons-not-extracted,com/maddox/il2/objects/air/CockpitFW_190A8,com/maddox/il2/objects/air/FW_190A7STURM,,player-capable-static,3DO/Plane/Fw-190A-7/hier.him,REVIEW,flight-model reference found; internal Buttons entry not yet verified
357,Fw-190A-8,air.FW_190A8,com/maddox/il2/objects/air/FW_190A8,,C:\Users\Alexis\DATA\Projets\GITHUB\IL2-1946-Open-Sturmovik\WIP\labs\IL 2 Sturmovik 1946 Selector Dump\dump\com\maddox\il2\objects\air\FW_190A8.class,selector-dump,24DE6A455ED91D44085D7038A3AE3BBC669F43A1E17028CDB79F20E87EECB47B,47,com/maddox/il2/objects/air/FW_190,True,FlightModels/Fw-190A-8.fmd,com/maddox/il2/objects/air/FW_190A8,reference-only-buttons-not-extracted,com/maddox/il2/objects/air/CockpitFW_190A8,com/maddox/il2/objects/air/FW_190A8,,player-capable-static,3do/plane/Fw-190A-8(Beta)/hier.him,REVIEW,flight-model reference found; internal Buttons entry not yet verified
358,Fw-190A-8Mistel,air.FW_190A8MSTL,com/maddox/il2/objects/air/FW_190A8MSTL,NOQUICK | NOINFO,C:\Users\Alexis\DATA\Projets\GITHUB\IL2-1946-Open-Sturmovik\WIP\labs\IL 2 Sturmovik 1946 Selector Dump\dump\com\maddox\il2\objects\air\FW_190A8MSTL.class,selector-dump,F9943EEB963B03C462BA64F3E423BDBE2975EF6EA333100F44172DBECA63891F,47,com/maddox/il2/objects/air/FW_190,True,FlightModels/Fw-190A-8.fmd,com/maddox/il2/objects/air/FW_190A8MSTL,reference-only-buttons-not-extracted,com/maddox/il2/objects/air/CockpitFW_190F8MSTL,com/maddox/il2/objects/air/FW_190A8MSTL,,player-capable-static,3DO/Plane/Fw-190A-8(Beta)/hier.him,REVIEW,flight-model reference found; internal Buttons entry not yet verified
359,Fw-190A-9,air.FW_190A9,com/maddox/il2/objects/air/FW_190A9,,C:\Users\Alexis\DATA\Projets\GITHUB\IL2-1946-Open-Sturmovik\WIP\labs\IL 2 Sturmovik 1946 Selector Dump\dump\com\maddox\il2\objects\air\FW_190A9.class,selector-dump,36CBB37ABC5741FD05E4E7A4931D793BA3EF9447C8AE6582989104EEAF950C82,47,com/maddox/il2/objects/air/FW_190,True,FlightModels/Fw-190A-9.fmd,com/maddox/il2/objects/air/FW_190A9,reference-only-buttons-not-extracted,com/maddox/il2/objects/air/CockpitFW_190A8,com/maddox/il2/objects/air/FW_190A9,,player-capable-static,3DO/Plane/Fw-190A-9(Beta)/hier.him,REVIEW,flight-model reference found; internal Buttons entry not yet verified
360,Fw-190D-11,air.FW_190D11,com/maddox/il2/objects/air/FW_190D11,NOINFO,C:\Users\Alexis\DATA\Projets\GITHUB\IL2-1946-Open-Sturmovik\Files\095F14ECEC638A5C,loose,86907C91B467BDF03A85002A5E71522D9AC789E9E7F450E5161789F5FE2CB577,47,com/maddox/il2/objects/air/FW_190,True,FlightModels/Fw-190D-11.fmd,com/maddox/il2/objects/air/FW_190D11,reference-only-buttons-not-extracted,com/maddox/il2/objects/air/CockpitFW_190D11,com/maddox/il2/objects/air/FW_190D11,,player-capable-static,3DO/Plane/Fw-190D-11(Beta)/hier.him,REVIEW,flight-model reference found; internal Buttons entry not yet verified
361,Fw-190D-13,air.FW_190D13,com/maddox/il2/objects/air/FW_190D13,NOINFO,C:\Users\Alexis\DATA\Projets\GITHUB\IL2-1946-Open-Sturmovik\Files\9B409CA42AAC29D6,loose,2121FFDBF1D25748E3985B67F3DBE14CE6BD8A86646BA6BE83510A83C49578AC,47,com/maddox/il2/objects/air/FW_190,True,FlightModels/Fw-190D-13.fmd,com/maddox/il2/objects/air/FW_190D13,reference-only-buttons-not-extracted,com/maddox/il2/objects/air/CockpitFW_190D11,com/maddox/il2/objects/air/FW_190D13,,player-capable-static,3DO/Plane/Fw-190D-13(Beta)/hier.him,REVIEW,flight-model reference found; internal Buttons entry not yet verified
362,Fw-190D-9,air.FW_190D9,com/maddox/il2/objects/air/FW_190D9,,C:\Users\Alexis\DATA\Projets\GITHUB\IL2-1946-Open-Sturmovik\WIP\labs\IL 2 Sturmovik 1946 Selector Dump\dump\com\maddox\il2\objects\air\FW_190D9.class,selector-dump,9F786E0557A99D00D78709761A8446780E621E4C454052E8E1B953A650CA4EFA,47,com/maddox/il2/objects/air/FW_190,True,FlightModels/Fw-190D-9.fmd,com/maddox/il2/objects/air/FW_190D9,reference-only-buttons-not-extracted,com/maddox/il2/objects/air/CockpitFW_190D9,com/maddox/il2/objects/air/FW_190D9,,player-capable-static,3DO/Plane/Fw-190D-9(Beta)/hier.him,REVIEW,flight-model reference found; internal Buttons entry not yet verified
363,Fw-190D-9_DZZMod,air.FW_190D9_DZZ,com/maddox/il2/objects/air/FW_190D9_DZZ,NOINFO,C:\Users\Alexis\DATA\Projets\GITHUB\IL2-1946-Open-Sturmovik\Files\BEA0C4C87C92AD4C,loose,E29DDE73845B9F082CC4D875B5E3BCAD330758822F5A4A9CF36BB7EA687FFA97,47,com/maddox/il2/objects/air/FW_190,True,FlightModels/Fw-190D-9.fmd,com/maddox/il2/objects/air/FW_190D9_DZZ,reference-only-buttons-not-extracted,com/maddox/il2/objects/air/CockpitFW_190D9,com/maddox/il2/objects/air/FW_190D9_DZZ,,player-capable-static,,REVIEW,flight-model reference found; internal Buttons entry not yet verified
364,Fw-190D-9_Late,air.FW_190D9LATE,com/maddox/il2/objects/air/FW_190D9LATE,NOINFO,C:\Users\Alexis\DATA\Projets\GITHUB\IL2-1946-Open-Sturmovik\Files\18AC653CD5EC83EA,loose,408DBF0123BE621B8B5D013CB07B013AC9B16B1332A60B722EF7B15FAAB1FE11,47,com/maddox/il2/objects/air/FW_190,True,FlightModels/Fw-190D-9Late.fmd,com/maddox/il2/objects/air/FW_190D9LATE,reference-only-buttons-not-extracted,com/maddox/il2/objects/air/CockpitFW_190D9LATE,com/maddox/il2/objects/air/FW_190D9LATE,,player-capable-static,3DO/Plane/Fw-190D-9(Beta)/hier.him,REVIEW,flight-model reference found; internal Buttons entry not yet verified
365,Fw-190D-9_Late_DZZMod,air.FW_190D9LATE_DZZ,com/maddox/il2/objects/air/FW_190D9LATE_DZZ,NOINFO,C:\Users\Alexis\DATA\Projets\GITHUB\IL2-1946-Open-Sturmovik\Files\CE88FBE022486968,loose,F8F319D4989D532CD2B9A264F22B9CF39F6EFF0F08EAE191BE1D06A3C63D8A02,47,com/maddox/il2/objects/air/FW_190,True,FlightModels/Fw-190D-9Late.fmd,com/maddox/il2/objects/air/FW_190D9LATE_DZZ,reference-only-buttons-not-extracted,com/maddox/il2/objects/air/CockpitFW_190D9,com/maddox/il2/objects/air/FW_190D9LATE_DZZ,,player-capable-static,,REVIEW,flight-model reference found; internal Buttons entry not yet verified
366,Fw-190F-8,air.FW_190F8,com/maddox/il2/objects/air/FW_190F8,,C:\Users\Alexis\DATA\Projets\GITHUB\IL2-1946-Open-Sturmovik\WIP\labs\IL 2 Sturmovik 1946 Selector Dump\dump\com\maddox\il2\objects\air\FW_190F8.class,selector-dump,5CA791906476DCCB41973DA35E1F8E93E1292EC1A02D2BFDA9FABB9B2565A0E3,47,com/maddox/il2/objects/air/FW_190,True,FlightModels/Fw-190F-8.fmd,com/maddox/il2/objects/air/FW_190F8,reference-only-buttons-not-extracted,com/maddox/il2/objects/air/CockpitFW_190F8,com/maddox/il2/objects/air/FW_190F8,,player-capable-static,3DO/Plane/Fw-190F-8(Beta)/hier.him,REVIEW,flight-model reference found; internal Buttons entry not yet verified
367,Fw-190F-8_DZZMod,air.FW_190F8_DZZ,com/maddox/il2/objects/air/FW_190F8_DZZ,NOINFO,C:\Users\Alexis\DATA\Projets\GITHUB\IL2-1946-Open-Sturmovik\Files\26C3673E348146A8,loose,381285A88EA8F3537DF7697681CC77E03A7DE3E206B81CA8F6165D547E9D9CD2,47,com/maddox/il2/objects/air/FW_190,True,FlightModels/Fw-190F-8.fmd,com/maddox/il2/objects/air/FW_190F8_DZZ,reference-only-buttons-not-extracted,com/maddox/il2/objects/air/CockpitFW_190F8,com/maddox/il2/objects/air/FW_190F8_DZZ,,player-capable-static,,REVIEW,flight-model reference found; internal Buttons entry not yet verified
368,Fw-190F-8U1,air.FW_190F8U1,com/maddox/il2/objects/air/FW_190F8U1,,C:\Users\Alexis\DATA\Projets\GITHUB\IL2-1946-Open-Sturmovik\Files\4496D99629B38D14,loose,0D07C2824D84908DFE5918C7A07B3EE42BA2AE569B16B0BCD2F02323FBF71F05,47,com/maddox/il2/objects/air/FW_190,True,FlightModels/Fw-190F-8.fmd,com/maddox/il2/objects/air/FW_190F8U1,reference-only-buttons-not-extracted,com/maddox/il2/objects/air/CockpitFW_190F8,com/maddox/il2/objects/air/FW_190F8U1,,player-capable-static,3DO/Plane/Fw-190F-8U1(Beta)/hier.him,REVIEW,flight-model reference found; internal Buttons entry not yet verified
369,Fw-190G-8,air.FW_190G8,com/maddox/il2/objects/air/FW_190G8,,C:\Users\Alexis\DATA\Projets\GITHUB\IL2-1946-Open-Sturmovik\Files\3631A9ACF2A3FC4C,loose,BEAA3525D62CF140CB18DF30447256D80432114B7854A11AAD3555BD5E464F9F,45,com/maddox/il2/objects/air/FW_190,True,FlightModels/Fw-190F-8.fmd,com/maddox/il2/objects/air/FW_190G8,reference-only-buttons-not-extracted,com/maddox/il2/objects/air/CockpitFW_190F8,com/maddox/il2/objects/air/FW_190G8,,player-capable-static,3DO/Plane/Fw-190G-8/hier.him,REVIEW,flight-model reference found; internal Buttons entry not yet verified
370,FW-200C-3U4,air.FW_200C3U4,com/maddox/il2/objects/air/FW_200C3U4,,C:\Users\Alexis\DATA\Projets\GITHUB\IL2-1946-Open-Sturmovik\Files\384C8BCE90B062C0,loose,152FEA63CDD6AAE5C470C5EBDA9B1C06C8AD49A132F82A35AC8325378EF5DA1F,47,com/maddox/il2/objects/air/FW_200,True,FlightModels/FW-200C-3U4.fmd,com/maddox/il2/objects/air/FW_200C3U4,reference-only-buttons-not-extracted,com/maddox/il2/objects/air/CockpitFW200 | com/maddox/il2/objects/air/CockpitFW200_BGunner | com/maddox/il2/objects/air/CockpitFW200_Bombardier | com/maddox/il2/objects/air/CockpitFW200_FGunner | com/maddox/il2/objects/air/CockpitFW200_TGunner,com/maddox/il2/objects/air/FW_200C3U4,,player-capable-static,3DO/Plane/FW-200C-3U4/hier.him,REVIEW,flight-model reference found; internal Buttons entry not yet verified
371,Go-229A-1,air.GO_229A1,com/maddox/il2/objects/air/GO_229A1,,C:\Users\Alexis\DATA\Projets\GITHUB\IL2-1946-Open-Sturmovik\WIP\labs\IL 2 Sturmovik 1946 Selector Dump\dump\com\maddox\il2\objects\air\GO_229A1.class,selector-dump,F0A21600A070B16E12319C310D29D0BB31AB414C4B7A5E1C2DCA834F4E60C153,47,com/maddox/il2/objects/air/GO_229,True,FlightModels/Ho-229.fmd,com/maddox/il2/objects/air/GO_229A1,reference-only-buttons-not-extracted,com/maddox/il2/objects/air/CockpitGO_229,com/maddox/il2/objects/air/GO_229A1,,player-capable-static,3DO/Plane/Go-229A-1/hier.him,REVIEW,flight-model reference found; internal Buttons entry not yet verified
372,Do-335V-13,air.DO_335V13,com/maddox/il2/objects/air/DO_335V13,NOINFO,C:\Users\Alexis\DATA\Projets\GITHUB\IL2-1946-Open-Sturmovik\WIP\labs\IL 2 Sturmovik 1946 Selector Dump\dump\com\maddox\il2\objects\air\DO_335V13.class,selector-dump,6591D855501C99315921AFA2E1C0E4AE6532785B6BC23B83B9372A0097050F64,47,com/maddox/il2/objects/air/DO_335,True,FlightModels/Do-335V-13.fmd,com/maddox/il2/objects/air/DO_335V13,reference-only-buttons-not-extracted,com/maddox/il2/objects/air/CockpitDO_335V13,com/maddox/il2/objects/air/DO_335V13,,player-capable-static,3DO/Plane/Do-335V-13/hier.him,REVIEW,flight-model reference found; internal Buttons entry not yet verified
373,He-111H-16,air.HE_111H16,com/maddox/il2/objects/air/HE_111H16,,C:\Users\Alexis\DATA\Projets\GITHUB\IL2-1946-Open-Sturmovik\Files\B12193F87FD67DDC,loose,357D85690106C2D70855E64029A09B85F03E54AEAA8351F29D08438184BE96AF,47,com/maddox/il2/objects/air/HE_111,True,FlightModels/He-111H-16.fmd,com/maddox/il2/objects/air/HE_111H16,reference-only-buttons-not-extracted,com/maddox/il2/objects/air/CockpitHE_111H16_BGunner | com/maddox/il2/objects/air/CockpitHE_111H16_Bombardier | com/maddox/il2/objects/air/CockpitHE_111H16_LGunner | com/maddox/il2/objects/air/CockpitHE_111H16_NGunner | com/maddox/il2/objects/air/CockpitHE_111H16_RGunner | com/maddox/il2/objects/air/CockpitHE_111H16_TGunner | com/maddox/il2/objects/air/CockpitHE_111H6,com/maddox/il2/objects/air/HE_111H16,,player-capable-static,3do/plane/He-111H-16/hier.him,REVIEW,flight-model reference found; internal Buttons entry not yet verified
374,He-111H-2,air.HE_111H2,com/maddox/il2/objects/air/HE_111H2,,C:\Users\Alexis\DATA\Projets\GITHUB\IL2-1946-Open-Sturmovik\WIP\labs\IL 2 Sturmovik 1946 Selector Dump\dump\com\maddox\il2\objects\air\HE_111H2.class,selector-dump,66D2A0346E9C3DF352DD665E5C615FDDE26419662084199F9B83DC7709CDF104,47,com/maddox/il2/objects/air/HE_111,True,FlightModels/He-111H-2.fmd,com/maddox/il2/objects/air/HE_111H2,reference-only-buttons-not-extracted,com/maddox/il2/objects/air/CockpitHE_111H2 | com/maddox/il2/objects/air/CockpitHE_111H2_BGunner | com/maddox/il2/objects/air/CockpitHE_111H2_Bombardier | com/maddox/il2/objects/air/CockpitHE_111H2_LGunner | com/maddox/il2/objects/air/CockpitHE_111H2_NGunner | com/maddox/il2/objects/air/CockpitHE_111H2_RGunner | com/maddox/il2/objects/air/CockpitHE_111H2_TGunner,com/maddox/il2/objects/air/HE_111H2,,player-capable-static,3do/plane/He-111H-2/hier.him,REVIEW,flight-model reference found; internal Buttons entry not yet verified
375,He-111H-2N,air.HE_111H2N,com/maddox/il2/objects/air/HE_111H2N,NOINFO,C:\Users\Alexis\DATA\Projets\GITHUB\IL2-1946-Open-Sturmovik\Files\51071E8209DDBD52,loose,D444403824C158D9A1C828EF2F36750C634B6FA8E9C0EFBC7406F67FD19ECA1F,47,com/maddox/il2/objects/air/HE_111,True,FlightModels/He-111H-2.fmd,com/maddox/il2/objects/air/HE_111H2N,reference-only-buttons-not-extracted,com/maddox/il2/objects/air/CockpitHE_111H2 | com/maddox/il2/objects/air/CockpitHE_111H2_BGunner | com/maddox/il2/objects/air/CockpitHE_111H2_Bombardier | com/maddox/il2/objects/air/CockpitHE_111H2_LGunner | com/maddox/il2/objects/air/CockpitHE_111H2_NGunner | com/maddox/il2/objects/air/CockpitHE_111H2_RGunner | com/maddox/il2/objects/air/CockpitHE_111H2_TGunner,com/maddox/il2/objects/air/HE_111H2N,,player-capable-static,3do/plane/He-111H-2/hier.him,REVIEW,flight-model reference found; internal Buttons entry not yet verified
376,He-111H-6,air.HE_111H6,com/maddox/il2/objects/air/HE_111H6,,C:\Users\Alexis\DATA\Projets\GITHUB\IL2-1946-Open-Sturmovik\WIP\labs\IL 2 Sturmovik 1946 Selector Dump\dump\com\maddox\il2\objects\air\HE_111H6.class,selector-dump,CD52232EBBECD61DB97D836410959864879E2A8EFB4B8006B29EC31C21AFC63F,47,com/maddox/il2/objects/air/HE_111,True,FlightModels/He-111H-6.fmd,com/maddox/il2/objects/air/HE_111H6,reference-only-buttons-not-extracted,com/maddox/il2/objects/air/CockpitHE_111H2_BGunner | com/maddox/il2/objects/air/CockpitHE_111H2_LGunner | com/maddox/il2/objects/air/CockpitHE_111H2_RGunner | com/maddox/il2/objects/air/CockpitHE_111H2_TGunner | com/maddox/il2/objects/air/CockpitHE_111H6 | com/maddox/il2/objects/air/CockpitHE_111H6_Bombardier | com/maddox/il2/objects/air/CockpitHE_111H6_NGunner,com/maddox/il2/objects/air/HE_111H6,,player-capable-static,3do/plane/He-111H-6/hier.him,REVIEW,flight-model reference found; internal Buttons entry not yet verified
377,He-111H-21,air.HE_111H21,com/maddox/il2/objects/air/HE_111H21,,C:\Users\Alexis\DATA\Projets\GITHUB\IL2-1946-Open-Sturmovik\Files\6a0dfc4cf74bad80,loose,EA5804ECF2CF9AA919C05ED131E2EDA428D9F75CFC3AF99411A1A6D8FA3AFFAD,47,com/maddox/il2/objects/air/HE_111,True,FlightModels/He-111H-21.fmd,com/maddox/il2/objects/air/HE_111H21,reference-only-buttons-not-extracted,com/maddox/il2/objects/air/CockpitHE_111H2_BGunner | com/maddox/il2/objects/air/CockpitHE_111H2_LGunner | com/maddox/il2/objects/air/CockpitHE_111H2_RGunner | com/maddox/il2/objects/air/CockpitHE_111H2_TGunner | com/maddox/il2/objects/air/CockpitHE_111H6 | com/maddox/il2/objects/air/CockpitHE_111H6_Bombardier | com/maddox/il2/objects/air/CockpitHE_111H6_NGunner,com/maddox/il2/objects/air/HE_111H21,,player-capable-static,3do/plane/He-111H-6/hier.him,REVIEW,flight-model reference found; internal Buttons entry not yet verified
378,He-111Z,air.HE_111Z,com/maddox/il2/objects/air/HE_111Z,,C:\Users\Alexis\DATA\Projets\GITHUB\IL2-1946-Open-Sturmovik\WIP\labs\IL 2 Sturmovik 1946 Selector Dump\dump\com\maddox\il2\objects\air\HE_111Z.class,selector-dump,E13CD0D54BE15BF5EC4BEEF7288848F650497E78BAC7DC1FCF6D7282D11A805E,47,com/maddox/il2/objects/air/Scheme5,True,FlightModels/He-111Z.fmd,com/maddox/il2/objects/air/HE_111Z,reference-only-buttons-not-extracted,,,,probable-ai-only,3DO/Plane/He-111Z/hier.him,REVIEW,flight-model reference found; internal Buttons entry not yet verified | no usable cockpitClass declaration found; treat as AI-only until runtime proof
379,He-162A-2,air.HE_162A2,com/maddox/il2/objects/air/HE_162A2,,C:\Users\Alexis\DATA\Projets\GITHUB\IL2-1946-Open-Sturmovik\WIP\labs\IL 2 Sturmovik 1946 Selector Dump\dump\com\maddox\il2\objects\air\HE_162A2.class,selector-dump,B895E5062BCF6BD302703E484B151FDF1EC7B9CC3DE398E59BA2AD82C3010F5F,47,com/maddox/il2/objects/air/HE_162,True,FlightModels/He-162A-2.fmd,com/maddox/il2/objects/air/HE_162A2,reference-only-buttons-not-extracted,com/maddox/il2/objects/air/CockpitHE_162A2,com/maddox/il2/objects/air/HE_162A2,,player-capable-static,3DO/Plane/He-162A-2/hier.him,REVIEW,flight-model reference found; internal Buttons entry not yet verified
380,He-162B,air.HE_162B,com/maddox/il2/objects/air/HE_162B,NOINFO,C:\Users\Alexis\DATA\Projets\GITHUB\IL2-1946-Open-Sturmovik\WIP\labs\IL 2 Sturmovik 1946 Selector Dump\dump\com\maddox\il2\objects\air\HE_162B.class,selector-dump,6B15F76A6EDAF5D4038B198AC73B762B4887391F7226F35EAE16A624DDFEF782,47,com/maddox/il2/objects/air/HE_162,True,FlightModels/He-162B.fmd,com/maddox/il2/objects/air/HE_162B,reference-only-buttons-not-extracted,com/maddox/il2/objects/air/CockpitHE_162A2,com/maddox/il2/objects/air/HE_162B,,player-capable-static,3DO/Plane/He-162B/hier.him,REVIEW,flight-model reference found; internal Buttons entry not yet verified
381,He-162C,air.HE_162C,com/maddox/il2/objects/air/HE_162C,,C:\Users\Alexis\DATA\Projets\GITHUB\IL2-1946-Open-Sturmovik\WIP\labs\IL 2 Sturmovik 1946 Selector Dump\dump\com\maddox\il2\objects\air\HE_162C.class,selector-dump,4145010D8016C95B1994C8FE06D9AEE1A3794464E1E838E59F125603AC05C9A1,47,com/maddox/il2/objects/air/HE_162,True,FlightModels/He-162C.fmd,com/maddox/il2/objects/air/HE_162C,reference-only-buttons-not-extracted,com/maddox/il2/objects/air/CockpitHE_162C,com/maddox/il2/objects/air/HE_162C,,player-capable-static,3DO/Plane/He-162C/hier.him,REVIEW,flight-model reference found; internal Buttons entry not yet verified
382,He-L-IIIB2,air.HE_LERCHE3,com/maddox/il2/objects/air/HE_LERCHE3,NOINFO,C:\Users\Alexis\DATA\Projets\GITHUB\IL2-1946-Open-Sturmovik\WIP\labs\IL 2 Sturmovik 1946 Selector Dump\dump\com\maddox\il2\objects\air\HE_LERCHE3.class,selector-dump,CEDDA74950B964F18A0F6B9001A52B2DEF4293DC7EF3D6B47E27B5C92A4382E0,47,com/maddox/il2/objects/air/Scheme2,True,FlightModels/He-LercheIIIB2.fmd,com/maddox/il2/objects/air/HE_LERCHE3,reference-only-buttons-not-extracted,com/maddox/il2/objects/air/CockpitHE_LIIIB,com/maddox/il2/objects/air/HE_LERCHE3,,player-capable-static,3DO/Plane/He-LercheIIIb(Multi1)/hier.him,REVIEW,flight-model reference found; internal Buttons entry not yet verified
383,Hs-123,air.HS123,com/maddox/il2/objects/air/HS123,,C:\Users\Alexis\DATA\Projets\GITHUB\IL2-1946-Open-Sturmovik\Files\56BE429C6651D836,loose,0620941C120EDF42C6965CB3E7B1779A11CBF36C5E1B3F462CD2CA88E058AC6F,47,com/maddox/il2/objects/air/Scheme1,True,FlightModels/HS123.fmd,com/maddox/il2/objects/air/HS123,reference-only-buttons-not-extracted,com/maddox/il2/objects/air/CockpitHS123,com/maddox/il2/objects/air/HS123,,player-capable-static,3DO/Plane/Hs123/hier.him,REVIEW,flight-model reference found; internal Buttons entry not yet verified
384,Hs-129B-2,air.HS_129B2,com/maddox/il2/objects/air/HS_129B2,,C:\Users\Alexis\DATA\Projets\GITHUB\IL2-1946-Open-Sturmovik\Files\E3055A9C7FBADDA4,loose,AB35BC9D75D081379772388473EC8408C212A94E523EAD7DB191C327D437478A,47,com/maddox/il2/objects/air/HS_129,True,FlightModels/Hs-129B-2.fmd,com/maddox/il2/objects/air/HS_129B2,reference-only-buttons-not-extracted,com/maddox/il2/objects/air/CockpitHS129,com/maddox/il2/objects/air/HS_129B2,,player-capable-static,3do/plane/Hs-129B-2/hier.him,REVIEW,flight-model reference found; internal Buttons entry not yet verified
385,Hs-129B-3/Wa,air.HS_129B3Wa,com/maddox/il2/objects/air/HS_129B3Wa,,C:\Users\Alexis\DATA\Projets\GITHUB\IL2-1946-Open-Sturmovik\Files\E24DEA9C14468A4E,loose,4948E314CC2B0A71E106402DE360A1885F7C9D7DF4A1BA9FD03096E19AC9335E,47,com/maddox/il2/objects/air/HS_129,True,FlightModels/Hs-129B-2.fmd,com/maddox/il2/objects/air/HS_129B3Wa,reference-only-buttons-not-extracted,com/maddox/il2/objects/air/CockpitHS129,com/maddox/il2/objects/air/HS_129B3Wa,,player-capable-static,3do/plane/Hs-129B-3Wa/hier.him,REVIEW,flight-model reference found; internal Buttons entry not yet verified
386,J8A,air.GLADIATOR1J8A,com/maddox/il2/objects/air/GLADIATOR1J8A,NOINFO,C:\Users\Alexis\DATA\Projets\GITHUB\IL2-1946-Open-Sturmovik\WIP\labs\IL 2 Sturmovik 1946 Selector Dump\dump\com\maddox\il2\objects\air\GLADIATOR1J8A.class,selector-dump,770AF6A1ED46246E47D99BE323B9544717E74D8E6A20F681461494C76C0D0C02,47,com/maddox/il2/objects/air/GLADIATOR,True,FlightModels/GladiatorMkI.fmd,com/maddox/il2/objects/air/GLADIATOR1J8A,reference-only-buttons-not-extracted,com/maddox/il2/objects/air/CockpitJ8A,com/maddox/il2/objects/air/GLADIATOR1J8A,,player-capable-static,3DO/Plane/GladiatorJ8A(Multi1)/hier.him,REVIEW,flight-model reference found; internal Buttons entry not yet verified
387,Ju-52/3mg4e,air.JU_52_3MG4E,com/maddox/il2/objects/air/JU_52_3MG4E,,C:\Users\Alexis\DATA\Projets\GITHUB\IL2-1946-Open-Sturmovik\Files\433CE93EE0231BBE,loose,5D1361A9E4511C91B06F7A11CAC2A4D1754745300DEB8AB63330ADD90C816539,47,com/maddox/il2/objects/air/JU_52,True,FlightModels/Ju-52_3mg4e.fmd,com/maddox/il2/objects/air/JU_52_3MG4E,reference-only-buttons-not-extracted,com/maddox/il2/objects/air/CockpitJU524E | com/maddox/il2/objects/air/CockpitJU525E_GunnerOpen,com/maddox/il2/objects/air/JU_52_3MG4E,,player-capable-static,3do/plane/Ju-52_3mg4e/hier.him,REVIEW,flight-model reference found; internal Buttons entry not yet verified
388,Ju-52/3mg5e,air.JU_52_3MG5E,com/maddox/il2/objects/air/JU_52_3MG5E,NOINFO,C:\Users\Alexis\DATA\Projets\GITHUB\IL2-1946-Open-Sturmovik\Files\3D9648486348F4B6,loose,B0B60C0321FD9A313B978DDBAE64F5C8CAE04A895F7088E36EEE9374B865B74D,47,com/maddox/il2/objects/air/JU_52,True,FlightModels/Ju-52_3mg5e.fmd,com/maddox/il2/objects/air/JU_52_3MG5E,reference-only-buttons-not-extracted,com/maddox/il2/objects/air/CockpitJU525E | com/maddox/il2/objects/air/CockpitJU525E_GunnerOpen,com/maddox/il2/objects/air/JU_52_3MG5E,,player-capable-static,3do/plane/Ju-52_3mg5e/hier.him,REVIEW,flight-model reference found; internal Buttons entry not yet verified
389,Ju-87B-2,air.JU_87B2,com/maddox/il2/objects/air/JU_87B2,,C:\Users\Alexis\DATA\Projets\GITHUB\IL2-1946-Open-Sturmovik\WIP\labs\IL 2 Sturmovik 1946 Selector Dump\dump\com\maddox\il2\objects\air\JU_87B2.class,selector-dump,DB11AEAC154174D0A56C4F5A8BC77FC95CF1C8741A824C6579C909D6CDC2829E,47,com/maddox/il2/objects/air/JU_87,True,FlightModels/Ju-87B-2.fmd,com/maddox/il2/objects/air/JU_87B2,reference-only-buttons-not-extracted,com/maddox/il2/objects/air/CockpitJU_87B2 | com/maddox/il2/objects/air/CockpitJU_87B2_Gunner,com/maddox/il2/objects/air/JU_87B2,,player-capable-static,3do/plane/Ju-87B-2/hier.him,REVIEW,flight-model reference found; internal Buttons entry not yet verified
390,Ju-87D-3,air.JU_87D3,com/maddox/il2/objects/air/JU_87D3,,C:\Users\Alexis\DATA\Projets\GITHUB\IL2-1946-Open-Sturmovik\WIP\labs\IL 2 Sturmovik 1946 Selector Dump\dump\com\maddox\il2\objects\air\JU_87D3.class,selector-dump,C36841000627637E92C802B1DEEE1996AA3F201497570005173E7F8185F8E07D,47,com/maddox/il2/objects/air/JU_87,True,FlightModels/Ju-87D-3.fmd,com/maddox/il2/objects/air/JU_87D3,reference-only-buttons-not-extracted,com/maddox/il2/objects/air/CockpitJU_87D3 | com/maddox/il2/objects/air/CockpitJU_87D3_Gunner,com/maddox/il2/objects/air/JU_87D3,,player-capable-static,3do/plane/Ju-87D-3/hier.him,REVIEW,flight-model reference found; internal Buttons entry not yet verified
391,Ju-87D-5,air.JU_87D5,com/maddox/il2/objects/air/JU_87D5,NOINFO,C:\Users\Alexis\DATA\Projets\GITHUB\IL2-1946-Open-Sturmovik\WIP\labs\IL 2 Sturmovik 1946 Selector Dump\dump\com\maddox\il2\objects\air\JU_87D5.class,selector-dump,4139EE7368922EAEC90FBEF68BE38FFA2A42C46E32374C6A31AA39BC9EC219E9,47,com/maddox/il2/objects/air/JU_87,True,FlightModels/Ju-87D-5.fmd,com/maddox/il2/objects/air/JU_87D5,reference-only-buttons-not-extracted,com/maddox/il2/objects/air/CockpitJU_87D3_Gunner | com/maddox/il2/objects/air/CockpitJU_87D5,com/maddox/il2/objects/air/JU_87D5,,player-capable-static,3DO/Plane/Ju-87D-5/hier.him,REVIEW,flight-model reference found; internal Buttons entry not yet verified
392,Ju-87G-1,air.JU_87G1,com/maddox/il2/objects/air/JU_87G1,,C:\Users\Alexis\DATA\Projets\GITHUB\IL2-1946-Open-Sturmovik\WIP\labs\IL 2 Sturmovik 1946 Selector Dump\dump\com\maddox\il2\objects\air\JU_87G1.class,selector-dump,EA63CD7E6D35157EBB6DEBA1212C26432CEA3EC340BA90EC36A21BF392C4198D,47,com/maddox/il2/objects/air/JU_87,True,FlightModels/Ju-87G-1.fmd,com/maddox/il2/objects/air/JU_87G1,reference-only-buttons-not-extracted,com/maddox/il2/objects/air/CockpitJU_87D3 | com/maddox/il2/objects/air/CockpitJU_87G1_Gunner,com/maddox/il2/objects/air/JU_87G1,,player-capable-static,3do/plane/Ju-87G-1/hier.him,REVIEW,flight-model reference found; internal Buttons entry not yet verified
393,Ju-87R-2_DZZMod,air.JU_87R2_DZZ,com/maddox/il2/objects/air/JU_87R2_DZZ,NOINFO,C:\Users\Alexis\DATA\Projets\GITHUB\IL2-1946-Open-Sturmovik\Files\30D43F3EB2F124DC,loose,4F1571484A0F924F928B84ED5C63558778B66958415307E84A7B14D129E5A2A8,47,com/maddox/il2/objects/air/JU_87,True,FlightModels/Ju-87B-2.fmd,com/maddox/il2/objects/air/JU_87R2_DZZ,reference-only-buttons-not-extracted,com/maddox/il2/objects/air/CockpitJU_87B2 | com/maddox/il2/objects/air/CockpitJU_87B2_Gunner,com/maddox/il2/objects/air/JU_87R2_DZZ,,player-capable-static,3do/plane/Ju-87B-2/hier.him,REVIEW,flight-model reference found; internal Buttons entry not yet verified
394,Ju-88A-4,air.JU_88A4,com/maddox/il2/objects/air/JU_88A4,,C:\Users\Alexis\DATA\Projets\GITHUB\IL2-1946-Open-Sturmovik\WIP\labs\IL 2 Sturmovik 1946 Selector Dump\dump\com\maddox\il2\objects\air\JU_88A4.class,selector-dump,1B38FA997114EDE43767BC4BEBD61C978CD3005B28A3CE4E3CEBDB26702C1770,47,com/maddox/il2/objects/air/JU_88,True,FlightModels/Ju-88A-4.fmd,com/maddox/il2/objects/air/JU_88A4,reference-only-buttons-not-extracted,com/maddox/il2/objects/air/CockpitJU_88A4 | com/maddox/il2/objects/air/CockpitJU_88A4_BGunner | com/maddox/il2/objects/air/CockpitJU_88A4_Bombardier | com/maddox/il2/objects/air/CockpitJU_88A4_NGunner | com/maddox/il2/objects/air/CockpitJU_88A4_RGunner,com/maddox/il2/objects/air/JU_88A4,,player-capable-static,3DO/Plane/Ju-88A-4/hier.him,REVIEW,flight-model reference found; internal Buttons entry not yet verified
395,Ju-88Mistel,air.JU_88MSTL,com/maddox/il2/objects/air/JU_88MSTL,NOQUICK,C:\Users\Alexis\DATA\Projets\GITHUB\IL2-1946-Open-Sturmovik\WIP\labs\IL 2 Sturmovik 1946 Selector Dump\dump\com\maddox\il2\objects\air\JU_88MSTL.class,selector-dump,FD17A010A84371732783E3650E957E17E6EFFBCE128963AB9C6298CEC2025690,47,com/maddox/il2/objects/air/JU_88,True,FlightModels/Ju-88A-4Mistel.fmd,com/maddox/il2/objects/air/JU_88MSTL,reference-only-buttons-not-extracted,,,,probable-ai-only,3DO/Plane/Ju-88MSTL/hier.him,REVIEW,flight-model reference found; internal Buttons entry not yet verified | no usable cockpitClass declaration found; treat as AI-only until runtime proof
396,Ki-21-I,air.KI_21_I,com/maddox/il2/objects/air/KI_21_I,,C:\Users\Alexis\DATA\Projets\GITHUB\IL2-1946-Open-Sturmovik\Files\62FDC1542B2A45D8,loose,F3F89B663DFF7FD53812EB6E7BA2D694349EFB7C5DEA9973C908EBCAC1E5F1DA,47,com/maddox/il2/objects/air/KI_21,True,FlightModels/Ki-21-I.fmd,com/maddox/il2/objects/air/KI_21_I,reference-only-buttons-not-extracted,com/maddox/il2/objects/air/CockpitKI_21_I | com/maddox/il2/objects/air/CockpitKI_21_I_Bombardier | com/maddox/il2/objects/air/CockpitKI_21_I_NGunner | com/maddox/il2/objects/air/CockpitKI_21_I_TGunner,com/maddox/il2/objects/air/KI_21_I,,player-capable-static,3DO/Plane/Ki-21-I(Multi1)/hier.him | 3DO/Plane/Ki-21-I(ja)/hier.him,REVIEW,flight-model reference found; internal Buttons entry not yet verified
397,Ki-21-II,air.KI_21_II,com/maddox/il2/objects/air/KI_21_II,,C:\Users\Alexis\DATA\Projets\GITHUB\IL2-1946-Open-Sturmovik\Files\50920B1E7D65714A,loose,764EC5EC05380632CA761076D006CC83D85CF4FE8E18A81AD7A440E34935B58F,47,com/maddox/il2/objects/air/KI_21,True,FlightModels/Ki-21-II.fmd,com/maddox/il2/objects/air/KI_21_II,reference-only-buttons-not-extracted,com/maddox/il2/objects/air/CockpitKI_21_II | com/maddox/il2/objects/air/CockpitKI_21_II_BGunner | com/maddox/il2/objects/air/CockpitKI_21_II_Bombardier | com/maddox/il2/objects/air/CockpitKI_21_II_NGunner | com/maddox/il2/objects/air/CockpitKI_21_II_TGunner,com/maddox/il2/objects/air/KI_21_II,,player-capable-static,3DO/Plane/Ki-21-II(Multi1)/hier.him | 3DO/Plane/Ki-21-II(ja)/hier.him,REVIEW,flight-model reference found; internal Buttons entry not yet verified
398,Ki-27-Ko,air.KI_27_KO,com/maddox/il2/objects/air/KI_27_KO,,C:\Users\Alexis\DATA\Projets\GITHUB\IL2-1946-Open-Sturmovik\WIP\labs\IL 2 Sturmovik 1946 Selector Dump\dump\com\maddox\il2\objects\air\KI_27_KO.class,selector-dump,2031D5823F901E49F4894905429CA4582FBCDA1417C6D1879A0C0894CAC9AA51,47,com/maddox/il2/objects/air/KI_27,True,FlightModels/Ki-27.fmd,com/maddox/il2/objects/air/KI_27_KO,reference-only-buttons-not-extracted,com/maddox/il2/objects/air/CockpitKI_27KO,com/maddox/il2/objects/air/KI_27_KO,,player-capable-static,3DO/Plane/Ki-27(Ko)(Multi1)/hier.him | 3DO/Plane/Ki-27(Ko)(ja)/hier.him,REVIEW,flight-model reference found; internal Buttons entry not yet verified
399,Ki-27-Otsu,air.KI_27_OTSU,com/maddox/il2/objects/air/KI_27_OTSU,NOINFO,C:\Users\Alexis\DATA\Projets\GITHUB\IL2-1946-Open-Sturmovik\WIP\labs\IL 2 Sturmovik 1946 Selector Dump\dump\com\maddox\il2\objects\air\KI_27_OTSU.class,selector-dump,EAC6908A59F69058175D63BAF57FEEA5D1178528AD42D3979EE5312ECDF90AE5,47,com/maddox/il2/objects/air/KI_27,True,FlightModels/Ki-27.fmd,com/maddox/il2/objects/air/KI_27_OTSU,reference-only-buttons-not-extracted,com/maddox/il2/objects/air/CockpitKI_27OTSU,com/maddox/il2/objects/air/KI_27_OTSU,,player-capable-static,3DO/Plane/Ki-27(Otsu)(Multi1)/hier.him | 3DO/Plane/Ki-27(Otsu)(ja)/hier.him,REVIEW,flight-model reference found; internal Buttons entry not yet verified
400,Ki-43-Ia,air.KI_43_IA,com/maddox/il2/objects/air/KI_43_IA,,C:\Users\Alexis\DATA\Projets\GITHUB\IL2-1946-Open-Sturmovik\Files\0DD45E6CFCE938C4,loose,878199B1A5596E9FE5D2C6352411F9901390FC01BCE8191D5FAF4A13019C2F3A,47,com/maddox/il2/objects/air/KI_43,True,FlightModels/Ki-43-Ia.fmd,com/maddox/il2/objects/air/KI_43_IA,reference-only-buttons-not-extracted,com/maddox/il2/objects/air/CockpitKI_43,com/maddox/il2/objects/air/KI_43_IA,,player-capable-static,3DO/Plane/Ki-43-Ia(Multi1)/hier.him | 3DO/Plane/Ki-43-Ia(ja)/hier.him,REVIEW,flight-model reference found; internal Buttons entry not yet verified
401,Ki-43-Ia_DZZMod,air.KI_43_IA_DZZ,com/maddox/il2/objects/air/KI_43_IA_DZZ,,C:\Users\Alexis\DATA\Projets\GITHUB\IL2-1946-Open-Sturmovik\Files\09A6874C7958E5EE,loose,9F2B73522EF33965DAB4E5E820AA9212DFC2E2C3FCF7E72652D5A8BD56D2132A,47,com/maddox/il2/objects/air/KI_43,True,FlightModels/Ki-43-Ia.fmd,com/maddox/il2/objects/air/KI_43_IA_DZZ,reference-only-buttons-not-extracted,com/maddox/il2/objects/air/CockpitKI_43,com/maddox/il2/objects/air/KI_43_IA_DZZ,,player-capable-static,,REVIEW,flight-model reference found; internal Buttons entry not yet verified
402,Ki-43-Ib,air.KI_43_IB,com/maddox/il2/objects/air/KI_43_IB,NOINFO,C:\Users\Alexis\DATA\Projets\GITHUB\IL2-1946-Open-Sturmovik\Files\73223B3AFA266A64,loose,E2B0B7460A43B0BC45F2A480C06CB921369711DBE784DA74E3C6C37C36E3FF53,47,com/maddox/il2/objects/air/KI_43,True,FlightModels/Ki-43-Ia.fmd,com/maddox/il2/objects/air/KI_43_IB,reference-only-buttons-not-extracted,com/maddox/il2/objects/air/CockpitKI_43,com/maddox/il2/objects/air/KI_43_IB,,player-capable-static,3DO/Plane/Ki-43-Ib(Multi1)/hier.him | 3DO/Plane/Ki-43-Ib(ja)/hier.him,REVIEW,flight-model reference found; internal Buttons entry not yet verified
403,Ki-43-Ib_DZZMod,air.KI_43_IB_DZZ,com/maddox/il2/objects/air/KI_43_IB_DZZ,NOINFO,C:\Users\Alexis\DATA\Projets\GITHUB\IL2-1946-Open-Sturmovik\Files\0BBFF5E0F0FE81D6,loose,A88D7B0F473CD9D76214A55DB9179F869F3E7DBA3FE95CEC049BEB74863372A6,47,com/maddox/il2/objects/air/KI_43,True,FlightModels/Ki-43-Ia.fmd,com/maddox/il2/objects/air/KI_43_IB_DZZ,reference-only-buttons-not-extracted,com/maddox/il2/objects/air/CockpitKI_43,com/maddox/il2/objects/air/KI_43_IB_DZZ,,player-capable-static,,REVIEW,flight-model reference found; internal Buttons entry not yet verified
404,Ki-43-Ic,air.KI_43_IC,com/maddox/il2/objects/air/KI_43_IC,NOINFO,C:\Users\Alexis\DATA\Projets\GITHUB\IL2-1946-Open-Sturmovik\Files\82216D045232530A,loose,BE88BDBF028C73B92AFD45555DC8CF0885CE399EE245EC87E445CB34C497978C,47,com/maddox/il2/objects/air/KI_43,True,FlightModels/Ki-43-Ia.fmd,com/maddox/il2/objects/air/KI_43_IC,reference-only-buttons-not-extracted,com/maddox/il2/objects/air/CockpitKI_43,com/maddox/il2/objects/air/KI_43_IC,,player-capable-static,3DO/Plane/Ki-43-Ic(Multi1)/hier.him | 3DO/Plane/Ki-43-Ic(ja)/hier.him,REVIEW,flight-model reference found; internal Buttons entry not yet verified
405,Ki-43-Ic_DZZMod,air.KI_43_IC_DZZ,com/maddox/il2/objects/air/KI_43_IC_DZZ,NOINFO,C:\Users\Alexis\DATA\Projets\GITHUB\IL2-1946-Open-Sturmovik\Files\AC2769E0F8C7ABAA,loose,B7E46950356293A674CFC2B2D6434E71BCCB26B33948E5AB71BFB9185B9FB625,47,com/maddox/il2/objects/air/KI_43,True,FlightModels/Ki-43-Ia.fmd,com/maddox/il2/objects/air/KI_43_IC_DZZ,reference-only-buttons-not-extracted,com/maddox/il2/objects/air/CockpitKI_43,com/maddox/il2/objects/air/KI_43_IC_DZZ,,player-capable-static,,REVIEW,flight-model reference found; internal Buttons entry not yet verified
406,Ki-43-II,air.KI_43_II,com/maddox/il2/objects/air/KI_43_II,NOINFO,C:\Users\Alexis\DATA\Projets\GITHUB\IL2-1946-Open-Sturmovik\Files\AC97E3AAB8DF3382,loose,935F527BF0A7C7DAFFFF667876AD155867F4679017B71D9D3712847A6B2E9270,47,com/maddox/il2/objects/air/KI_43,True,FlightModels/Ki-43-II.fmd,com/maddox/il2/objects/air/KI_43_II,reference-only-buttons-not-extracted,com/maddox/il2/objects/air/CockpitKI_43_II,com/maddox/il2/objects/air/KI_43_II,,player-capable-static,3DO/Plane/Ki-43-II(Multi1)/hier.him | 3DO/Plane/Ki-43-II(cc)/hier.him | 3DO/Plane/Ki-43-II(ja)/hier.him | 3DO/Plane/Ki-43-II(mk)/hier.him | 3DO/Plane/Ki-43-II(th)/hier.him,REVIEW,flight-model reference found; internal Buttons entry not yet verified
407,Ki-43-II_DZZMod,air.KI_43_II_DZZ,com/maddox/il2/objects/air/KI_43_II_DZZ,NOINFO,C:\Users\Alexis\DATA\Projets\GITHUB\IL2-1946-Open-Sturmovik\Files\F432BDB82C0BE7E4,loose,F3098E53A3D4FCF19F428E05CF7B7A64B76F340AD89C0FDC5008D848F00A406E,47,com/maddox/il2/objects/air/KI_43,True,FlightModels/Ki-43-II.fmd,com/maddox/il2/objects/air/KI_43_II_DZZ,reference-only-buttons-not-extracted,com/maddox/il2/objects/air/CockpitKI_43_II,com/maddox/il2/objects/air/KI_43_II_DZZ,,player-capable-static,3DO/Plane/Ki-43-II(Multi1)/hier.him | 3DO/Plane/Ki-43-II(ja)/hier.him,REVIEW,flight-model reference found; internal Buttons entry not yet verified
408,Ki-43-II-Kai,air.KI_43_IIKAI,com/maddox/il2/objects/air/KI_43_IIKAI,NOINFO,C:\Users\Alexis\DATA\Projets\GITHUB\IL2-1946-Open-Sturmovik\Files\6C45E7446D06BFAC,loose,866CC1D9D63347466597373A30931E92F10346D88D3FBF24A727B95468A7491A,47,com/maddox/il2/objects/air/KI_43,True,FlightModels/Ki-43-II.fmd,com/maddox/il2/objects/air/KI_43_IIKAI,reference-only-buttons-not-extracted,com/maddox/il2/objects/air/CockpitKI_43_IIKAI,com/maddox/il2/objects/air/KI_43_IIKAI,,player-capable-static,3DO/Plane/Ki-43-II(Kai)(Multi1)/hier.him | 3DO/Plane/Ki-43-II(Kai)(ja)/hier.him,REVIEW,flight-model reference found; internal Buttons entry not yet verified
409,Ki-43-II-Kai_DZZMod,air.KI_43_IIKAI_DZZ,com/maddox/il2/objects/air/KI_43_IIKAI_DZZ,NOINFO,C:\Users\Alexis\DATA\Projets\GITHUB\IL2-1946-Open-Sturmovik\Files\4DFDFC8635B00936,loose,2B22D5C93B6812C7A8670BC48B71E16AEF1B1CE6B013AFDA3443C8E1B5EF0DC0,47,com/maddox/il2/objects/air/KI_43,True,FlightModels/Ki-43-II.fmd,com/maddox/il2/objects/air/KI_43_IIKAI_DZZ,reference-only-buttons-not-extracted,com/maddox/il2/objects/air/CockpitKI_43_IIKAI,com/maddox/il2/objects/air/KI_43_IIKAI_DZZ,,player-capable-static,3DO/Plane/Ki-43-II(Kai)(Multi1)/hier.him | 3DO/Plane/Ki-43-II(Kai)(ja)/hier.him,REVIEW,flight-model reference found; internal Buttons entry not yet verified
410,Ki-46-Otsu,air.KI_46_OTSU,com/maddox/il2/objects/air/KI_46_OTSU,,C:\Users\Alexis\DATA\Projets\GITHUB\IL2-1946-Open-Sturmovik\Files\62015D904C224D2E,loose,94CAE3DCFF2E5891A78D04EF9309E998BE8579B27AA99E7A2B19F00CB952F00C,47,com/maddox/il2/objects/air/KI_46,True,FlightModels/Ki-46-IIIKai.fmd,com/maddox/il2/objects/air/KI_46_OTSU,reference-only-buttons-not-extracted,com/maddox/il2/objects/air/CockpitKI_46_OTSU,com/maddox/il2/objects/air/KI_46_OTSU,,player-capable-static,3DO/Plane/Ki-46(Otsu)(Multi1)/hier.him,REVIEW,flight-model reference found; internal Buttons entry not yet verified
411,Ki-46-Otsu-Hei,air.KI_46_OTSUHEI,com/maddox/il2/objects/air/KI_46_OTSUHEI,NOINFO,C:\Users\Alexis\DATA\Projets\GITHUB\IL2-1946-Open-Sturmovik\Files\3665F7FAC2D76D74,loose,8C8D1CB4ABFEF661525ABD72216B2102E42C02E604DD5CD47F246CB820A569A3,47,com/maddox/il2/objects/air/KI_46,True,FlightModels/Ki-46-IIIKai.fmd,com/maddox/il2/objects/air/KI_46_OTSUHEI,reference-only-buttons-not-extracted,com/maddox/il2/objects/air/CockpitKI_46_OTSUHEI,com/maddox/il2/objects/air/KI_46_OTSUHEI,,player-capable-static,3DO/Plane/Ki-46(Otsu-Hei)(Multi1)/hier.him,REVIEW,flight-model reference found; internal Buttons entry not yet verified
412,Ki-46-Recce,air.KI_46_RECCE,com/maddox/il2/objects/air/KI_46_RECCE,NOINFO,C:\Users\Alexis\DATA\Projets\GITHUB\IL2-1946-Open-Sturmovik\Files\5506ADFE95ED4244,loose,3B471993CA6DC6CC7B23547FC019ACF8B9BE4C740EE38E0BCA3C14C88DA7343D,47,com/maddox/il2/objects/air/KI_46,True,FlightModels/Ki-46-IIIRecce.fmd,com/maddox/il2/objects/air/KI_46_RECCE,reference-only-buttons-not-extracted,com/maddox/il2/objects/air/CockpitKI_46_RECCE,com/maddox/il2/objects/air/KI_46_RECCE,,player-capable-static,3DO/Plane/Ki-46(Recce)(Multi1)/hier.him,REVIEW,flight-model reference found; internal Buttons entry not yet verified
413,Ki-61-I-Hei,air.KI_61_IHEI,com/maddox/il2/objects/air/KI_61_IHEI,NOINFO,C:\Users\Alexis\DATA\Projets\GITHUB\IL2-1946-Open-Sturmovik\WIP\labs\IL 2 Sturmovik 1946 Selector Dump\dump\com\maddox\il2\objects\air\KI_61_IHEI.class,selector-dump,44F2BC255C45E74DE8A1902D3B9640A035455A50489BC596525E3A550EDC4D04,47,com/maddox/il2/objects/air/KI_61,True,FlightModels/Ki-61-IHei.fmd,com/maddox/il2/objects/air/KI_61_IHEI,reference-only-buttons-not-extracted,com/maddox/il2/objects/air/CockpitKI_61,com/maddox/il2/objects/air/KI_61_IHEI,,player-capable-static,3DO/Plane/Ki-61-I(Hei)(Multi1)/hier.him | 3DO/Plane/Ki-61-I(Hei)(ja)/hier.him,REVIEW,flight-model reference found; internal Buttons entry not yet verified
414,Ki-61-I-Ko,air.KI_61_IKO,com/maddox/il2/objects/air/KI_61_IKO,,C:\Users\Alexis\DATA\Projets\GITHUB\IL2-1946-Open-Sturmovik\WIP\labs\IL 2 Sturmovik 1946 Selector Dump\dump\com\maddox\il2\objects\air\KI_61_IKO.class,selector-dump,2CCF13CF8D80D7262B01DD9D97A1CF664BE0B635E69F6088AB7D9F286506F46F,47,com/maddox/il2/objects/air/KI_61,True,FlightModels/Ki-61-IKo.fmd,com/maddox/il2/objects/air/KI_61_IKO,reference-only-buttons-not-extracted,com/maddox/il2/objects/air/CockpitKI_61,com/maddox/il2/objects/air/KI_61_IKO,,player-capable-static,3DO/Plane/Ki-61-I(Ko)(Multi1)/hier.him | 3DO/Plane/Ki-61-I(Ko)(ja)/hier.him,REVIEW,flight-model reference found; internal Buttons entry not yet verified
415,Ki-61-I-Otsu,air.KI_61_IOTSU,com/maddox/il2/objects/air/KI_61_IOTSU,NOINFO,C:\Users\Alexis\DATA\Projets\GITHUB\IL2-1946-Open-Sturmovik\WIP\labs\IL 2 Sturmovik 1946 Selector Dump\dump\com\maddox\il2\objects\air\KI_61_IOTSU.class,selector-dump,39802D3DC0C1CE097EDC47ED10CC86AD2D12D7B584BCE9EB10A47DEDE7B0462F,47,com/maddox/il2/objects/air/KI_61,True,FlightModels/Ki-61-IOtsu.fmd,com/maddox/il2/objects/air/KI_61_IOTSU,reference-only-buttons-not-extracted,com/maddox/il2/objects/air/CockpitKI_61,com/maddox/il2/objects/air/KI_61_IOTSU,,player-capable-static,3DO/Plane/Ki-61-I(Otsu)(Multi1)/hier.him | 3DO/Plane/Ki-61-I(Otsu)(ja)/hier.him,REVIEW,flight-model reference found; internal Buttons entry not yet verified
416,Ki-84-Ia,air.KI_84_IA,com/maddox/il2/objects/air/KI_84_IA,,C:\Users\Alexis\DATA\Projets\GITHUB\IL2-1946-Open-Sturmovik\WIP\labs\IL 2 Sturmovik 1946 Selector Dump\dump\com\maddox\il2\objects\air\KI_84_IA.class,selector-dump,0DE20FBD66527C4325B29E98A13D587AF4ABF3CC108BF5900714A877CF56C3B4,47,com/maddox/il2/objects/air/KI_84,True,FlightModels/Ki-84-Ia.fmd,com/maddox/il2/objects/air/KI_84_IA,reference-only-buttons-not-extracted,com/maddox/il2/objects/air/CockpitKI_84_IA,com/maddox/il2/objects/air/KI_84_IA,,player-capable-static,3DO/Plane/Ki-84-Ia(Multi1)/hier.him | 3DO/Plane/Ki-84-Ia(ja)/hier.him,REVIEW,flight-model reference found; internal Buttons entry not yet verified
417,Ki-84-Ib,air.KI_84_IB,com/maddox/il2/objects/air/KI_84_IB,NOINFO,C:\Users\Alexis\DATA\Projets\GITHUB\IL2-1946-Open-Sturmovik\WIP\labs\IL 2 Sturmovik 1946 Selector Dump\dump\com\maddox\il2\objects\air\KI_84_IB.class,selector-dump,79DE0A6EC9BE0D2DFA445092F94308CAE97B402F67D0C8543277CE467025598E,47,com/maddox/il2/objects/air/KI_84,True,FlightModels/Ki-84-Ia.fmd,com/maddox/il2/objects/air/KI_84_IB,reference-only-buttons-not-extracted,com/maddox/il2/objects/air/CockpitKI_84_IB,com/maddox/il2/objects/air/KI_84_IB,,player-capable-static,3DO/Plane/Ki-84-Ib(Multi1)/hier.him | 3DO/Plane/Ki-84-Ib(ja)/hier.him,REVIEW,flight-model reference found; internal Buttons entry not yet verified
418,Ki-84-Ic,air.KI_84_IC,com/maddox/il2/objects/air/KI_84_IC,,C:\Users\Alexis\DATA\Projets\GITHUB\IL2-1946-Open-Sturmovik\WIP\labs\IL 2 Sturmovik 1946 Selector Dump\dump\com\maddox\il2\objects\air\KI_84_IC.class,selector-dump,6403588C2546A50C85920F7920DA0F448DFBC86A7A94FAC436FEB16E9C767FB6,47,com/maddox/il2/objects/air/KI_84,True,FlightModels/Ki-84-Ia.fmd,com/maddox/il2/objects/air/KI_84_IC,reference-only-buttons-not-extracted,com/maddox/il2/objects/air/CockpitKI_84_IB,com/maddox/il2/objects/air/KI_84_IC,,player-capable-static,3DO/Plane/Ki-84-Ic(Multi1)/hier.him | 3DO/Plane/Ki-84-Ic(ja)/hier.him,REVIEW,flight-model reference found; internal Buttons entry not yet verified
419,Ki-100-I-Ko,air.KI_100_IKO,com/maddox/il2/objects/air/KI_100_IKO,NOINFO,C:\Users\Alexis\DATA\Projets\GITHUB\IL2-1946-Open-Sturmovik\WIP\labs\IL 2 Sturmovik 1946 Selector Dump\dump\com\maddox\il2\objects\air\KI_100_IKO.class,selector-dump,0B7839AF4089E368343BD18B721BC2D07E043FB8362B0FFBA5856F0261B3DE47,47,com/maddox/il2/objects/air/KI_100,True,FlightModels/Ki-100-I.fmd,com/maddox/il2/objects/air/KI_100_IKO,reference-only-buttons-not-extracted,com/maddox/il2/objects/air/CockpitKI_100,com/maddox/il2/objects/air/KI_100_IKO,,player-capable-static,3DO/Plane/Ki-100-I(Ko)(Multi1)/hier.him | 3DO/Plane/Ki-100-I(Ko)(ja)/hier.him,REVIEW,flight-model reference found; internal Buttons entry not yet verified
420,S-328,air.LetovS_328,com/maddox/il2/objects/air/LetovS_328,NOINFO,C:\Users\Alexis\DATA\Projets\GITHUB\IL2-1946-Open-Sturmovik\WIP\labs\IL 2 Sturmovik 1946 Selector Dump\dump\com\maddox\il2\objects\air\LetovS_328.class,selector-dump,CBD7FCB6C79F84E9EF9FD6D14F1DA11D37B8267ED4DA0134321C6F01F97181BF,47,com/maddox/il2/objects/air/Letov,True,FlightModels/LetovS-328.fmd,com/maddox/il2/objects/air/LetovS_328,reference-only-buttons-not-extracted,,,,probable-ai-only,3do/Plane/LetovS-328/hier.him | 3do/Plane/LetovS-328_DE/hier.him | 3do/Plane/LetovS-328_SK/hier.him,REVIEW,flight-model reference found; internal Buttons entry not yet verified | no usable cockpitClass declaration found; treat as AI-only until runtime proof
421,H8K1,air.H8K1,com/maddox/il2/objects/air/H8K1,,C:\Users\Alexis\DATA\Projets\GITHUB\IL2-1946-Open-Sturmovik\Files\E42E83D45D7823D6,loose,B17C183E88FF9C7A65865410B3AFB1B821D8922CD566CB84E6DDC8C977240C62,47,com/maddox/il2/objects/air/H8K,True,FlightModels/H8K1.fmd,com/maddox/il2/objects/air/H8K1,reference-only-buttons-not-extracted,com/maddox/il2/objects/air/CockpitH8K1 | com/maddox/il2/objects/air/CockpitH8K1_AGunner | com/maddox/il2/objects/air/CockpitH8K1_Bombardier | com/maddox/il2/objects/air/CockpitH8K1_NGunner | com/maddox/il2/objects/air/CockpitH8K1_TGunner,com/maddox/il2/objects/air/H8K1,,player-capable-static,3DO/Plane/H8K1(Multi1)/hier.him | 3DO/Plane/H8K1(ja)/hier.him,REVIEW,flight-model reference found; internal Buttons entry not yet verified
422,N1K1-J,air.N1K1J,com/maddox/il2/objects/air/N1K1J,,C:\Users\Alexis\DATA\Projets\GITHUB\IL2-1946-Open-Sturmovik\Files\E2CDDCF8E0859E9C,loose,96508286AAA23FBCA13D5DD718A5AFD1890803CBFBE836201E0370846193F477,47,com/maddox/il2/objects/air/N1K,True,FlightModels/N1K1-J.fmd,com/maddox/il2/objects/air/N1K1J,reference-only-buttons-not-extracted,com/maddox/il2/objects/air/CockpitN1K2JA,com/maddox/il2/objects/air/N1K1J,,player-capable-static,3DO/Plane/N1K1-J(Multi1)/hier.him | 3DO/Plane/N1K1-J(ja)/hier.him,REVIEW,flight-model reference found; internal Buttons entry not yet verified
423,N1K1-Ja,air.N1K1JA,com/maddox/il2/objects/air/N1K1JA,NOINFO,C:\Users\Alexis\DATA\Projets\GITHUB\IL2-1946-Open-Sturmovik\Files\EEC5CEE6938C11A6,loose,83693413BA29F5E9796740E678E941F6D24CC447659DD92426C64FDAA603972A,47,com/maddox/il2/objects/air/N1K,True,FlightModels/N1K1-J.fmd,com/maddox/il2/objects/air/N1K1JA,reference-only-buttons-not-extracted,com/maddox/il2/objects/air/CockpitN1K2JA,com/maddox/il2/objects/air/N1K1JA,,player-capable-static,3DO/Plane/N1K1-Ja(Multi1)/hier.him | 3DO/Plane/N1K1-Ja(ja)/hier.him,REVIEW,flight-model reference found; internal Buttons entry not yet verified
424,N1K2-Ja,air.N1K2JA,com/maddox/il2/objects/air/N1K2JA,,C:\Users\Alexis\DATA\Projets\GITHUB\IL2-1946-Open-Sturmovik\WIP\labs\IL 2 Sturmovik 1946 Selector Dump\dump\com\maddox\il2\objects\air\N1K2JA.class,selector-dump,9E474E1EA42D875BE5700EA2093EF477734C94C62E842BB4B5C637045E2461A5,47,com/maddox/il2/objects/air/N1K,True,FlightModels/N1K2-Ja.fmd,com/maddox/il2/objects/air/N1K2JA,reference-only-buttons-not-extracted,com/maddox/il2/objects/air/CockpitN1K2JA,com/maddox/il2/objects/air/N1K2JA,,player-capable-static,3DO/Plane/N1K2-Ja(Multi1)/hier.him | 3DO/Plane/N1K2-Ja(ja)/hier.him,REVIEW,flight-model reference found; internal Buttons entry not yet verified
425,MS406,air.MS406,com/maddox/il2/objects/air/MS406,,C:\Users\Alexis\DATA\Projets\GITHUB\IL2-1946-Open-Sturmovik\WIP\labs\IL 2 Sturmovik 1946 Selector Dump\dump\com\maddox\il2\objects\air\MS406.class,selector-dump,0CD39A1C1DDB3E031180A50E22E9062A76A4077D581D50D6672EFC6F7C7C8AFD,47,com/maddox/il2/objects/air/MS400X,True,FlightModels/MS406.fmd,com/maddox/il2/objects/air/MS406,reference-only-buttons-not-extracted,,,,probable-ai-only,3DO/Plane/MS406(Multi1)/hier.him | 3DO/Plane/MS406(fi)/hier.him,REVIEW,flight-model reference found; internal Buttons entry not yet verified | no usable cockpitClass declaration found; treat as AI-only until runtime proof
426,MS410,air.MS410,com/maddox/il2/objects/air/MS410,,C:\Users\Alexis\DATA\Projets\GITHUB\IL2-1946-Open-Sturmovik\WIP\labs\IL 2 Sturmovik 1946 Selector Dump\dump\com\maddox\il2\objects\air\MS410.class,selector-dump,FD86FD6F1E0D02BE30A583B896B466A569338B6A2A08EBAA3B33D49E4DE1B5F3,47,com/maddox/il2/objects/air/MS400X,True,FlightModels/MS410.fmd,com/maddox/il2/objects/air/MS410,reference-only-buttons-not-extracted,,,,probable-ai-only,3DO/Plane/MS410(Multi1)/hier.him | 3DO/Plane/MS410(fi)/hier.him,REVIEW,flight-model reference found; internal Buttons entry not yet verified | no usable cockpitClass declaration found; treat as AI-only until runtime proof
427,MS-Morko,air.MSMORKO,com/maddox/il2/objects/air/MSMORKO,,C:\Users\Alexis\DATA\Projets\GITHUB\IL2-1946-Open-Sturmovik\Files\F83620787F680B3C,loose,5A3979AC66970D0A7CD8B52B8EF6DF34AB6A63796A7BCB63A794498DDC369140,45,com/maddox/il2/objects/air/MS400X,True,FlightModels/MSMorko.fmd,com/maddox/il2/objects/air/MSMORKO,reference-only-buttons-not-extracted,com/maddox/il2/objects/air/CockpitTYPHOON1B,com/maddox/il2/objects/air/MSMORKO,,player-capable-static,3DO/Plane/MSMorko(Multi1)/hier.him | 3DO/Plane/MSMorko(fi)/hier.him,REVIEW,flight-model reference found; internal Buttons entry not yet verified
428,MsMorko410,air.MSMORKO410,com/maddox/il2/objects/air/MSMORKO410,,C:\Users\Alexis\DATA\Projets\GITHUB\IL2-1946-Open-Sturmovik\Files\827877E29C9C72B8,loose,33A30D2FD7BA2EAC0F23EC4D6846677C33FB978F39914751ADDD4E3D53643EF9,47,com/maddox/il2/objects/air/MS400X,True,FlightModels/MSMORKO410.fmd,com/maddox/il2/objects/air/MSMORKO410,reference-only-buttons-not-extracted,com/maddox/il2/objects/air/CockpitMC_202,com/maddox/il2/objects/air/MSMORKO410,,player-capable-static,3DO/Plane/MSMORKO410/hier.him,REVIEW,flight-model reference found; internal Buttons entry not yet verified
429,G4M1_11,air.G4M1_11,com/maddox/il2/objects/air/G4M1_11,,C:\Users\Alexis\DATA\Projets\GITHUB\IL2-1946-Open-Sturmovik\WIP\labs\IL 2 Sturmovik 1946 Selector Dump\dump\com\maddox\il2\objects\air\G4M1_11.class,selector-dump,BD306469F9D8D09708E44E79E8850922744F15430152E33430C9C96FA70B0305,47,com/maddox/il2/objects/air/G4M,True,FlightModels/G4M1-11.fmd,com/maddox/il2/objects/air/G4M1_11,reference-only-buttons-not-extracted,com/maddox/il2/objects/air/CockpitG4M1_11 | com/maddox/il2/objects/air/CockpitG4M1_11_AGunner | com/maddox/il2/objects/air/CockpitG4M1_11_Bombardier | com/maddox/il2/objects/air/CockpitG4M1_11_LGunner | com/maddox/il2/objects/air/CockpitG4M1_11_NGunner | com/maddox/il2/objects/air/CockpitG4M1_11_RGunner | com/maddox/il2/objects/air/CockpitG4M1_11_TGunner,com/maddox/il2/objects/air/G4M1_11,,player-capable-static,3DO/Plane/G4M1-11(Multi1)/hier.him | 3DO/Plane/G4M1-11(ja)/hier.him,REVIEW,flight-model reference found; internal Buttons entry not yet verified
430,G4M2E,air.G4M2E,com/maddox/il2/objects/air/G4M2E,NOINFO,C:\Users\Alexis\DATA\Projets\GITHUB\IL2-1946-Open-Sturmovik\Files\A3C417DEFD89F93C,loose,9021C5277D9320101967319936E44683E3F2B3DD32DF5C726C9283B44BB35E40,47,com/maddox/il2/objects/air/G4M,True,FlightModels/G4M1-11.fmd,com/maddox/il2/objects/air/G4M2E,reference-only-buttons-not-extracted,com/maddox/il2/objects/air/CockpitG4M2E | com/maddox/il2/objects/air/CockpitG4M2E_AGunner | com/maddox/il2/objects/air/CockpitG4M2E_TGunner,com/maddox/il2/objects/air/G4M2E,,player-capable-static,3DO/Plane/G4M2E(Multi1)/hier.him | 3DO/Plane/G4M2E(ja)/hier.him,REVIEW,flight-model reference found; internal Buttons entry not yet verified
431,J2M3,air.J2M3,com/maddox/il2/objects/air/J2M3,,C:\Users\Alexis\DATA\Projets\GITHUB\IL2-1946-Open-Sturmovik\WIP\labs\IL 2 Sturmovik 1946 Selector Dump\dump\com\maddox\il2\objects\air\J2M3.class,selector-dump,D98F5A81AB4981319B6EE516E93FEED08EE4816BD3A5636935789773DA00BD99,47,com/maddox/il2/objects/air/J2M,True,FlightModels/J2M3.fmd,com/maddox/il2/objects/air/J2M3,reference-only-buttons-not-extracted,com/maddox/il2/objects/air/CockpitJ2M3,com/maddox/il2/objects/air/J2M3,,player-capable-static,3DO/Plane/J2M3(Multi1)/hier.him | 3DO/Plane/J2M3(ja)/hier.him,REVIEW,flight-model reference found; internal Buttons entry not yet verified
432,J2M5,air.J2M5,com/maddox/il2/objects/air/J2M5,,C:\Users\Alexis\DATA\Projets\GITHUB\IL2-1946-Open-Sturmovik\WIP\labs\IL 2 Sturmovik 1946 Selector Dump\dump\com\maddox\il2\objects\air\J2M5.class,selector-dump,5DD66D592C2C8357321378C2120835BAF300F560B6941F46CB010D5E286F0B5A,47,com/maddox/il2/objects/air/J2M,True,FlightModels/J2M5.fmd,com/maddox/il2/objects/air/J2M5,reference-only-buttons-not-extracted,com/maddox/il2/objects/air/CockpitJ2M5,com/maddox/il2/objects/air/J2M5,,player-capable-static,3DO/Plane/J2M5(Multi1)/hier.him | 3DO/Plane/J2M5(ja)/hier.him,REVIEW,flight-model reference found; internal Buttons entry not yet verified
433,A5M4,air.A5M4,com/maddox/il2/objects/air/A5M4,,C:\Users\Alexis\DATA\Projets\GITHUB\IL2-1946-Open-Sturmovik\Files\3E3BF8D0F6EA1C7A,loose,5D720C92E4C659479A7942F0C70C7D06BAEFF08E37E97BF2E41A3F8616CDF975,47,com/maddox/il2/objects/air/A5M,True,FlightModels/A5M4.fmd,com/maddox/il2/objects/air/A5M4,reference-only-buttons-not-extracted,com/maddox/il2/objects/air/CockpitA5M4,com/maddox/il2/objects/air/A5M4,,player-capable-static,3DO/Plane/A5M4(Multi1)/hier.him | 3DO/Plane/A5M4(ja)/hier.him,REVIEW,flight-model reference found; internal Buttons entry not yet verified
434,A6M2,air.A6M2,com/maddox/il2/objects/air/A6M2,,C:\Users\Alexis\DATA\Projets\GITHUB\IL2-1946-Open-Sturmovik\WIP\labs\IL 2 Sturmovik 1946 Selector Dump\dump\com\maddox\il2\objects\air\A6M2.class,selector-dump,CC7F892778C7E4AEDB3F0EC4425836998AF4092B75241D390A3CD896F87D9652,47,com/maddox/il2/objects/air/A6M,True,FlightModels/A6M2.fmd,com/maddox/il2/objects/air/A6M2,reference-only-buttons-not-extracted,com/maddox/il2/objects/air/CockpitA6M2,com/maddox/il2/objects/air/A6M2,,player-capable-static,3DO/Plane/A6M2(Multi1)/hier.him | 3DO/Plane/A6M2(ja)/hier.him,REVIEW,flight-model reference found; internal Buttons entry not yet verified
435,A6M2-21,air.A6M2_21,com/maddox/il2/objects/air/A6M2_21,NOINFO,C:\Users\Alexis\DATA\Projets\GITHUB\IL2-1946-Open-Sturmovik\WIP\labs\IL 2 Sturmovik 1946 Selector Dump\dump\com\maddox\il2\objects\air\A6M2_21.class,selector-dump,BF95EB0FB2326E7B6112262A8282B4EF51244A33E77E96A9B7BE563CC1C58C3F,47,com/maddox/il2/objects/air/A6M,True,FlightModels/A6M2-21.fmd,com/maddox/il2/objects/air/A6M2_21,reference-only-buttons-not-extracted,com/maddox/il2/objects/air/CockpitA6M2,com/maddox/il2/objects/air/A6M2_21,,player-capable-static,3DO/Plane/A6M2-21(Multi1)/hier.him | 3DO/Plane/A6M2-21(ja)/hier.him,REVIEW,flight-model reference found; internal Buttons entry not yet verified
436,A6M2-N,air.A6M2N,com/maddox/il2/objects/air/A6M2N,,C:\Users\Alexis\DATA\Projets\GITHUB\IL2-1946-Open-Sturmovik\WIP\labs\IL 2 Sturmovik 1946 Selector Dump\dump\com\maddox\il2\objects\air\A6M2N.class,selector-dump,6EE7629379DDB465037234B97E9F9BAA09338BB2E839814A1C6212BA2C631350,47,com/maddox/il2/objects/air/A6M,True,FlightModels/A6M2N.fmd,com/maddox/il2/objects/air/A6M2N,reference-only-buttons-not-extracted,com/maddox/il2/objects/air/CockpitA6M2N,com/maddox/il2/objects/air/A6M2N,,player-capable-static,3DO/Plane/A6M2-N(Multi1)/hier.him | 3DO/Plane/A6M2-N(ja)/hier.him,REVIEW,flight-model reference found; internal Buttons entry not yet verified
437,A6M3,air.A6M3,com/maddox/il2/objects/air/A6M3,NOINFO,C:\Users\Alexis\DATA\Projets\GITHUB\IL2-1946-Open-Sturmovik\WIP\labs\IL 2 Sturmovik 1946 Selector Dump\dump\com\maddox\il2\objects\air\A6M3.class,selector-dump,7F2C83D58E6E61FA213284B1D342E5C8876EFD7BE14462D0CF63B3DA0D5F2A39,47,com/maddox/il2/objects/air/A6M,True,FlightModels/A6M3.fmd,com/maddox/il2/objects/air/A6M3,reference-only-buttons-not-extracted,com/maddox/il2/objects/air/CockpitA6M2,com/maddox/il2/objects/air/A6M3,,player-capable-static,3DO/Plane/A6M3(Multi1)/hier.him,REVIEW,flight-model reference found; internal Buttons entry not yet verified
438,A6M5,air.A6M5,com/maddox/il2/objects/air/A6M5,NOINFO,C:\Users\Alexis\DATA\Projets\GITHUB\IL2-1946-Open-Sturmovik\WIP\labs\IL 2 Sturmovik 1946 Selector Dump\dump\com\maddox\il2\objects\air\A6M5.class,selector-dump,FBA0C656850451255697583AB5EF404AC0CBD477BB4A08E66F2E3C4C939A46D4,47,com/maddox/il2/objects/air/A6M,True,FlightModels/A6M5a.fmd,com/maddox/il2/objects/air/A6M5,reference-only-buttons-not-extracted,com/maddox/il2/objects/air/CockpitA6M5a,com/maddox/il2/objects/air/A6M5,,player-capable-static,3DO/Plane/A6M5(Multi1)/hier.him | 3DO/Plane/A6M5(ja)/hier.him,REVIEW,flight-model reference found; internal Buttons entry not yet verified
439,A6M5a,air.A6M5A,com/maddox/il2/objects/air/A6M5A,,C:\Users\Alexis\DATA\Projets\GITHUB\IL2-1946-Open-Sturmovik\WIP\labs\IL 2 Sturmovik 1946 Selector Dump\dump\com\maddox\il2\objects\air\A6M5A.class,selector-dump,6A8C242BB92C5313AE53F043F7A733AEB9367CC91465126D4904225D1DDEC400,47,com/maddox/il2/objects/air/A6M,True,FlightModels/A6M5a.fmd,com/maddox/il2/objects/air/A6M5A,reference-only-buttons-not-extracted,com/maddox/il2/objects/air/CockpitA6M5a,com/maddox/il2/objects/air/A6M5A,,player-capable-static,3DO/Plane/A6M5a(Multi1)/hier.him | 3DO/Plane/A6M5a(ja)/hier.him,REVIEW,flight-model reference found; internal Buttons entry not yet verified
440,A6M5b,air.A6M5B,com/maddox/il2/objects/air/A6M5B,NOINFO,C:\Users\Alexis\DATA\Projets\GITHUB\IL2-1946-Open-Sturmovik\WIP\labs\IL 2 Sturmovik 1946 Selector Dump\dump\com\maddox\il2\objects\air\A6M5B.class,selector-dump,8B2097C7EAA3E82C0C4F8DE3CFA75539F97048D246100BD70522252EAEDE72C1,47,com/maddox/il2/objects/air/A6M,True,FlightModels/A6M5b.fmd,com/maddox/il2/objects/air/A6M5B,reference-only-buttons-not-extracted,com/maddox/il2/objects/air/CockpitA6M5b,com/maddox/il2/objects/air/A6M5B,,player-capable-static,3DO/Plane/A6M5b(Multi1)/hier.him | 3DO/Plane/A6M5b(ja)/hier.him,REVIEW,flight-model reference found; internal Buttons entry not yet verified
441,A6M5c,air.A6M5C,com/maddox/il2/objects/air/A6M5C,NOINFO,C:\Users\Alexis\DATA\Projets\GITHUB\IL2-1946-Open-Sturmovik\WIP\labs\IL 2 Sturmovik 1946 Selector Dump\dump\com\maddox\il2\objects\air\A6M5C.class,selector-dump,3C1D3CA24086A078151E7E55E19BBD130AD1B16FEFFAF6D7FA46E8F7EA253265,47,com/maddox/il2/objects/air/A6M,True,FlightModels/A6M5c.fmd,com/maddox/il2/objects/air/A6M5C,reference-only-buttons-not-extracted,com/maddox/il2/objects/air/CockpitA6M5c,com/maddox/il2/objects/air/A6M5C,,player-capable-static,3DO/Plane/A6M5c(Multi1)/hier.him | 3DO/Plane/A6M5c(ja)/hier.him,REVIEW,flight-model reference found; internal Buttons entry not yet verified
442,A6M7_Model62,air.A6M7_62,com/maddox/il2/objects/air/A6M7_62,NOINFO,C:\Users\Alexis\DATA\Projets\GITHUB\IL2-1946-Open-Sturmovik\WIP\labs\IL 2 Sturmovik 1946 Selector Dump\dump\com\maddox\il2\objects\air\A6M7_62.class,selector-dump,5B8B0D70E1F998C07C661843D8F169B5CE8750B7F9E69C846FA931C5B5233BAF,47,com/maddox/il2/objects/air/A6M,True,FlightModels/A6M7_Model62.fmd,com/maddox/il2/objects/air/A6M7_62,reference-only-buttons-not-extracted,com/maddox/il2/objects/air/CockpitA6M7_62,com/maddox/il2/objects/air/A6M7_62,,player-capable-static,3DO/Plane/A6M7(Multi1)/hier.him | 3DO/Plane/A6M7(ja)/hier.him,REVIEW,flight-model reference found; internal Buttons entry not yet verified
443,A6M7_Model63,air.A6M7_63,com/maddox/il2/objects/air/A6M7_63,NOINFO,C:\Users\Alexis\DATA\Projets\GITHUB\IL2-1946-Open-Sturmovik\WIP\labs\IL 2 Sturmovik 1946 Selector Dump\dump\com\maddox\il2\objects\air\A6M7_63.class,selector-dump,399E5B87A0D988C27A20B854A53E27C002C4DBEC656D51F575EFE57896CE58B0,47,com/maddox/il2/objects/air/A6M,True,FlightModels/A6M7_Model63.fmd,com/maddox/il2/objects/air/A6M7_63,reference-only-buttons-not-extracted,com/maddox/il2/objects/air/CockpitA6M7_63,com/maddox/il2/objects/air/A6M7_63,,player-capable-static,3DO/Plane/A6M7(Multi1)/hier.him | 3DO/Plane/A6M7(ja)/hier.him,REVIEW,flight-model reference found; internal Buttons entry not yet verified
444,Bf-109B-2,air.BF_109B2,com/maddox/il2/objects/air/BF_109B2,,C:\Users\Alexis\DATA\Projets\GITHUB\IL2-1946-Open-Sturmovik\Files\BB9992DC668071B4,loose,9ED585F66F67C8CE2EDCCF74C57B5969F0A7355C7ADB44E260F17E526EE13614,47,com/maddox/il2/objects/air/BF_109,True,FlightModels/Bf-109B-2.fmd,com/maddox/il2/objects/air/BF_109B2,reference-only-buttons-not-extracted,com/maddox/il2/objects/air/CockpitBF_109Bx,com/maddox/il2/objects/air/BF_109B2,,player-capable-static,3DO/Plane/Bf-109B-2/hier.him,REVIEW,flight-model reference found; internal Buttons entry not yet verified
445,Bf-109E-1,air.BF_109E1,com/maddox/il2/objects/air/BF_109E1,,C:\Users\Alexis\DATA\Projets\GITHUB\IL2-1946-Open-Sturmovik\Files\683C92B6203A5A3A,loose,BB6525598F3375A2C5CFE4B6C01FF1CC69C84B5706D97BD4AE058E0FFF874797,47,com/maddox/il2/objects/air/BF_109E4,True,FlightModels/Bf-109E-4.fmd,com/maddox/il2/objects/air/BF_109E1,reference-only-buttons-not-extracted,com/maddox/il2/objects/air/CockpitBF_109Ex,com/maddox/il2/objects/air/BF_109E1,,player-capable-static,3DO/Plane/Bf-109E-1/hier.him,REVIEW,flight-model reference found; internal Buttons entry not yet verified
446,Bf-109E-1_Late,air.BF_109E1early,com/maddox/il2/objects/air/BF_109E1early,,C:\Users\Alexis\DATA\Projets\GITHUB\IL2-1946-Open-Sturmovik\Files\00931880C31CAD8A,loose,09E45D95DAC017CADFC33EAF7AF7671275E9A5C5BCA2A8E7B2F4DB1D7639022E,47,com/maddox/il2/objects/air/BF_109,True,FlightModels/Bf-109E-4.fmd,com/maddox/il2/objects/air/BF_109E1early,reference-only-buttons-not-extracted,com/maddox/il2/objects/air/CockpitBF_109Ex,com/maddox/il2/objects/air/BF_109E1early,,player-capable-static,3DO/Plane/Bf-109E-4(sk)/hier.him | 3DO/Plane/Bf-109E-4/hier.him,REVIEW,flight-model reference found; internal Buttons entry not yet verified
447,Bf-109E-3,air.BF_109E3,com/maddox/il2/objects/air/BF_109E3,NOINFO,C:\Users\Alexis\DATA\Projets\GITHUB\IL2-1946-Open-Sturmovik\Files\76BF23783CFB3860,loose,2AB381E15A484DE46590319A3578D400C01373B226F8786D02D6E5D5CE412C9F,47,com/maddox/il2/objects/air/BF_109,True,FlightModels/Bf-109E-4.fmd,com/maddox/il2/objects/air/BF_109E3,reference-only-buttons-not-extracted,com/maddox/il2/objects/air/CockpitBF_109E3,com/maddox/il2/objects/air/BF_109E3,,player-capable-static,3DO/Plane/Bf-109E-3/hier.him,REVIEW,flight-model reference found; internal Buttons entry not yet verified
448,Bf-109E-4,air.BF_109E4,com/maddox/il2/objects/air/BF_109E4,,C:\Users\Alexis\DATA\Projets\GITHUB\IL2-1946-Open-Sturmovik\Files\E1D669FC512B93CE,loose,BDE248D0E5249E2D32E2D2C1D4A5CBA004F7C178F68BDD34C8A7B5A2FB63616B,47,com/maddox/il2/objects/air/BF_109,True,FlightModels/Bf-109E-4.fmd,com/maddox/il2/objects/air/BF_109E4,reference-only-buttons-not-extracted,com/maddox/il2/objects/air/CockpitBF_109Ex,com/maddox/il2/objects/air/BF_109E4,,player-capable-static,3DO/Plane/Bf-109E-4(sk)/hier.him | 3DO/Plane/Bf-109E-4/hier.him,REVIEW,flight-model reference found; internal Buttons entry not yet verified
449,Bf-109E-4/B,air.BF_109E4B,com/maddox/il2/objects/air/BF_109E4B,,C:\Users\Alexis\DATA\Projets\GITHUB\IL2-1946-Open-Sturmovik\Files\57ED128E6F50CFC0,loose,E96D54EBDEED9887D9720D6254F166168F151900EAD96D15246923F7A29CD339,47,com/maddox/il2/objects/air/BF_109,True,FlightModels/Bf-109E-4B.fmd,com/maddox/il2/objects/air/BF_109E4B,reference-only-buttons-not-extracted,com/maddox/il2/objects/air/CockpitBF_109Ex,com/maddox/il2/objects/air/BF_109E4B,,player-capable-static,3do/plane/Bf-109E-4B/hier.him,REVIEW,flight-model reference found; internal Buttons entry not yet verified
450,Bf-109E-4N,air.BF_109E4N,com/maddox/il2/objects/air/BF_109E4N,,C:\Users\Alexis\DATA\Projets\GITHUB\IL2-1946-Open-Sturmovik\Files\20B19C7676C0329E,loose,6EE444702105673C88F8A4BAD949BEFD08E7F322C5DC05A23160F6975FC79462,47,com/maddox/il2/objects/air/BF_109,True,FlightModels/Bf-109E-4N.fmd,com/maddox/il2/objects/air/BF_109E4N,reference-only-buttons-not-extracted,com/maddox/il2/objects/air/CockpitBF_109E4N,com/maddox/il2/objects/air/BF_109E4N,,player-capable-static,3DO/Plane/Bf-109E-4N/hier.him,REVIEW,flight-model reference found; internal Buttons entry not yet verified
451,Bf-109E-7,air.BF_109E7,com/maddox/il2/objects/air/BF_109E7,,C:\Users\Alexis\DATA\Projets\GITHUB\IL2-1946-Open-Sturmovik\Files\EF98B7E659118DDE,loose,7E14AB062B61595E46E2DBE0005093CA5E18E9CB5F0A19F48E2FD5741F3009A2,47,com/maddox/il2/objects/air/BF_109,True,FlightModels/Bf-109E-7.fmd,com/maddox/il2/objects/air/BF_109E7,reference-only-buttons-not-extracted,com/maddox/il2/objects/air/CockpitBF_109Ex,com/maddox/il2/objects/air/BF_109E7,,player-capable-static,3do/plane/Bf-109E-7(sk)/hier.him | 3do/plane/Bf-109E-7/hier.him,REVIEW,flight-model reference found; internal Buttons entry not yet verified
452,Bf-109E-7N_Trop,air.BF_109E7N_Trop,com/maddox/il2/objects/air/BF_109E7N_Trop,,C:\Users\Alexis\DATA\Projets\GITHUB\IL2-1946-Open-Sturmovik\Files\0A4852D4F3C59ACE,loose,CC6673291402A9D2EABD81CDCC1BAC7F1701777F45D8F24CB1195476E7C42364,47,com/maddox/il2/objects/air/BF_109,True,FlightModels/Bf-109E-7N.fmd,com/maddox/il2/objects/air/BF_109E7N_Trop,reference-only-buttons-not-extracted,com/maddox/il2/objects/air/CockpitBF_109E7N_Trop,com/maddox/il2/objects/air/BF_109E7N_Trop,,player-capable-static,3DO/Plane/Bf-109E-7N_Trop/hier.him,REVIEW,flight-model reference found; internal Buttons entry not yet verified
453,Bf-109E-7Z,air.BF_109E7NZ,com/maddox/il2/objects/air/BF_109E7NZ,,C:\Users\Alexis\DATA\Projets\GITHUB\IL2-1946-Open-Sturmovik\Files\005E548034BFD25C,loose,1CB4613B902414D0C2EA8AFE09280170A3481AAED5E90B345913148D515D9599,47,com/maddox/il2/objects/air/BF_109,True,FlightModels/Bf-109E-7NZ.fmd,com/maddox/il2/objects/air/BF_109E7NZ,reference-only-buttons-not-extracted,com/maddox/il2/objects/air/CockpitBF_109Ex,com/maddox/il2/objects/air/BF_109E7NZ,,player-capable-static,3DO/Plane/Bf-109E-7NZ/hier.him,REVIEW,flight-model reference found; internal Buttons entry not yet verified
454,Bf-109F-1,air.BF_109F1,com/maddox/il2/objects/air/BF_109F1,NOINFO,C:\Users\Alexis\DATA\Projets\GITHUB\IL2-1946-Open-Sturmovik\Files\5B142BA8318528C8,loose,EA9BD626FFDFF59D7A5CACA5D138E95B5315CD19DBA6183059014823380FFFCD,47,com/maddox/il2/objects/air/BF_109F2,True,FlightModels/Bf-109F-2.fmd,com/maddox/il2/objects/air/BF_109F1,reference-only-buttons-not-extracted,com/maddox/il2/objects/air/CockpitBF_109F2,com/maddox/il2/objects/air/BF_109F1,,player-capable-static,3DO/Plane/Bf-109F-2/hier.him,REVIEW,flight-model reference found; internal Buttons entry not yet verified
455,Bf-109F-2,air.BF_109F2,com/maddox/il2/objects/air/BF_109F2,,C:\Users\Alexis\DATA\Projets\GITHUB\IL2-1946-Open-Sturmovik\Files\E39ACD08B95EF27C,loose,D3FBBB1D78251EF067CFCC76B299262644CFA88B5259FCD91A4A68A9F8CDC610,47,com/maddox/il2/objects/air/BF_109,True,FlightModels/Bf-109F-2.fmd,com/maddox/il2/objects/air/BF_109F2,reference-only-buttons-not-extracted,com/maddox/il2/objects/air/CockpitBF_109F2,com/maddox/il2/objects/air/BF_109F2,,player-capable-static,3DO/Plane/Bf-109F-2(hu)/hier.him | 3DO/Plane/Bf-109F-2/hier.him,REVIEW,flight-model reference found; internal Buttons entry not yet verified
456,Bf-109F-2/B,air.BF_109F2B,com/maddox/il2/objects/air/BF_109F2B,,C:\Users\Alexis\DATA\Projets\GITHUB\IL2-1946-Open-Sturmovik\Files\CB3660D23C01ABF0,loose,E34D2EC931293D29678D34B5B7D7D4665FF2C51BD3A58DAFAD398EE8CAD8E24E,47,com/maddox/il2/objects/air/BF_109,True,FlightModels/Bf-109F-2.fmd,com/maddox/il2/objects/air/BF_109F2B,reference-only-buttons-not-extracted,com/maddox/il2/objects/air/CockpitBF_109F2,com/maddox/il2/objects/air/BF_109F2B,,player-capable-static,3DO/Plane/Bf-109F-2B/hier.him,REVIEW,flight-model reference found; internal Buttons entry not yet verified
457,Bf-109F-2_Trop,air.BF_109F2trop,com/maddox/il2/objects/air/BF_109F2trop,,C:\Users\Alexis\DATA\Projets\GITHUB\IL2-1946-Open-Sturmovik\Files\2960B4F6F11AF1C4,loose,D0C9E368059DFB0A907A4950E99FD418F986C06BB39BB1B4D6A6170E7D54C60D,47,com/maddox/il2/objects/air/BF_109,True,FlightModels/Bf-109F-2.fmd,com/maddox/il2/objects/air/BF_109F2trop,reference-only-buttons-not-extracted,com/maddox/il2/objects/air/CockpitBF_109F2,com/maddox/il2/objects/air/BF_109F2trop,,player-capable-static,3DO/Plane/Bf-109F-2trop/hier.him,REVIEW,flight-model reference found; internal Buttons entry not yet verified
458,Bf-109F-2/B_Trop,air.BF_109F2Btrop,com/maddox/il2/objects/air/BF_109F2Btrop,,C:\Users\Alexis\DATA\Projets\GITHUB\IL2-1946-Open-Sturmovik\Files\85D3F7A0D7110EAE,loose,4D45D4DCC600CE3D6F652CD285E2A17AF90FFDB6C48C5978C277D96B37905232,47,com/maddox/il2/objects/air/BF_109F2B,True,FlightModels/Bf-109F-2.fmd,com/maddox/il2/objects/air/BF_109F2Btrop,reference-only-buttons-not-extracted,com/maddox/il2/objects/air/CockpitBF_109F2,com/maddox/il2/objects/air/BF_109F2Btrop,,player-capable-static,3DO/Plane/Bf-109F-2trop/hier.him,REVIEW,flight-model reference found; internal Buttons entry not yet verified
459,Bf-109F-2_U1_DZZMod,air.BF_109F2U1_DZZ,com/maddox/il2/objects/air/BF_109F2U1_DZZ,NOINFO,C:\Users\Alexis\DATA\Projets\GITHUB\IL2-1946-Open-Sturmovik\Files\9A68953AAEC9FCC4,loose,0A3040E8338AE5E0116DFE8E7D3C121E717E1C3BF495C44CBE0C171F21745D1D,47,com/maddox/il2/objects/air/BF_109,True,FlightModels/Bf-109F-2.fmd,com/maddox/il2/objects/air/BF_109F2U1_DZZ,reference-only-buttons-not-extracted,com/maddox/il2/objects/air/CockpitBF_109F2,com/maddox/il2/objects/air/BF_109F2U1_DZZ,,player-capable-static,,REVIEW,flight-model reference found; internal Buttons entry not yet verified
460,Bf-109F-4,air.BF_109F4,com/maddox/il2/objects/air/BF_109F4,,C:\Users\Alexis\DATA\Projets\GITHUB\IL2-1946-Open-Sturmovik\Files\62F859481286E098,loose,F241249BC560081367B4A6F1F560461EAE589E734A91EE3E5112145E15F0EB81,47,com/maddox/il2/objects/air/BF_109,True,FlightModels/Bf-109F-4.fmd,com/maddox/il2/objects/air/BF_109F4,reference-only-buttons-not-extracted,com/maddox/il2/objects/air/CockpitBF_109F2,com/maddox/il2/objects/air/BF_109F4,,player-capable-static,3DO/Plane/Bf-109F-4(sk)/hier.him | 3DO/Plane/Bf-109F-4/hier.him,REVIEW,flight-model reference found; internal Buttons entry not yet verified
461,Bf-109F-4/B,air.BF_109F4B,com/maddox/il2/objects/air/BF_109F4B,,C:\Users\Alexis\DATA\Projets\GITHUB\IL2-1946-Open-Sturmovik\Files\37AD50F0296A10C2,loose,1B5FACB1B65673541C9F19301307701EAA02837503709F07C3EC4A9A04A95864,47,com/maddox/il2/objects/air/BF_109,True,FlightModels/Bf-109F-4.fmd,com/maddox/il2/objects/air/BF_109F4B,reference-only-buttons-not-extracted,com/maddox/il2/objects/air/CockpitBF_109F4x,com/maddox/il2/objects/air/BF_109F4B,,player-capable-static,3DO/Plane/Bf-109F-4B(hu)/hier.him | 3DO/Plane/Bf-109F-4B/hier.him,REVIEW,flight-model reference found; internal Buttons entry not yet verified
462,Bf-109F-4/R1,air.BF_109F4R1,com/maddox/il2/objects/air/BF_109F4R1,,C:\Users\Alexis\DATA\Projets\GITHUB\IL2-1946-Open-Sturmovik\Files\6CB01A468AF7B5C6,loose,43FF8865E4F9B4BFD36A14B7B90EC73CFCDBF46F05C9DD1B2F1B657461AE085E,47,com/maddox/il2/objects/air/BF_109,True,FlightModels/Bf-109F-4.fmd,com/maddox/il2/objects/air/BF_109F4R1,reference-only-buttons-not-extracted,com/maddox/il2/objects/air/CockpitBF_109F4x,com/maddox/il2/objects/air/BF_109F4R1,,player-capable-static,3DO/Plane/Bf-109F-4R1/hier.him,REVIEW,flight-model reference found; internal Buttons entry not yet verified
463,Bf-109F-4_Trop,air.BF_109F4trop,com/maddox/il2/objects/air/BF_109F4trop,,C:\Users\Alexis\DATA\Projets\GITHUB\IL2-1946-Open-Sturmovik\Files\6492CA6EE3113950,loose,F9DDED81939E4AF66BCE2F36DE79253524968F8F5EDD4BE9D96971EDCB834BF7,47,com/maddox/il2/objects/air/BF_109,True,FlightModels/Bf-109F-4.fmd,com/maddox/il2/objects/air/BF_109F4trop,reference-only-buttons-not-extracted,com/maddox/il2/objects/air/CockpitBF_109F4x,com/maddox/il2/objects/air/BF_109F4trop,,player-capable-static,3DO/Plane/Bf-109F-4trop/hier.him,REVIEW,flight-model reference found; internal Buttons entry not yet verified
464,Bf-109F-4/B_Trop,air.BF_109F4Btrop,com/maddox/il2/objects/air/BF_109F4Btrop,,C:\Users\Alexis\DATA\Projets\GITHUB\IL2-1946-Open-Sturmovik\Files\01D584D44CEC8356,loose,99534393CF377265A99EBF45A7FABD2CB5C4FCCCC7D0D1457D3901339B37CF54,47,com/maddox/il2/objects/air/BF_109F4B,True,FlightModels/Bf-109F-4.fmd,com/maddox/il2/objects/air/BF_109F4Btrop,reference-only-buttons-not-extracted,com/maddox/il2/objects/air/CockpitBF_109F4x,com/maddox/il2/objects/air/BF_109F4Btrop,,player-capable-static,3DO/Plane/Bf-109F-4trop/hier.him,REVIEW,flight-model reference found; internal Buttons entry not yet verified
465,Bf-109F-4MSTL,air.BF_109F4MSTL,com/maddox/il2/objects/air/BF_109F4MSTL,NOQUICK | NOINFO,C:\Users\Alexis\DATA\Projets\GITHUB\IL2-1946-Open-Sturmovik\Files\52D88DE2A5B95694,loose,771066554BC9E06DBB7041514E81D86B1DB436CBB6E2503CDFB5FAFC25D3BA3B,47,com/maddox/il2/objects/air/BF_109,True,FlightModels/Bf-109F-4.fmd,com/maddox/il2/objects/air/BF_109F4MSTL,reference-only-buttons-not-extracted,com/maddox/il2/objects/air/CockpitBF_109F2,com/maddox/il2/objects/air/BF_109F4MSTL,,player-capable-static,3DO/Plane/Bf-109F-4(sk)/hier.him | 3DO/Plane/Bf-109F-4/hier.him,REVIEW,flight-model reference found; internal Buttons entry not yet verified
466,Bf-109F-5_DZZMod,air.BF_109F5_DZZ,com/maddox/il2/objects/air/BF_109F5_DZZ,NOINFO,C:\Users\Alexis\DATA\Projets\GITHUB\IL2-1946-Open-Sturmovik\Files\7D856D5EAB6BE878,loose,E9852FA3B2EF3588E8197E454B19BBDE5BAD3331C98E04D2441CC9C650ED2BC3,47,com/maddox/il2/objects/air/BF_109,True,FlightModels/Bf-109F-4.fmd,com/maddox/il2/objects/air/BF_109F5_DZZ,reference-only-buttons-not-extracted,com/maddox/il2/objects/air/CockpitBF_109F2,com/maddox/il2/objects/air/BF_109F5_DZZ,,player-capable-static,,REVIEW,flight-model reference found; internal Buttons entry not yet verified
467,Bf-109F-6_DZZMod,air.BF_109F6_DZZ,com/maddox/il2/objects/air/BF_109F6_DZZ,NOINFO,C:\Users\Alexis\DATA\Projets\GITHUB\IL2-1946-Open-Sturmovik\Files\675C508CC34BF1C0,loose,30EE0D51D6881F9C89C19D08FF5DAE9A1E6DB2A9038C18B9E9B5EEE4CD5A5ABB,47,com/maddox/il2/objects/air/BF_109,True,FlightModels/Bf-109F-4.fmd,com/maddox/il2/objects/air/BF_109F6_DZZ,reference-only-buttons-not-extracted,com/maddox/il2/objects/air/CockpitBF_109F2,com/maddox/il2/objects/air/BF_109F6_DZZ,,player-capable-static,,REVIEW,flight-model reference found; internal Buttons entry not yet verified
468,Bf-109G-10,air.BF_109G10,com/maddox/il2/objects/air/BF_109G10,,C:\Users\Alexis\DATA\Projets\GITHUB\IL2-1946-Open-Sturmovik\Files\8C80DAF2184E7BEE,loose,D5F1CC527C5506ED7298D883A7C359A6C1B4398685020A24BF5C32E5E69A0F18,47,com/maddox/il2/objects/air/BF_109,True,FlightModels/Bf-109G-10.fmd,com/maddox/il2/objects/air/BF_109G10,reference-only-buttons-not-extracted,com/maddox/il2/objects/air/CockpitBF_109G10,com/maddox/il2/objects/air/BF_109G10,,player-capable-static,3DO/Plane/Bf-109G-10/hier.him,REVIEW,flight-model reference found; internal Buttons entry not yet verified
469,Bf-109G-10_DZZMod,air.BF_109G10_DZZ,com/maddox/il2/objects/air/BF_109G10_DZZ,NOINFO,C:\Users\Alexis\DATA\Projets\GITHUB\IL2-1946-Open-Sturmovik\Files\CD26EA96DAC85CB2,loose,04BFF5F87EA0CC93A4D125325DD348D837A8D1F10F5B6F8B7CCF5F41C9A7FE86,47,com/maddox/il2/objects/air/BF_109,True,FlightModels/Bf-109G-10.fmd,com/maddox/il2/objects/air/BF_109G10_DZZ,reference-only-buttons-not-extracted,com/maddox/il2/objects/air/CockpitBF_109G10,com/maddox/il2/objects/air/BF_109G10_DZZ,,player-capable-static,3DO/Plane/Bf-109G-10/hier.him,REVIEW,flight-model reference found; internal Buttons entry not yet verified
470,Bf-109G-10MG,air.BF_109G10MG,com/maddox/il2/objects/air/BF_109G10MG,,C:\Users\Alexis\DATA\Projets\GITHUB\IL2-1946-Open-Sturmovik\Files\AC1393EAAE40B212,loose,13CC907C4C477AA1F74B6CF34981497A0898B1B9BC7F186266B62D41B77635A0,47,com/maddox/il2/objects/air/BF_109,True,FlightModels/Bf-109G-10.fmd,com/maddox/il2/objects/air/BF_109G10MG,reference-only-buttons-not-extracted,com/maddox/il2/objects/air/CockpitBF_109G10,com/maddox/il2/objects/air/BF_109G10MG,,player-capable-static,3DO/Plane/Bf-109G-10/hier.him,REVIEW,flight-model reference found; internal Buttons entry not yet verified
471,Bf-109G-10_Erla2,air.BF_109G10E2,com/maddox/il2/objects/air/BF_109G10E2,,C:\Users\Alexis\DATA\Projets\GITHUB\IL2-1946-Open-Sturmovik\Files\2B21A64C4870BB36,loose,E9BF50DC69188EE5E478BFC3A4E98B0A18B25CCC8503E5DF59F3812FA9027D68,47,com/maddox/il2/objects/air/BF_109,True,FlightModels/Bf-109G-10E.fmd,com/maddox/il2/objects/air/BF_109G10E2,reference-only-buttons-not-extracted,com/maddox/il2/objects/air/CockpitBF_109G10E,com/maddox/il2/objects/air/BF_109G10E2,,player-capable-static,3DO/Plane/Bf-109G-10E2(it)/hier.him | 3DO/Plane/Bf-109G-10E2/hier.him,REVIEW,flight-model reference found; internal Buttons entry not yet verified
472,Bf-109G-10_ErlaC3_45,air.BF_109G10C3,com/maddox/il2/objects/air/BF_109G10C3,,C:\Users\Alexis\DATA\Projets\GITHUB\IL2-1946-Open-Sturmovik\Files\887A9D7080FCA1A0,loose,E014CE20198CC1804F11D6949429F22999F77A55B3B59F16BCEC84059303997F,47,com/maddox/il2/objects/air/BF_109,True,FlightModels/Bf-109G-10C3.fmd,com/maddox/il2/objects/air/BF_109G10C3,reference-only-buttons-not-extracted,com/maddox/il2/objects/air/CockpitBF_109G10E,com/maddox/il2/objects/air/BF_109G10C3,,player-capable-static,3DO/Plane/Bf-109G-10E2(it)/hier.him | 3DO/Plane/Bf-109G-10E2/hier.him,REVIEW,flight-model reference found; internal Buttons entry not yet verified
473,Bf-109G-14,air.BF_109G14,com/maddox/il2/objects/air/BF_109G14,,C:\Users\Alexis\DATA\Projets\GITHUB\IL2-1946-Open-Sturmovik\Files\D73F306C23F3CF3E,loose,09751BA713295DF9924F4A19964B495F87DC20F36AA9CFE8B1F9E0ED28CAB946,47,com/maddox/il2/objects/air/BF_109,True,FlightModels/Bf-109G-14.fmd,com/maddox/il2/objects/air/BF_109G14,reference-only-buttons-not-extracted,com/maddox/il2/objects/air/CockpitBF_109G14,com/maddox/il2/objects/air/BF_109G14,,player-capable-static,3DO/Plane/Bf-109G-14/hier.him,REVIEW,flight-model reference found; internal Buttons entry not yet verified
474,Bf-109G-14AS,air.BF_109G14AS,com/maddox/il2/objects/air/BF_109G14AS,,C:\Users\Alexis\DATA\Projets\GITHUB\IL2-1946-Open-Sturmovik\Files\6ED25DDAF3F2CADA,loose,233F433E99421EB64105AAC6C2FE47F9986A8ADEBED1782E8AC911338ABD395D,47,com/maddox/il2/objects/air/BF_109,True,FlightModels/Bf-109G-14AS.fmd,com/maddox/il2/objects/air/BF_109G14AS,reference-only-buttons-not-extracted,com/maddox/il2/objects/air/CockpitBF_109G14E,com/maddox/il2/objects/air/BF_109G14AS,,player-capable-static,3DO/Plane/Bf-109G-14AS(it)/hier.him | 3DO/Plane/Bf-109G-14AS/hier.him,REVIEW,flight-model reference found; internal Buttons entry not yet verified
475,Bf-109G-14MG,air.BF_109G14MG,com/maddox/il2/objects/air/BF_109G14MG,,C:\Users\Alexis\DATA\Projets\GITHUB\IL2-1946-Open-Sturmovik\Files\50FB14DC427ECCA6,loose,C95FCBF165DB68B19F6EE6545C1EBCF08F05E8A045D908F60DFCB85222C3DEEE,47,com/maddox/il2/objects/air/BF_109,True,FlightModels/Bf-109G-14.fmd,com/maddox/il2/objects/air/BF_109G14MG,reference-only-buttons-not-extracted,com/maddox/il2/objects/air/CockpitBF_109G14,com/maddox/il2/objects/air/BF_109G14MG,,player-capable-static,3DO/Plane/Bf-109G-14/hier.him,REVIEW,flight-model reference found; internal Buttons entry not yet verified
476,Bf-109G-2,air.BF_109G2,com/maddox/il2/objects/air/BF_109G2,,C:\Users\Alexis\DATA\Projets\GITHUB\IL2-1946-Open-Sturmovik\Files\05735C3CEADD3C4E,loose,F80DA8493E861BDD0926190EE4F3E5876DA3EE2FD96C3A1AD942C7B0B64A8608,47,com/maddox/il2/objects/air/BF_109,True,FlightModels/Bf-109G-2.fmd,com/maddox/il2/objects/air/BF_109G2,reference-only-buttons-not-extracted,com/maddox/il2/objects/air/CockpitBF_109G2,com/maddox/il2/objects/air/BF_109G2,,player-capable-static,3DO/Plane/Bf-109G-2(fi)/hier.him | 3DO/Plane/Bf-109G-2(hu)/hier.him | 3DO/Plane/Bf-109G-2(sk)/hier.him | 3DO/Plane/Bf-109G-2/hier.him,REVIEW,flight-model reference found; internal Buttons entry not yet verified
477,Bf-109G-2T,air.BF_109G2T,com/maddox/il2/objects/air/BF_109G2T,NOINFO,C:\Users\Alexis\DATA\Projets\GITHUB\IL2-1946-Open-Sturmovik\Files\8234a8e2a53bc0f0,loose,11F75EA7F40303DC226006CFF0E67E757FF9A46E902A6DBE927E6563E74B8568,47,com/maddox/il2/objects/air/BF_109,True,FlightModels/Bf-109G-2.fmd,com/maddox/il2/objects/air/BF_109G2T,reference-only-buttons-not-extracted,com/maddox/il2/objects/air/CockpitBF_109G2,com/maddox/il2/objects/air/BF_109G2T,,player-capable-static,3DO/Plane/Bf-109G-2T/hier.him,REVIEW,flight-model reference found; internal Buttons entry not yet verified
478,Bf-109G-4,air.BF_109G4,com/maddox/il2/objects/air/BF_109G4,,C:\Users\Alexis\DATA\Projets\GITHUB\IL2-1946-Open-Sturmovik\Files\D9983F5E588B56B4,loose,3FED77036CD69F10F47F0B1FBFA02E216A7C8AC0695FA933A083CD17356DC6A4,47,com/maddox/il2/objects/air/BF_109,True,FlightModels/Bf-109F-2.fmd,com/maddox/il2/objects/air/BF_109G4,reference-only-buttons-not-extracted,com/maddox/il2/objects/air/CockpitBF_109G2,com/maddox/il2/objects/air/BF_109G4,,player-capable-static,3DO/Plane/Bf-109G-4/hier.him,REVIEW,flight-model reference found; internal Buttons entry not yet verified
479,Bf-109G-4T,air.BF_109G4T,com/maddox/il2/objects/air/BF_109G4T,NOINFO,C:\Users\Alexis\DATA\Projets\GITHUB\IL2-1946-Open-Sturmovik\Files\Ca6778f8f3212592,loose,0EFABF0F34BB74853E2DA9EEE9A31CB240C783C5879E0FE2023D9D487ED4857D,47,com/maddox/il2/objects/air/BF_109,True,FlightModels/Bf-109G-4.fmd,com/maddox/il2/objects/air/BF_109G4T,reference-only-buttons-not-extracted,com/maddox/il2/objects/air/CockpitBF_109G2,com/maddox/il2/objects/air/BF_109G4T,,player-capable-static,3DO/Plane/Bf-109G-4T/hier.him,REVIEW,flight-model reference found; internal Buttons entry not yet verified
480,Bf-109G-6,air.BF_109G6,com/maddox/il2/objects/air/BF_109G6,,C:\Users\Alexis\DATA\Projets\GITHUB\IL2-1946-Open-Sturmovik\Files\6E59C106E890E628,loose,24AC79BA138929FD9970682CB4E245107E3D260E169A96E80D04D39C8282E1BD,47,com/maddox/il2/objects/air/BF_109,True,FlightModels/Bf-109G-6Early.fmd,com/maddox/il2/objects/air/BF_109G6,reference-only-buttons-not-extracted,com/maddox/il2/objects/air/CockpitBF_109G6,com/maddox/il2/objects/air/BF_109G6,,player-capable-static,3DO/Plane/Bf-109G-6Early(fi)/hier.him | 3DO/Plane/Bf-109G-6Early(hu)/hier.him | 3DO/Plane/Bf-109G-6Early(sk)/hier.him | 3DO/Plane/Bf-109G-6Early/hier.him,REVIEW,flight-model reference found; internal Buttons entry not yet verified
481,Bf-109G-6_Late,air.BF_109G6Late,com/maddox/il2/objects/air/BF_109G6Late,NOINFO,C:\Users\Alexis\DATA\Projets\GITHUB\IL2-1946-Open-Sturmovik\Files\30AC45E439796AAE,loose,798628494F42511EEA75BDFC6DACD88B8FEF5B4F1A6CED5D7D10A02B395313BB,47,com/maddox/il2/objects/air/BF_109,True,FlightModels/Bf-109G-6Late.fmd,com/maddox/il2/objects/air/BF_109G6Late,reference-only-buttons-not-extracted,com/maddox/il2/objects/air/CockpitBF_109G6LATE,com/maddox/il2/objects/air/BF_109G6Late,,player-capable-static,3do/plane/Bf-109G-6Late/hier.him,REVIEW,flight-model reference found; internal Buttons entry not yet verified
482,Bf-109G-6T,air.BF_109G6T,com/maddox/il2/objects/air/BF_109G6T,NOINFO,C:\Users\Alexis\DATA\Projets\GITHUB\IL2-1946-Open-Sturmovik\Files\903c266eae4211e8,loose,C46BC3027A25AE82804211BA2EF62C742FFB5515038A5669CA308231B8055039,47,com/maddox/il2/objects/air/BF_109,True,FlightModels/Bf-109G-6Early.fmd,com/maddox/il2/objects/air/BF_109G6T,reference-only-buttons-not-extracted,com/maddox/il2/objects/air/CockpitBF_109G6,com/maddox/il2/objects/air/BF_109G6T,,player-capable-static,3DO/Plane/Bf-109G-6EarlyT/hier.him,REVIEW,flight-model reference found; internal Buttons entry not yet verified
483,Bf-109G-6_Erla,air.BF_109G6E,com/maddox/il2/objects/air/BF_109G6E,,C:\Users\Alexis\DATA\Projets\GITHUB\IL2-1946-Open-Sturmovik\Files\F2574EEA7D503CA2,loose,42CC58C18083DE1665018B501DBECB70FBA97C49C9476BD818CBF15B82BAFD61,47,com/maddox/il2/objects/air/BF_109,True,FlightModels/Bf-109G-6Early.fmd,com/maddox/il2/objects/air/BF_109G6E,reference-only-buttons-not-extracted,com/maddox/il2/objects/air/CockpitBF_109G6LATE,com/maddox/il2/objects/air/BF_109G6E,,player-capable-static,,REVIEW,flight-model reference found; internal Buttons entry not yet verified
484,Bf-109G-6AS,air.BF_109G6AS,com/maddox/il2/objects/air/BF_109G6AS,,C:\Users\Alexis\DATA\Projets\GITHUB\IL2-1946-Open-Sturmovik\Files\A61FD3F22142D746,loose,CEC14493E535A8607AC04E17E62E1813FCA0DDC9570B8A78197B667BB7AD5DA2,47,com/maddox/il2/objects/air/BF_109,True,FlightModels/Bf-109G-6AS.fmd,com/maddox/il2/objects/air/BF_109G6AS,reference-only-buttons-not-extracted,com/maddox/il2/objects/air/CockpitBF_109G6LATE,com/maddox/il2/objects/air/BF_109G6AS,,player-capable-static,3do/plane/Bf-109G-6AS/hier.him,REVIEW,flight-model reference found; internal Buttons entry not yet verified
485,Bf-109G-8_DZZMod,air.BF_109G8_DZZ,com/maddox/il2/objects/air/BF_109G8_DZZ,NOINFO,C:\Users\Alexis\DATA\Projets\GITHUB\IL2-1946-Open-Sturmovik\Files\546FF95840894A34,loose,476C9FD5F59981BF44E4F9503CB31167678B95D83391A79D562FD1A126EF93D0,47,com/maddox/il2/objects/air/BF_109,True,FlightModels/Bf-109G-6Late.fmd,com/maddox/il2/objects/air/BF_109G8_DZZ,reference-only-buttons-not-extracted,com/maddox/il2/objects/air/CockpitBF_109G6LATE,com/maddox/il2/objects/air/BF_109G8_DZZ,,player-capable-static,3do/plane/Bf-109G-6Late/hier.him,REVIEW,flight-model reference found; internal Buttons entry not yet verified
486,Bf-109K-4,air.BF_109K4,com/maddox/il2/objects/air/BF_109K4,,C:\Users\Alexis\DATA\Projets\GITHUB\IL2-1946-Open-Sturmovik\Files\6AEDC4300AC40298,loose,9323817B70F287703E3A2BF5A8FDBFEEA93D1E0E01F01D5E05DB48905AE49A3B,47,com/maddox/il2/objects/air/BF_109,True,FlightModels/Bf-109K-4.fmd,com/maddox/il2/objects/air/BF_109K4,reference-only-buttons-not-extracted,com/maddox/il2/objects/air/CockpitBF_109K4,com/maddox/il2/objects/air/BF_109K4,,player-capable-static,3do/plane/Bf-109K-4/hier.him,REVIEW,flight-model reference found; internal Buttons entry not yet verified
487,Bf-109K-4C3,air.BF_109K4C3,com/maddox/il2/objects/air/BF_109K4C3,NOINFO,C:\Users\Alexis\DATA\Projets\GITHUB\IL2-1946-Open-Sturmovik\Files\B28B584A3626552E,loose,7CD805FF49D224B9522F96B0CF807291D194FB7C084D65EF435F4C3B27B47521,47,com/maddox/il2/objects/air/BF_109,True,FlightModels/Bf-109K-4-C3.fmd,com/maddox/il2/objects/air/BF_109K4C3,reference-only-buttons-not-extracted,com/maddox/il2/objects/air/CockpitBF_109K4,com/maddox/il2/objects/air/BF_109K4C3,,player-capable-static,3DO/Plane/Bf-109K-4/hier.him,REVIEW,flight-model reference found; internal Buttons entry not yet verified
488,Bf-109Z,air.BF_109Z,com/maddox/il2/objects/air/BF_109Z,,C:\Users\Alexis\DATA\Projets\GITHUB\IL2-1946-Open-Sturmovik\Files\5E8FFDC47EE75102,loose,38D932493636363E8F091D8972B9036A0A5BC3CE058D88D064740F01159A3FE5,47,com/maddox/il2/objects/air/SchemeZ,True,FlightModels/Bf-109Z.fmd,com/maddox/il2/objects/air/BF_109Z,reference-only-buttons-not-extracted,com/maddox/il2/objects/air/CockpitBF_109Z,com/maddox/il2/objects/air/BF_109Z,,player-capable-static,3DO/Plane/Bf-109Z/hier.him,REVIEW,flight-model reference found; internal Buttons entry not yet verified
489,Bf-110C-4,air.BF_110C4,com/maddox/il2/objects/air/BF_110C4,,C:\Users\Alexis\DATA\Projets\GITHUB\IL2-1946-Open-Sturmovik\Files\F2B4861EE891BD62,loose,72A8E01D65F5868BCC8C9C845D7395A24610042BD6B7E0108C5A601B6F1C218D,47,com/maddox/il2/objects/air/BF_110,True,FlightModels/Bf-110C-4.fmd,com/maddox/il2/objects/air/BF_110C4,reference-only-buttons-not-extracted,com/maddox/il2/objects/air/CockpitBF_110C4 | com/maddox/il2/objects/air/CockpitBF_110C4_Gunner,com/maddox/il2/objects/air/BF_110C4,,player-capable-static,3DO/Plane/Bf-110C-4/hier.him,REVIEW,flight-model reference found; internal Buttons entry not yet verified
490,Bf-110C-4B,air.BF_110C4B,com/maddox/il2/objects/air/BF_110C4B,,C:\Users\Alexis\DATA\Projets\GITHUB\IL2-1946-Open-Sturmovik\Files\57D194B04953B188,loose,BA9664CB50A3F4A05AA5C86EF42A6CA95B7066AD7AB7BBD35F11D2F828CE7A51,47,com/maddox/il2/objects/air/BF_110,True,FlightModels/Bf-110C-4.fmd,com/maddox/il2/objects/air/BF_110C4B,reference-only-buttons-not-extracted,com/maddox/il2/objects/air/CockpitBF_110C4B | com/maddox/il2/objects/air/CockpitBF_110C4B_Gunner,com/maddox/il2/objects/air/BF_110C4B,,player-capable-static,3DO/Plane/Bf-110C-4B/hier.him,REVIEW,flight-model reference found; internal Buttons entry not yet verified
491,Bf-110G-2,air.BF_110G2,com/maddox/il2/objects/air/BF_110G2,,C:\Users\Alexis\DATA\Projets\GITHUB\IL2-1946-Open-Sturmovik\WIP\labs\IL 2 Sturmovik 1946 Selector Dump\dump\com\maddox\il2\objects\air\BF_110G2.class,selector-dump,421E6F296A3DA54F13AA6391D40593F0D93B9DFC64095268670FA156F6D6479C,47,com/maddox/il2/objects/air/BF_110,True,FlightModels/Bf-110G-2.fmd,com/maddox/il2/objects/air/BF_110G2,reference-only-buttons-not-extracted,com/maddox/il2/objects/air/CockpitBF_110G | com/maddox/il2/objects/air/CockpitBF_110G_Gunner,com/maddox/il2/objects/air/BF_110G2,,player-capable-static,3DO/Plane/Bf-110G-2/hier.him,REVIEW,flight-model reference found; internal Buttons entry not yet verified
492,BF-110-G4,air.BF_110G4,com/maddox/il2/objects/air/BF_110G4,NOINFO,C:\Users\Alexis\DATA\Projets\GITHUB\IL2-1946-Open-Sturmovik\Files\7BFC750C8F5DB9A4,loose,E1A1064FE7EEF1C4FDD67429EEEE26ADE7604F94AC08BD05563E4D16D0DE490A,47,com/maddox/il2/objects/air/BF_110,True,FlightModels/Bf-110G-4.fmd,com/maddox/il2/objects/air/BF_110G4,reference-only-buttons-not-extracted,com/maddox/il2/objects/air/CockpitBF_110G4 | com/maddox/il2/objects/air/CockpitBF_110G4_Gunner,com/maddox/il2/objects/air/BF_110G4,,player-capable-static,3DO/Plane/Bf-110G-4/hier.him,REVIEW,flight-model reference found; internal Buttons entry not yet verified
493,Bf-110G-4R3,air.BF_110G4R3,com/maddox/il2/objects/air/BF_110G4R3,,C:\Users\Alexis\DATA\Projets\GITHUB\IL2-1946-Open-Sturmovik\Files\F261828E785F8A2E,loose,FDDC1D39B1FF316C77B123A3223583FC88B1662B8B1E36A79F6AF6C507A66D2F,47,com/maddox/il2/objects/air/BF_110,True,FlightModels/Bf-110G-2.fmd,com/maddox/il2/objects/air/BF_110G4R3,reference-only-buttons-not-extracted,com/maddox/il2/objects/air/CockpitBF_110G4R3 | com/maddox/il2/objects/air/CockpitBF_110G4R3_Gunner,com/maddox/il2/objects/air/BF_110G4R3,,player-capable-static,3DO/Plane/Bf-110G-4R3/hier.him,REVIEW,flight-model reference found; internal Buttons entry not yet verified
494,Me-163B-1a,air.ME_163B1A,com/maddox/il2/objects/air/ME_163B1A,,C:\Users\Alexis\DATA\Projets\GITHUB\IL2-1946-Open-Sturmovik\WIP\labs\IL 2 Sturmovik 1946 Selector Dump\dump\com\maddox\il2\objects\air\ME_163B1A.class,selector-dump,A77C49BAD953F0CF7E74EDCB27D76C243215CFF3B786437ECFBE895C1102ACFA,47,com/maddox/il2/objects/air/Scheme1,True,FlightModels/Me-163B-1a.fmd,com/maddox/il2/objects/air/ME_163B1A,reference-only-buttons-not-extracted,com/maddox/il2/objects/air/CockpitME_163,com/maddox/il2/objects/air/ME_163B1A,,player-capable-static,3DO/Plane/Me-163B-1a/hier.him,REVIEW,flight-model reference found; internal Buttons entry not yet verified
495,Me-210Ca-1,air.ME_210CA1,com/maddox/il2/objects/air/ME_210CA1,,C:\Users\Alexis\DATA\Projets\GITHUB\IL2-1946-Open-Sturmovik\Files\4FFEAE084BA29184,loose,EDA882A20F1A3E1E57E227E350824C6608F6F4F7AD2B38627187C81CB3BE7F03,47,com/maddox/il2/objects/air/ME_210,True,FlightModels/Me-210Ca-1.fmd,com/maddox/il2/objects/air/ME_210CA1,reference-only-buttons-not-extracted,com/maddox/il2/objects/air/CockpitBF_210,com/maddox/il2/objects/air/ME_210CA1,,player-capable-static,3DO/Plane/Me-210Ca-1/hier.him,REVIEW,flight-model reference found; internal Buttons entry not yet verified
496,Me-210Ca-1ZSTR,air.ME_210CA1ZSTR,com/maddox/il2/objects/air/ME_210CA1ZSTR,,C:\Users\Alexis\DATA\Projets\GITHUB\IL2-1946-Open-Sturmovik\Files\D8BC52E8D9274342,loose,EAE25EFE09D105865BCDB75EC92980C3E04602071FFD0E4A5D1C0BAC45283D2B,47,com/maddox/il2/objects/air/ME_210,True,FlightModels/Me-210Ca-1.fmd,com/maddox/il2/objects/air/ME_210CA1ZSTR,reference-only-buttons-not-extracted,com/maddox/il2/objects/air/CockpitBF_210,com/maddox/il2/objects/air/ME_210CA1ZSTR,,player-capable-static,3DO/Plane/Me-210Ca-1Zerstorer/hier.him,REVIEW,flight-model reference found; internal Buttons entry not yet verified
497,Me-262A-1a,air.ME_262A1A,com/maddox/il2/objects/air/ME_262A1A,,C:\Users\Alexis\DATA\Projets\GITHUB\IL2-1946-Open-Sturmovik\WIP\labs\IL 2 Sturmovik 1946 Selector Dump\dump\com\maddox\il2\objects\air\ME_262A1A.class,selector-dump,A4DCE6B0730C91C842BBF3890FBD2EC56157320F6D5738F5E79040965C704AF5,47,com/maddox/il2/objects/air/ME_262,True,FlightModels/Me-262A-1a.fmd,com/maddox/il2/objects/air/ME_262A1A,reference-only-buttons-not-extracted,com/maddox/il2/objects/air/CockpitME_262,com/maddox/il2/objects/air/ME_262A1A,,player-capable-static,3DO/Plane/Me-262A-1a/hier.him,REVIEW,flight-model reference found; internal Buttons entry not yet verified
498,Me-262A-1aU4,air.ME_262A1AU4,com/maddox/il2/objects/air/ME_262A1AU4,NOINFO,C:\Users\Alexis\DATA\Projets\GITHUB\IL2-1946-Open-Sturmovik\WIP\labs\IL 2 Sturmovik 1946 Selector Dump\dump\com\maddox\il2\objects\air\ME_262A1AU4.class,selector-dump,0C98CA4B54A1BD56D32ED22FC9DC6046118CF31CA03047598AC66F13E4D80731,47,com/maddox/il2/objects/air/ME_262,True,FlightModels/Me-262A-1aU4.fmd,com/maddox/il2/objects/air/ME_262A1AU4,reference-only-buttons-not-extracted,com/maddox/il2/objects/air/CockpitME_262,com/maddox/il2/objects/air/ME_262A1AU4,,player-capable-static,3DO/Plane/Me-262A-1aU4/hier.him,REVIEW,flight-model reference found; internal Buttons entry not yet verified
499,Me-262A-2a,air.ME_262A2A,com/maddox/il2/objects/air/ME_262A2A,,C:\Users\Alexis\DATA\Projets\GITHUB\IL2-1946-Open-Sturmovik\WIP\labs\IL 2 Sturmovik 1946 Selector Dump\dump\com\maddox\il2\objects\air\ME_262A2A.class,selector-dump,4FC2AC1327E4450709CEBE80A1103B227E47CEA8804B57F4F151BB571AE5CFA6,47,com/maddox/il2/objects/air/ME_262,True,FlightModels/Me-262A-1a.fmd,com/maddox/il2/objects/air/ME_262A2A,reference-only-buttons-not-extracted,com/maddox/il2/objects/air/CockpitME_262,com/maddox/il2/objects/air/ME_262A2A,,player-capable-static,3DO/Plane/Me-262A-2a/hier.him,REVIEW,flight-model reference found; internal Buttons entry not yet verified
500,Me-262HG-II,air.ME_262HGII,com/maddox/il2/objects/air/ME_262HGII,,C:\Users\Alexis\DATA\Projets\GITHUB\IL2-1946-Open-Sturmovik\WIP\labs\IL 2 Sturmovik 1946 Selector Dump\dump\com\maddox\il2\objects\air\ME_262HGII.class,selector-dump,6F93EA1EB67426D245AFA79DCCF22DE10DD6295B933A5598E62EA9EB8AC877C1,47,com/maddox/il2/objects/air/ME_262,True,FlightModels/Me-262HG-II.fmd,com/maddox/il2/objects/air/ME_262HGII,reference-only-buttons-not-extracted,com/maddox/il2/objects/air/CockpitME_262HGII,com/maddox/il2/objects/air/ME_262HGII,,player-capable-static,3DO/Plane/Me-262HG-II/hier.him,REVIEW,flight-model reference found; internal Buttons entry not yet verified
501,Me-321,air.ME_321,com/maddox/il2/objects/air/ME_321,NOQUICK,C:\Users\Alexis\DATA\Projets\GITHUB\IL2-1946-Open-Sturmovik\Files\D3A3EFE03800A704,loose,925829F636FD11BE7B891B62957807C806CDD49D199D93972CB992251A33353A,47,com/maddox/il2/objects/air/Scheme0,True,FlightModels/Me-321.fmd,com/maddox/il2/objects/air/ME_321,reference-only-buttons-not-extracted,com/maddox/il2/objects/air/CockpitME_321 | com/maddox/il2/objects/air/CockpitME_321_FLGunner | com/maddox/il2/objects/air/CockpitME_321_FRGunner | com/maddox/il2/objects/air/CockpitME_321_LGunner | com/maddox/il2/objects/air/CockpitME_321_RGunner,com/maddox/il2/objects/air/ME_321,,player-capable-static,3do/plane/Me-321/hier.him,REVIEW,flight-model reference found; internal Buttons entry not yet verified
502,Me-323,air.ME_323,com/maddox/il2/objects/air/ME_323,,C:\Users\Alexis\DATA\Projets\GITHUB\IL2-1946-Open-Sturmovik\Files\5B971F3610952158,loose,D567959899E5E7131BB540B4875652DD2BB03691A1169E75B099B9770AA38E7E,47,com/maddox/il2/objects/air/Scheme7,True,FlightModels/Me-323.fmd,com/maddox/il2/objects/air/ME_323,reference-only-buttons-not-extracted,com/maddox/il2/objects/air/CockpitME_323 | com/maddox/il2/objects/air/CockpitME_323_FLGunner | com/maddox/il2/objects/air/CockpitME_323_FRGunner | com/maddox/il2/objects/air/CockpitME_323_LGunner | com/maddox/il2/objects/air/CockpitME_323_RGunner | com/maddox/il2/objects/air/CockpitME_323_TGunner | com/maddox/il2/objects/air/CockpitME_323_TLGunner | com/maddox/il2/objects/air/CockpitME_323_TRGunner,com/maddox/il2/objects/air/ME_323,,player-capable-static,3Do/Plane/Me-323/hier.him,REVIEW,flight-model reference found; internal Buttons entry not yet verified
503,ME-410-A,air.ME_410A,com/maddox/il2/objects/air/ME_410A,NOINFO,C:\Users\Alexis\DATA\Projets\GITHUB\IL2-1946-Open-Sturmovik\Files\7A1CE6865339D75E,loose,7EC53DDBFB333ABEBB89C125C92E0B26431ADE72B1C9BC06A7276AED4609BA93,47,com/maddox/il2/objects/air/ME_210,True,FlightModels/Me-410A.fmd,com/maddox/il2/objects/air/ME_410A,reference-only-buttons-not-extracted,com/maddox/il2/objects/air/Cockpit410A_Bombardier | com/maddox/il2/objects/air/CockpitME_410A,com/maddox/il2/objects/air/ME_410A,,player-capable-static,3DO/Plane/ME-410-A/hier.him,REVIEW,flight-model reference found; internal Buttons entry not yet verified
504,ME-410-B,air.ME_410B,com/maddox/il2/objects/air/ME_410B,NOINFO,C:\Users\Alexis\DATA\Projets\GITHUB\IL2-1946-Open-Sturmovik\Files\28DD1B0E7DE91878,loose,461D70B6DA77DFACA7EFF2136B5942C9BF87EB837D1CE29DE01F09844999A364,47,com/maddox/il2/objects/air/ME_210,True,FlightModels/Me-410B.fmd,com/maddox/il2/objects/air/ME_410B,reference-only-buttons-not-extracted,com/maddox/il2/objects/air/Cockpit410B_Bombardier | com/maddox/il2/objects/air/CockpitME_410B,com/maddox/il2/objects/air/ME_410B,,player-capable-static,3DO/Plane/ME-410-B/hier.him,REVIEW,flight-model reference found; internal Buttons entry not yet verified
505,ME-410-D,air.ME_410D,com/maddox/il2/objects/air/ME_410D,NOINFO,C:\Users\Alexis\DATA\Projets\GITHUB\IL2-1946-Open-Sturmovik\Files\4E33B5A0727AF7C6,loose,E535C89355385E52CF7B7F1788A726B2B2D2AD019CC11ECBC4DF8933C8E825BA,47,com/maddox/il2/objects/air/ME_210,True,FlightModels/Me-410D.fmd,com/maddox/il2/objects/air/ME_410D,reference-only-buttons-not-extracted,com/maddox/il2/objects/air/Cockpit410D_Bombardier | com/maddox/il2/objects/air/CockpitME_410D,com/maddox/il2/objects/air/ME_410D,,player-capable-static,3DO/Plane/ME-410-D/hier.him,REVIEW,flight-model reference found; internal Buttons entry not yet verified
506,B5N2,air.B5N2,com/maddox/il2/objects/air/B5N2,,C:\Users\Alexis\DATA\Projets\GITHUB\IL2-1946-Open-Sturmovik\Files\4AA1ADFA711620AA,loose,DEE7439AAA7E3C167CB4A3FC7851D748F3BF17C25A3D94A9D111627F20D2326E,47,com/maddox/il2/objects/air/B5N,True,FlightModels/B5N2.fmd,com/maddox/il2/objects/air/B5N2,reference-only-buttons-not-extracted,com/maddox/il2/objects/air/CockpitB5N2 | com/maddox/il2/objects/air/CockpitB5N2_Bombardier | com/maddox/il2/objects/air/CockpitB5N2_TGunner,com/maddox/il2/objects/air/B5N2,,player-capable-static,3DO/Plane/B5N2(Multi1)/hier.him | 3DO/Plane/B5N2(ja)/hier.him,REVIEW,flight-model reference found; internal Buttons entry not yet verified
507,B6N2,air.B6N2,com/maddox/il2/objects/air/B6N2,,C:\Users\Alexis\DATA\Projets\GITHUB\IL2-1946-Open-Sturmovik\Files\A082A67E1B6F4298,loose,295692986B8F60FCDC03D091F3B0185AA0A5FBADCBFF9342CCB26607D30B60E3,47,com/maddox/il2/objects/air/B6N,True,FlightModels/B6N2.fmd,com/maddox/il2/objects/air/B6N2,reference-only-buttons-not-extracted,com/maddox/il2/objects/air/CockpitB6N2 | com/maddox/il2/objects/air/CockpitB6N2_BGunner | com/maddox/il2/objects/air/CockpitB6N2_Bombardier | com/maddox/il2/objects/air/CockpitB6N2_TGunner,com/maddox/il2/objects/air/B6N2,,player-capable-static,3DO/Plane/B6N2(Multi1)/hier.him | 3DO/Plane/B6N2(ja)/hier.him,REVIEW,flight-model reference found; internal Buttons entry not yet verified
508,IAR80,air.IAR_80,com/maddox/il2/objects/air/IAR_80,,C:\Users\Alexis\DATA\Projets\GITHUB\IL2-1946-Open-Sturmovik\WIP\labs\IL 2 Sturmovik 1946 Selector Dump\dump\com\maddox\il2\objects\air\IAR_80.class,selector-dump,DACF406203FEDB9C65C3D5991A3A0B5A067A5DD63A1336092498F8A9B5A9C51D,47,com/maddox/il2/objects/air/IAR_8X,True,FlightModels/IAR-80.fmd,com/maddox/il2/objects/air/IAR_80,reference-only-buttons-not-extracted,com/maddox/il2/objects/air/CockpitIAR80,com/maddox/il2/objects/air/IAR_80,,player-capable-static,3DO/Plane/IAR-80/hier.him,REVIEW,flight-model reference found; internal Buttons entry not yet verified
509,IAR80B,air.IAR_80B,com/maddox/il2/objects/air/IAR_80B,,C:\Users\Alexis\DATA\Projets\GITHUB\IL2-1946-Open-Sturmovik\Files\913F589E5078B792,loose,B684968DE227232E1FE1286D813AE807982F99DD080B1D8885953D3E9F1CA44C,46,com/maddox/il2/objects/air/IAR_8X,True,FlightModels/IAR-80B.fmd,com/maddox/il2/objects/air/IAR_80B,reference-only-buttons-not-extracted,com/maddox/il2/objects/air/CockpitIAR81,com/maddox/il2/objects/air/IAR_80B,,player-capable-static,3DO/Plane/IAR80B/hier.him,REVIEW,flight-model reference found; internal Buttons entry not yet verified
510,IAR80C,air.IAR_80C,com/maddox/il2/objects/air/IAR_80C,,C:\Users\Alexis\DATA\Projets\GITHUB\IL2-1946-Open-Sturmovik\Files\8724DB2EFF019F20,loose,310CE8A8E53344C71CBEBC79B5601CF9D0A4F36314FADEC1A0AE788794D3302B,46,com/maddox/il2/objects/air/IAR_8X,True,FlightModels/IAR-80B.fmd,com/maddox/il2/objects/air/IAR_80C,reference-only-buttons-not-extracted,com/maddox/il2/objects/air/CockpitIAR81,com/maddox/il2/objects/air/IAR_80C,,player-capable-static,3DO/Plane/IAR80C/hier.him,REVIEW,flight-model reference found; internal Buttons entry not yet verified
511,IAR81Cnew,air.IAR_81Cnew,com/maddox/il2/objects/air/IAR_81Cnew,,C:\Users\Alexis\DATA\Projets\GITHUB\IL2-1946-Open-Sturmovik\Files\8F298DDC670AC4E8,loose,23364A664973A4800D9B9FB54EE752E559F047D6F8DC351545A69C1EFEB9A2DE,46,com/maddox/il2/objects/air/IAR_8X,True,FlightModels/IAR-80M.fmd,com/maddox/il2/objects/air/IAR_81Cnew,reference-only-buttons-not-extracted,com/maddox/il2/objects/air/CockpitIAR81,com/maddox/il2/objects/air/IAR_81Cnew,,player-capable-static,3DO/Plane/IAR81C/hier.him,REVIEW,flight-model reference found; internal Buttons entry not yet verified
512,IAR80early,air.IAR_80A,com/maddox/il2/objects/air/IAR_80A,,C:\Users\Alexis\DATA\Projets\GITHUB\IL2-1946-Open-Sturmovik\Files\1D9CE042F5006DD4,loose,714A5FC36C60B601327C18C116A2D1831F8D3BA12FBA3E73B450DC6192A1E58C,46,com/maddox/il2/objects/air/IAR_8X,True,FlightModels/IAR-80A.fmd,com/maddox/il2/objects/air/IAR_80A,reference-only-buttons-not-extracted,com/maddox/il2/objects/air/CockpitIAR81,com/maddox/il2/objects/air/IAR_80A,,player-capable-static,3DO/Plane/IAR80early/hier.him,REVIEW,flight-model reference found; internal Buttons entry not yet verified
513,IAR80M,air.IAR_80M,com/maddox/il2/objects/air/IAR_80M,,C:\Users\Alexis\DATA\Projets\GITHUB\IL2-1946-Open-Sturmovik\Files\CB3A46B05C163202,loose,B5EB5354AD0A106A60004FDAC9E962138AC1DCE4F35CBC378906ACD534DF192B,46,com/maddox/il2/objects/air/IAR_8X,True,FlightModels/IAR-80M.fmd,com/maddox/il2/objects/air/IAR_80M,reference-only-buttons-not-extracted,com/maddox/il2/objects/air/CockpitIAR81,com/maddox/il2/objects/air/IAR_80M,,player-capable-static,3DO/Plane/IAR80M/hier.him,REVIEW,flight-model reference found; internal Buttons entry not yet verified
514,IAR81a,air.IAR_81A,com/maddox/il2/objects/air/IAR_81A,,C:\Users\Alexis\DATA\Projets\GITHUB\IL2-1946-Open-Sturmovik\WIP\labs\IL 2 Sturmovik 1946 Selector Dump\dump\com\maddox\il2\objects\air\IAR_81A.class,selector-dump,C5A55DBB5180BA36A65196504263EA814ADCCB079FF3D47C38BFA50BB93F7164,47,com/maddox/il2/objects/air/IAR_8X,True,FlightModels/IAR-81a.fmd,com/maddox/il2/objects/air/IAR_81A,reference-only-buttons-not-extracted,com/maddox/il2/objects/air/CockpitIAR81,com/maddox/il2/objects/air/IAR_81A,,player-capable-static,3DO/Plane/IAR-81a/hier.him,REVIEW,flight-model reference found; internal Buttons entry not yet verified
515,IAR81c,air.IAR_81C,com/maddox/il2/objects/air/IAR_81C,NOINFO,C:\Users\Alexis\DATA\Projets\GITHUB\IL2-1946-Open-Sturmovik\WIP\labs\IL 2 Sturmovik 1946 Selector Dump\dump\com\maddox\il2\objects\air\IAR_81C.class,selector-dump,4FE2210BD834E6D995E0B26FE0EB630C861A49F4962F89895F7A21D0EB407F5B,47,com/maddox/il2/objects/air/IAR_8X,True,FlightModels/IAR-81a.fmd,com/maddox/il2/objects/air/IAR_81C,reference-only-buttons-not-extracted,com/maddox/il2/objects/air/CockpitIAR81,com/maddox/il2/objects/air/IAR_81C,,player-capable-static,3DO/Plane/IAR-81a/hier.him,REVIEW,flight-model reference found; internal Buttons entry not yet verified
516,RE-2000,air.RE_2000,com/maddox/il2/objects/air/RE_2000,NOINFO,C:\Users\Alexis\DATA\Projets\GITHUB\IL2-1946-Open-Sturmovik\WIP\labs\IL 2 Sturmovik 1946 Selector Dump\dump\com\maddox\il2\objects\air\RE_2000.class,selector-dump,19750D16213121FD2A68C98C41B2C6315BE264227EF035D69CAB130E2E2FBF4A,47,com/maddox/il2/objects/air/RE_2000xyz,True,FlightModels/RE-2000.fmd,com/maddox/il2/objects/air/RE_2000,reference-only-buttons-not-extracted,,,,probable-ai-only,3DO/Plane/RE-2000(hu)/hier.him | 3DO/Plane/RE-2000(it)/hier.him | 3DO/Plane/RE-2000(multi)/hier.him,REVIEW,flight-model reference found; internal Buttons entry not yet verified | no usable cockpitClass declaration found; treat as AI-only until runtime proof
517,SM-79,air.SM79i,com/maddox/il2/objects/air/SM79i,NOINFO,C:\Users\Alexis\DATA\Projets\GITHUB\IL2-1946-Open-Sturmovik\WIP\labs\IL 2 Sturmovik 1946 Selector Dump\dump\com\maddox\il2\objects\air\SM79i.class,selector-dump,8F124328CB672CE7D5E68725B1FF1A08FE3E015D93891A8F1CC3316FD82E9C92,47,com/maddox/il2/objects/air/SM79,True,FlightModels/SM79.fmd,com/maddox/il2/objects/air/SM79i,reference-only-buttons-not-extracted,com/maddox/il2/objects/air/CockpitSM79 | com/maddox/il2/objects/air/CockpitSM79_BGunner | com/maddox/il2/objects/air/CockpitSM79_Bombardier | com/maddox/il2/objects/air/CockpitSM79_LGunner | com/maddox/il2/objects/air/CockpitSM79_RGunner | com/maddox/il2/objects/air/CockpitSM79_TGunner,com/maddox/il2/objects/air/SM79i,,player-capable-static,3do/plane/SM79-I(it)/hier.him | 3do/plane/SM79-I(multi)/hier.him,REVIEW,flight-model reference found; internal Buttons entry not yet verified
518,L2D,air.L2D,com/maddox/il2/objects/air/L2D,,C:\Users\Alexis\DATA\Projets\GITHUB\IL2-1946-Open-Sturmovik\Files\51560CD02C83797E,loose,4FBE738ED3E0C69F61094D9093CD4F40FADAE2A308028B1B0FF66690CC58075A,47,com/maddox/il2/objects/air/Scheme2,True,FlightModels/DC-3.fmd,com/maddox/il2/objects/air/L2D,reference-only-buttons-not-extracted,com/maddox/il2/objects/air/CockpitL2D,com/maddox/il2/objects/air/L2D,,player-capable-static,3DO/Plane/L2D(Multi1)/hier.him | 3DO/Plane/L2D(ja)/hier.him,REVIEW,flight-model reference found; internal Buttons entry not yet verified
519,Ta-152C,air.TA_152C,com/maddox/il2/objects/air/TA_152C,NOINFO,C:\Users\Alexis\DATA\Projets\GITHUB\IL2-1946-Open-Sturmovik\WIP\labs\IL 2 Sturmovik 1946 Selector Dump\dump\com\maddox\il2\objects\air\TA_152C.class,selector-dump,EDD54A66D63FD8B5D9E6B258F74A2BC4CD43002FCB67D2E7EC6D9A8788563184,47,com/maddox/il2/objects/air/FW_190,True,FlightModels/Ta-152C.fmd,com/maddox/il2/objects/air/TA_152C,reference-only-buttons-not-extracted,com/maddox/il2/objects/air/CockpitTA_152C,com/maddox/il2/objects/air/TA_152C,,player-capable-static,3DO/Plane/Ta-152C/hier.him,REVIEW,flight-model reference found; internal Buttons entry not yet verified
520,Ta-152C0,air.TA_152C0,com/maddox/il2/objects/air/TA_152C0,NOINFO,C:\Users\Alexis\DATA\Projets\GITHUB\IL2-1946-Open-Sturmovik\Files\2C6037CA87D9ACE6,loose,8C8736B0A36303929D9C5526A182430A877D6CC33C73D9F828889C45ED854DFE,45,com/maddox/il2/objects/air/FW_190,True,FlightModels/Ta-152C0.fmd,com/maddox/il2/objects/air/TA_152C0,reference-only-buttons-not-extracted,com/maddox/il2/objects/air/CockpitTA_152C0,com/maddox/il2/objects/air/TA_152C0,,player-capable-static,3DO/Plane/Ta-152C0/hier.him,REVIEW,flight-model reference found; internal Buttons entry not yet verified
521,Ta-152C1,air.TA_152C1,com/maddox/il2/objects/air/TA_152C1,NOINFO,C:\Users\Alexis\DATA\Projets\GITHUB\IL2-1946-Open-Sturmovik\Files\36BB45BA8C58407A,loose,9E52EB4184BD7CADF24E522DD1AF2A5C6B7046494848CA7F6B2E7901EAA1C7EB,45,com/maddox/il2/objects/air/FW_190,True,FlightModels/Ta-152C1.fmd,com/maddox/il2/objects/air/TA_152C1,reference-only-buttons-not-extracted,com/maddox/il2/objects/air/CockpitTA_152C1,com/maddox/il2/objects/air/TA_152C1,,player-capable-static,3DO/Plane/Ta-152C1/hier.him,REVIEW,flight-model reference found; internal Buttons entry not yet verified
522,Ta-152C3,air.TA_152C3,com/maddox/il2/objects/air/TA_152C3,NOINFO,C:\Users\Alexis\DATA\Projets\GITHUB\IL2-1946-Open-Sturmovik\Files\CACDBA0A2E1D1DB4,loose,622C87F4278C8AF38C6B29F64F9511DAE7DBD47E4FE184C4310B777F95B7D4A2,47,com/maddox/il2/objects/air/FW_190,True,FlightModels/Ta-152C3.fmd,com/maddox/il2/objects/air/TA_152C3,reference-only-buttons-not-extracted,com/maddox/il2/objects/air/CockpitTA_152C3,com/maddox/il2/objects/air/TA_152C3,,player-capable-static,3DO/Plane/Ta-152C3/hier.him,REVIEW,flight-model reference found; internal Buttons entry not yet verified
523,Ta-152H-1,air.TA_152H1,com/maddox/il2/objects/air/TA_152H1,,C:\Users\Alexis\DATA\Projets\GITHUB\IL2-1946-Open-Sturmovik\Files\0509C6AEFDC9F49A,loose,C54E1622DB8C964ED12C9151933B319ABD8065C1895F59F0FBCE1444A3DFB3E2,47,com/maddox/il2/objects/air/FW_190,True,FlightModels/Ta-152H-1.fmd,com/maddox/il2/objects/air/TA_152H1,reference-only-buttons-not-extracted,com/maddox/il2/objects/air/CockpitTA_152,com/maddox/il2/objects/air/TA_152H1,,player-capable-static,3DO/Plane/Ta-152H-1/hier.him,REVIEW,flight-model reference found; internal Buttons entry not yet verified
524,Ta-183,air.TA_183,com/maddox/il2/objects/air/TA_183,,C:\Users\Alexis\DATA\Projets\GITHUB\IL2-1946-Open-Sturmovik\WIP\labs\IL 2 Sturmovik 1946 Selector Dump\dump\com\maddox\il2\objects\air\TA_183.class,selector-dump,E7168D9DFFA64F044159CCE184CB1FD51D50FE451364D6783477EFFE14FE508C,47,com/maddox/il2/objects/air/Scheme1,True,FlightModels/Ta-183.fmd,com/maddox/il2/objects/air/TA_183,reference-only-buttons-not-extracted,com/maddox/il2/objects/air/CockpitTA_183,com/maddox/il2/objects/air/TA_183,,player-capable-static,3DO/Plane/Ta-183(Multi1)/hier.him,REVIEW,flight-model reference found; internal Buttons entry not yet verified
525,MXY-7-11,air.MXY_7,com/maddox/il2/objects/air/MXY_7,NOINFO,C:\Users\Alexis\DATA\Projets\GITHUB\IL2-1946-Open-Sturmovik\Files\F01C1D8A7B6E8EB2,loose,6586A98DDA3B55E6CFE95F12E224AB005FC50D730C2F93B785A767D052A6E474,47,com/maddox/il2/objects/air/Scheme2a,True,FlightModels/MXY-7-11.fmd,com/maddox/il2/objects/air/MXY_7,reference-only-buttons-not-extracted,com/maddox/il2/objects/air/CockpitMXY_7,com/maddox/il2/objects/air/MXY_7,,player-capable-static,3DO/Plane/MXY-7-11(Multi1)/hier.him,REVIEW,flight-model reference found; internal Buttons entry not yet verified
530,Durand_Yak-9T,air.YAK_9TALBERT,com/maddox/il2/objects/air/YAK_9TALBERT,NOINFO,C:\Users\Alexis\DATA\Projets\GITHUB\IL2-1946-Open-Sturmovik\Files\7B032D620DF0DB5E,loose,F62801F4CF0A42DCB7F71381378D9C20AFC8FE8CDE43864E8B38588EC40C7CDA,47,com/maddox/il2/objects/air/YAK_9TX,True,FlightModels/Yak-9T.fmd,com/maddox/il2/objects/air/YAK_9TALBERT,reference-only-buttons-not-extracted,com/maddox/il2/objects/air/CockpitYAK_9T,com/maddox/il2/objects/air/YAK_9TALBERT,,player-capable-static,3DO/Plane/Yak-9T(ofAlbert)/hier.him,REVIEW,flight-model reference found; internal Buttons entry not yet verified
531,Safonovs_I-16_24,air.I_16TYPE24SAFONOV,com/maddox/il2/objects/air/I_16TYPE24SAFONOV,NOINFO,C:\Users\Alexis\DATA\Projets\GITHUB\IL2-1946-Open-Sturmovik\Files\E52492383C32F12E,loose,29950831C55041AF986FD989CABBA80A470385898D531B382332BB618DC5F8CC,47,com/maddox/il2/objects/air/I_16,True,FlightModels/I-16type24(ofSafonov).fmd,com/maddox/il2/objects/air/I_16TYPE24SAFONOV,reference-only-buttons-not-extracted,com/maddox/il2/objects/air/CockpitI_16TYPE24,com/maddox/il2/objects/air/I_16TYPE24SAFONOV,,player-capable-static,3DO/Plane/I-16type24(ofSafonov)/hier.him,REVIEW,flight-model reference found; internal Buttons entry not yet verified
532,Pokryshkins_MiG-3,air.MIG_3POKRYSHKIN,com/maddox/il2/objects/air/MIG_3POKRYSHKIN,NOINFO,C:\Users\Alexis\DATA\Projets\GITHUB\IL2-1946-Open-Sturmovik\Files\1E712A4C231E010A,loose,291CFFEED118604303165ACAD51DB33B32864E9140D73348CE82F4A0D20B5D9A,47,com/maddox/il2/objects/air/MIG_3,True,FlightModels/MiG-3(ofPokryshkin).fmd,com/maddox/il2/objects/air/MIG_3POKRYSHKIN,reference-only-buttons-not-extracted,com/maddox/il2/objects/air/CockpitMIG_3,com/maddox/il2/objects/air/MIG_3POKRYSHKIN,,player-capable-static,3do/plane/MIG-3(ofPokryshkin)/hier.him,REVIEW,flight-model reference found; internal Buttons entry not yet verified
533,Pokryshkins_P-39N1,air.P_39NPOKRYSHKIN,com/maddox/il2/objects/air/P_39NPOKRYSHKIN,NOINFO,C:\Users\Alexis\DATA\Projets\GITHUB\IL2-1946-Open-Sturmovik\Files\01B43E2E982D67FC,loose,ED1015F4EE9CA9552A2392E4CF7478BE4E8695A77ACCF5C7BC5F5C7919977D0C,47,com/maddox/il2/objects/air/P_39,True,FlightModels/P-39N(ofPokryshkin).fmd,com/maddox/il2/objects/air/P_39NPOKRYSHKIN,reference-only-buttons-not-extracted,com/maddox/il2/objects/air/CockpitP_39N1,com/maddox/il2/objects/air/P_39NPOKRYSHKIN,,player-capable-static,3do/plane/P-39N(ofPokryshkin)/hier.him,REVIEW,flight-model reference found; internal Buttons entry not yet verified
534,Rechkalovs_P-39Q15,air.P_39Q15RECHKALOV,com/maddox/il2/objects/air/P_39Q15RECHKALOV,NOINFO,C:\Users\Alexis\DATA\Projets\GITHUB\IL2-1946-Open-Sturmovik\Files\36BFD696A07A3F0A,loose,9850C603F3E8908553712DC8C57F020DF2C86D8611EAD54BB74ADDC8B6057EB1,47,com/maddox/il2/objects/air/P_39,True,FlightModels/P-39Q-15(ofRechkalov).fmd,com/maddox/il2/objects/air/P_39Q15RECHKALOV,reference-only-buttons-not-extracted,com/maddox/il2/objects/air/CockpitP_39Q10,com/maddox/il2/objects/air/P_39Q15RECHKALOV,,player-capable-static,3do/plane/P-39Q-15(ofRechkalov)/hier.him,REVIEW,flight-model reference found; internal Buttons entry not yet verified
535,Kojedubs_La-7,air.LA_7KOJEDUB,com/maddox/il2/objects/air/LA_7KOJEDUB,NOINFO,C:\Users\Alexis\DATA\Projets\GITHUB\IL2-1946-Open-Sturmovik\Files\E9AC342C1F1C9CD2,loose,774C6BB7CFD5007F729E9CD2F4865B373507175F4E1039D61D5A2B677F1FE4AD,47,com/maddox/il2/objects/air/LA_X,True,FlightModels/La-7.fmd,com/maddox/il2/objects/air/LA_7KOJEDUB,reference-only-buttons-not-extracted,com/maddox/il2/objects/air/CockpitLA_7,com/maddox/il2/objects/air/LA_7KOJEDUB,,player-capable-static,3DO/Plane/La-7(ofKojedub)/hier.him,REVIEW,flight-model reference found; internal Buttons entry not yet verified
538,Graf_Bf-109G-6,air.BF_109G6GRAF,com/maddox/il2/objects/air/BF_109G6GRAF,NOINFO,C:\Users\Alexis\DATA\Projets\GITHUB\IL2-1946-Open-Sturmovik\Files\8ABAC59E260681AA,loose,CF4B833AD5191AC5A02313BA266B530E8A142F017B11236B868E7BAA81BCDBF9,47,com/maddox/il2/objects/air/BF_109,True,FlightModels/Bf-109G-6Early.fmd,com/maddox/il2/objects/air/BF_109G6GRAF,reference-only-buttons-not-extracted,com/maddox/il2/objects/air/CockpitBF_109G6,com/maddox/il2/objects/air/BF_109G6GRAF,,player-capable-static,3do/plane/Bf-109G-6Early(ofGraf)/hier.him,REVIEW,flight-model reference found; internal Buttons entry not yet verified
539,Hartmann_Bf-109G-6,air.BF_109G6HARTMANN,com/maddox/il2/objects/air/BF_109G6HARTMANN,NOINFO,C:\Users\Alexis\DATA\Projets\GITHUB\IL2-1946-Open-Sturmovik\Files\77114B7E16CCE2EE,loose,1BA9A96EB4DF60071E20A4132373EAB033C08075C442A6CD0DC7F4DDCCFA6898,47,com/maddox/il2/objects/air/BF_109,True,FlightModels/Bf-109G-6Early.fmd,com/maddox/il2/objects/air/BF_109G6HARTMANN,reference-only-buttons-not-extracted,com/maddox/il2/objects/air/CockpitBF_109G6,com/maddox/il2/objects/air/BF_109G6HARTMANN,,player-capable-static,3do/plane/Bf-109G-6Early(ofHartmann)/hier.him,REVIEW,flight-model reference found; internal Buttons entry not yet verified
540,Hans_Rudels_Ju-87G-2,air.JU_87G2RUDEL,com/maddox/il2/objects/air/JU_87G2RUDEL,NOINFO,C:\Users\Alexis\DATA\Projets\GITHUB\IL2-1946-Open-Sturmovik\Files\083A19B0C0305E4E,loose,D8E32147E3BBB9823ABA21E786E8B57DDAEB0B5BAC6BA3F540A7CEF6599D5735,47,com/maddox/il2/objects/air/JU_87,True,FlightModels/Ju-87G-2(ofRudel).fmd,com/maddox/il2/objects/air/JU_87G2RUDEL,reference-only-buttons-not-extracted,com/maddox/il2/objects/air/CockpitJU_87G2RUDEL | com/maddox/il2/objects/air/CockpitJU_87G2RUDEL_Gunner,com/maddox/il2/objects/air/JU_87G2RUDEL,,player-capable-static,3do/plane/Ju-87G-2(ofRudel)/hier.him,REVIEW,flight-model reference found; internal Buttons entry not yet verified
541,Heppes_Bf-109G-6,air.BF_109G6HEPPES,com/maddox/il2/objects/air/BF_109G6HEPPES,NOINFO,C:\Users\Alexis\DATA\Projets\GITHUB\IL2-1946-Open-Sturmovik\Files\CA90996217C28EDC,loose,AAA85AD02A14E42FB935A189F7174FD8E2A3936FF3733CF31B32D3E435675635,47,com/maddox/il2/objects/air/BF_109,True,FlightModels/Bf-109G-6Early.fmd,com/maddox/il2/objects/air/BF_109G6HEPPES,reference-only-buttons-not-extracted,com/maddox/il2/objects/air/CockpitBF_109G6,com/maddox/il2/objects/air/BF_109G6HEPPES,,player-capable-static,3DO/Plane/Bf-109G-6Early(ofHeppes)/hier.him,REVIEW,flight-model reference found; internal Buttons entry not yet verified
542,Kovacs_Bf-109G-6,air.BF_109G6KOVACS,com/maddox/il2/objects/air/BF_109G6KOVACS,NOINFO,C:\Users\Alexis\DATA\Projets\GITHUB\IL2-1946-Open-Sturmovik\Files\88002A4C3BA3EA10,loose,4D342594AB2C86E1D979B04D8C2B382EAA14235FAFE979A592906E75AAFCD17A,47,com/maddox/il2/objects/air/BF_109,True,FlightModels/Bf-109G-6Early.fmd,com/maddox/il2/objects/air/BF_109G6KOVACS,reference-only-buttons-not-extracted,com/maddox/il2/objects/air/CockpitBF_109G6,com/maddox/il2/objects/air/BF_109G6KOVACS,,player-capable-static,3do/plane/Bf-109G-6Early(ofKovacs)/hier.him,REVIEW,flight-model reference found; internal Buttons entry not yet verified
543,Molnar_Bf-109G-6,air.BF_109G6MOLNAR,com/maddox/il2/objects/air/BF_109G6MOLNAR,NOINFO,C:\Users\Alexis\DATA\Projets\GITHUB\IL2-1946-Open-Sturmovik\Files\9AD4BBF834E467E2,loose,362F5CFC099A74D03A323488F7C09A7A37FFE9AC274E89958269591F07C3B74F,47,com/maddox/il2/objects/air/BF_109,True,FlightModels/Bf-109G-6Early.fmd,com/maddox/il2/objects/air/BF_109G6MOLNAR,reference-only-buttons-not-extracted,com/maddox/il2/objects/air/CockpitBF_109G6,com/maddox/il2/objects/air/BF_109G6MOLNAR,,player-capable-static,3do/plane/Bf-109G-6Early(ofMolnar)/hier.him,REVIEW,flight-model reference found; internal Buttons entry not yet verified
544,Fabian_Bf-109G-10,air.BF_109G10FABIAN,com/maddox/il2/objects/air/BF_109G10FABIAN,NOINFO,C:\Users\Alexis\DATA\Projets\GITHUB\IL2-1946-Open-Sturmovik\Files\6408BC1AEAA2ABF0,loose,23BA5047D14B6F14CD6FA8F0E587F76C74E11CE53796CDCFB158BB01D673A3D5,47,com/maddox/il2/objects/air/BF_109,True,FlightModels/Bf-109G-10.fmd,com/maddox/il2/objects/air/BF_109G10FABIAN,reference-only-buttons-not-extracted,com/maddox/il2/objects/air/CockpitBF_109G10,com/maddox/il2/objects/air/BF_109G10FABIAN,,player-capable-static,3DO/Plane/Bf-109G-10(ofFabian)/hier.him,REVIEW,flight-model reference found; internal Buttons entry not yet verified
545,Nowotnys_Me-262A-1a,air.ME_262A1ANOWOTNY,com/maddox/il2/objects/air/ME_262A1ANOWOTNY,NOINFO,C:\Users\Alexis\DATA\Projets\GITHUB\IL2-1946-Open-Sturmovik\Files\7535906CF3E5B9D0,loose,03D5D92CB110C72C3F92554B77961B18B8AE1D6BFDBC47A58621A998C601733C,47,com/maddox/il2/objects/air/ME_262,True,FlightModels/Me-262(ofNowotny).fmd,com/maddox/il2/objects/air/ME_262A1ANOWOTNY,reference-only-buttons-not-extracted,com/maddox/il2/objects/air/CockpitME_262,com/maddox/il2/objects/air/ME_262A1ANOWOTNY,,player-capable-static,3DO/Plane/Me-262A-1a(ofNowotny)/hier.him,REVIEW,flight-model reference found; internal Buttons entry not yet verified
